-- MySQL dump 10.13  Distrib 8.4.0, for Linux (x86_64)
--
-- Host: db    Database: docker_horesdb
-- ------------------------------------------------------
-- Server version	8.4.0

/*!40101 SET @OLD_CHARACTER_SET_CLIENT=@@CHARACTER_SET_CLIENT */;
/*!40101 SET @OLD_CHARACTER_SET_RESULTS=@@CHARACTER_SET_RESULTS */;
/*!40101 SET @OLD_COLLATION_CONNECTION=@@COLLATION_CONNECTION */;
/*!50503 SET NAMES utf8mb4 */;
/*!40103 SET @OLD_TIME_ZONE=@@TIME_ZONE */;
/*!40103 SET TIME_ZONE='+00:00' */;
/*!40014 SET @OLD_UNIQUE_CHECKS=@@UNIQUE_CHECKS, UNIQUE_CHECKS=0 */;
/*!40014 SET @OLD_FOREIGN_KEY_CHECKS=@@FOREIGN_KEY_CHECKS, FOREIGN_KEY_CHECKS=0 */;
/*!40101 SET @OLD_SQL_MODE=@@SQL_MODE, SQL_MODE='NO_AUTO_VALUE_ON_ZERO' */;
/*!40111 SET @OLD_SQL_NOTES=@@SQL_NOTES, SQL_NOTES=0 */;

--
-- Table structure for table `admin_interface_theme`
--

DROP TABLE IF EXISTS `admin_interface_theme`;
/*!40101 SET @saved_cs_client     = @@character_set_client */;
/*!50503 SET character_set_client = utf8mb4 */;
CREATE TABLE `admin_interface_theme` (
  `id` int NOT NULL AUTO_INCREMENT,
  `name` varchar(50) NOT NULL,
  `active` tinyint(1) NOT NULL,
  `title` varchar(50) NOT NULL,
  `title_visible` tinyint(1) NOT NULL,
  `logo` varchar(100) NOT NULL,
  `logo_visible` tinyint(1) NOT NULL,
  `css_header_background_color` varchar(10) NOT NULL,
  `title_color` varchar(10) NOT NULL,
  `css_header_text_color` varchar(10) NOT NULL,
  `css_header_link_color` varchar(10) NOT NULL,
  `css_header_link_hover_color` varchar(10) NOT NULL,
  `css_module_background_color` varchar(10) NOT NULL,
  `css_module_text_color` varchar(10) NOT NULL,
  `css_module_link_color` varchar(10) NOT NULL,
  `css_module_link_hover_color` varchar(10) NOT NULL,
  `css_module_rounded_corners` tinyint(1) NOT NULL,
  `css_generic_link_color` varchar(10) NOT NULL,
  `css_generic_link_hover_color` varchar(10) NOT NULL,
  `css_save_button_background_color` varchar(10) NOT NULL,
  `css_save_button_background_hover_color` varchar(10) NOT NULL,
  `css_save_button_text_color` varchar(10) NOT NULL,
  `css_delete_button_background_color` varchar(10) NOT NULL,
  `css_delete_button_background_hover_color` varchar(10) NOT NULL,
  `css_delete_button_text_color` varchar(10) NOT NULL,
  `list_filter_dropdown` tinyint(1) NOT NULL,
  `related_modal_active` tinyint(1) NOT NULL,
  `related_modal_background_color` varchar(10) NOT NULL,
  `related_modal_rounded_corners` tinyint(1) NOT NULL,
  `logo_color` varchar(10) NOT NULL,
  `recent_actions_visible` tinyint(1) NOT NULL,
  `favicon` varchar(100) NOT NULL,
  `related_modal_background_opacity` varchar(5) NOT NULL,
  `env_name` varchar(50) NOT NULL,
  `env_visible_in_header` tinyint(1) NOT NULL,
  `env_color` varchar(10) NOT NULL,
  `env_visible_in_favicon` tinyint(1) NOT NULL,
  `related_modal_close_button_visible` tinyint(1) NOT NULL,
  `language_chooser_active` tinyint(1) NOT NULL,
  `language_chooser_display` varchar(10) NOT NULL,
  `list_filter_sticky` tinyint(1) NOT NULL,
  `form_pagination_sticky` tinyint(1) NOT NULL,
  `form_submit_sticky` tinyint(1) NOT NULL,
  `css_module_background_selected_color` varchar(10) NOT NULL,
  `css_module_link_selected_color` varchar(10) NOT NULL,
  `logo_max_height` smallint unsigned NOT NULL,
  `logo_max_width` smallint unsigned NOT NULL,
  `foldable_apps` tinyint(1) NOT NULL,
  `language_chooser_control` varchar(20) NOT NULL,
  `list_filter_highlight` tinyint(1) NOT NULL,
  `list_filter_removal_links` tinyint(1) NOT NULL,
  `show_fieldsets_as_tabs` tinyint(1) NOT NULL,
  `show_inlines_as_tabs` tinyint(1) NOT NULL,
  `css_generic_link_active_color` varchar(10) NOT NULL,
  `collapsible_stacked_inlines` tinyint(1) NOT NULL,
  `collapsible_stacked_inlines_collapsed` tinyint(1) NOT NULL,
  `collapsible_tabular_inlines` tinyint(1) NOT NULL,
  `collapsible_tabular_inlines_collapsed` tinyint(1) NOT NULL,
  PRIMARY KEY (`id`),
  UNIQUE KEY `admin_interface_theme_name_30bda70f_uniq` (`name`),
  CONSTRAINT `admin_interface_theme_chk_1` CHECK ((`logo_max_height` >= 0)),
  CONSTRAINT `admin_interface_theme_chk_2` CHECK ((`logo_max_width` >= 0))
) ENGINE=InnoDB AUTO_INCREMENT=3 DEFAULT CHARSET=utf8mb4 COLLATE=utf8mb4_0900_ai_ci;
/*!40101 SET character_set_client = @saved_cs_client */;

--
-- Dumping data for table `admin_interface_theme`
--

LOCK TABLES `admin_interface_theme` WRITE;
/*!40000 ALTER TABLE `admin_interface_theme` DISABLE KEYS */;
INSERT INTO `admin_interface_theme` VALUES (1,'Django',0,'Administración de Django',1,'',1,'#0C4B33','#F5DD5D','#44B78B','#FFFFFF','#C9F0DD','#44B78B','#FFFFFF','#FFFFFF','#C9F0DD',1,'#0C3C26','#156641','#0C4B33','#0C3C26','#FFFFFF','#BA2121','#A41515','#FFFFFF',1,1,'#000000',1,'#FFFFFF',1,'','0.3','',1,'#E74C3C',1,1,1,'code',1,0,0,'#FFFFCC','#FFFFFF',100,400,1,'default-select',1,0,0,0,'#29B864',0,1,0,1),(2,'HORES',1,'Administración HORES',1,'admin-interface/logo/logo.png',1,'#FFFFFF','#000000','#000000','#000000','#F08700','#E67E22','#FFFFFF','#FFFFFF','#C9F0DD',1,'#092C1C','#156641','#0C4B33','#0C3C26','#FFFFFF','#BA2121','#A41515','#FFFFFF',1,1,'#000000',1,'#FFB011',1,'','0.3','HORES',1,'#E79E35',1,1,1,'code',1,1,1,'#FFFFCC','#FFFFFF',100,400,1,'default-select',1,0,0,0,'#29B864',0,1,0,1);
/*!40000 ALTER TABLE `admin_interface_theme` ENABLE KEYS */;
UNLOCK TABLES;

--
-- Table structure for table `auth_group`
--

DROP TABLE IF EXISTS `auth_group`;
/*!40101 SET @saved_cs_client     = @@character_set_client */;
/*!50503 SET character_set_client = utf8mb4 */;
CREATE TABLE `auth_group` (
  `id` int NOT NULL AUTO_INCREMENT,
  `name` varchar(150) NOT NULL,
  PRIMARY KEY (`id`),
  UNIQUE KEY `name` (`name`)
) ENGINE=InnoDB AUTO_INCREMENT=2 DEFAULT CHARSET=utf8mb4 COLLATE=utf8mb4_0900_ai_ci;
/*!40101 SET character_set_client = @saved_cs_client */;

--
-- Dumping data for table `auth_group`
--

LOCK TABLES `auth_group` WRITE;
/*!40000 ALTER TABLE `auth_group` DISABLE KEYS */;
INSERT INTO `auth_group` VALUES (1,'Hores');
/*!40000 ALTER TABLE `auth_group` ENABLE KEYS */;
UNLOCK TABLES;

--
-- Table structure for table `auth_group_permissions`
--

DROP TABLE IF EXISTS `auth_group_permissions`;
/*!40101 SET @saved_cs_client     = @@character_set_client */;
/*!50503 SET character_set_client = utf8mb4 */;
CREATE TABLE `auth_group_permissions` (
  `id` bigint NOT NULL AUTO_INCREMENT,
  `group_id` int NOT NULL,
  `permission_id` int NOT NULL,
  PRIMARY KEY (`id`),
  UNIQUE KEY `auth_group_permissions_group_id_permission_id_0cd325b0_uniq` (`group_id`,`permission_id`),
  KEY `auth_group_permissio_permission_id_84c5c92e_fk_auth_perm` (`permission_id`),
  CONSTRAINT `auth_group_permissio_permission_id_84c5c92e_fk_auth_perm` FOREIGN KEY (`permission_id`) REFERENCES `auth_permission` (`id`),
  CONSTRAINT `auth_group_permissions_group_id_b120cbf9_fk_auth_group_id` FOREIGN KEY (`group_id`) REFERENCES `auth_group` (`id`)
) ENGINE=InnoDB AUTO_INCREMENT=61 DEFAULT CHARSET=utf8mb4 COLLATE=utf8mb4_0900_ai_ci;
/*!40101 SET character_set_client = @saved_cs_client */;

--
-- Dumping data for table `auth_group_permissions`
--

LOCK TABLES `auth_group_permissions` WRITE;
/*!40000 ALTER TABLE `auth_group_permissions` DISABLE KEYS */;
INSERT INTO `auth_group_permissions` VALUES (1,1,53),(2,1,54),(4,1,56),(5,1,57),(6,1,58),(7,1,59),(8,1,60),(9,1,69),(10,1,70),(11,1,71),(12,1,72),(13,1,81),(14,1,82),(15,1,83),(16,1,84),(17,1,85),(18,1,86),(19,1,87),(20,1,88),(21,1,89),(22,1,90),(23,1,91),(24,1,92),(25,1,93),(26,1,94),(27,1,95),(28,1,96),(29,1,97),(30,1,98),(31,1,99),(32,1,100),(33,1,101),(34,1,102),(35,1,103),(36,1,104),(37,1,105),(38,1,106),(39,1,107),(40,1,108),(41,1,109),(42,1,110),(43,1,111),(44,1,112),(45,1,113),(46,1,114),(47,1,115),(48,1,116),(49,1,117),(50,1,118),(51,1,119),(52,1,120),(53,1,121),(54,1,122),(55,1,123),(56,1,124),(58,1,125),(59,1,126),(60,1,127),(57,1,128);
/*!40000 ALTER TABLE `auth_group_permissions` ENABLE KEYS */;
UNLOCK TABLES;

--
-- Table structure for table `auth_permission`
--

DROP TABLE IF EXISTS `auth_permission`;
/*!40101 SET @saved_cs_client     = @@character_set_client */;
/*!50503 SET character_set_client = utf8mb4 */;
CREATE TABLE `auth_permission` (
  `id` int NOT NULL AUTO_INCREMENT,
  `name` varchar(255) NOT NULL,
  `content_type_id` int NOT NULL,
  `codename` varchar(100) NOT NULL,
  PRIMARY KEY (`id`),
  UNIQUE KEY `auth_permission_content_type_id_codename_01ab375a_uniq` (`content_type_id`,`codename`),
  CONSTRAINT `auth_permission_content_type_id_2f476e4b_fk_django_co` FOREIGN KEY (`content_type_id`) REFERENCES `django_content_type` (`id`)
) ENGINE=InnoDB AUTO_INCREMENT=193 DEFAULT CHARSET=utf8mb4 COLLATE=utf8mb4_0900_ai_ci;
/*!40101 SET character_set_client = @saved_cs_client */;

--
-- Dumping data for table `auth_permission`
--

LOCK TABLES `auth_permission` WRITE;
/*!40000 ALTER TABLE `auth_permission` DISABLE KEYS */;
INSERT INTO `auth_permission` VALUES (1,'Can add log entry',1,'add_logentry'),(2,'Can change log entry',1,'change_logentry'),(3,'Can delete log entry',1,'delete_logentry'),(4,'Can view log entry',1,'view_logentry'),(5,'Can add permission',2,'add_permission'),(6,'Can change permission',2,'change_permission'),(7,'Can delete permission',2,'delete_permission'),(8,'Can view permission',2,'view_permission'),(9,'Can add group',3,'add_group'),(10,'Can change group',3,'change_group'),(11,'Can delete group',3,'delete_group'),(12,'Can view group',3,'view_group'),(13,'Can add user',4,'add_user'),(14,'Can change user',4,'change_user'),(15,'Can delete user',4,'delete_user'),(16,'Can view user',4,'view_user'),(17,'Can add content type',5,'add_contenttype'),(18,'Can change content type',5,'change_contenttype'),(19,'Can delete content type',5,'delete_contenttype'),(20,'Can view content type',5,'view_contenttype'),(21,'Can add session',6,'add_session'),(22,'Can change session',6,'change_session'),(23,'Can delete session',6,'delete_session'),(24,'Can view session',6,'view_session'),(25,'Can add admin',7,'add_admin'),(26,'Can change admin',7,'change_admin'),(27,'Can delete admin',7,'delete_admin'),(28,'Can view admin',7,'view_admin'),(29,'Can add horas mensual',8,'add_horasmensual'),(30,'Can change horas mensual',8,'change_horasmensual'),(31,'Can delete horas mensual',8,'delete_horasmensual'),(32,'Can view horas mensual',8,'view_horasmensual'),(33,'Can add operario',9,'add_operario'),(34,'Can change operario',9,'change_operario'),(35,'Can delete operario',9,'delete_operario'),(36,'Can view operario',9,'view_operario'),(37,'Can add entrada tra',10,'add_entradatra'),(38,'Can change entrada tra',10,'change_entradatra'),(39,'Can delete entrada tra',10,'delete_entradatra'),(40,'Can view entrada tra',10,'view_entradatra'),(41,'Can add entrada',11,'add_entrada'),(42,'Can change entrada',11,'change_entrada'),(43,'Can delete entrada',11,'delete_entrada'),(44,'Can view entrada',11,'view_entrada'),(45,'Can add salida',12,'add_salida'),(46,'Can change salida',12,'change_salida'),(47,'Can delete salida',12,'delete_salida'),(48,'Can view salida',12,'view_salida'),(49,'Can add salida tra',13,'add_salidatra'),(50,'Can change salida tra',13,'change_salidatra'),(51,'Can delete salida tra',13,'delete_salidatra'),(52,'Can view salida tra',13,'view_salidatra'),(53,'Can add operario',14,'add_operario'),(54,'Can change operario',14,'change_operario'),(55,'Can delete operario',14,'delete_operario'),(56,'Can view operario',14,'view_operario'),(57,'Can add entrada',15,'add_entrada'),(58,'Can change entrada',15,'change_entrada'),(59,'Can delete entrada',15,'delete_entrada'),(60,'Can view entrada',15,'view_entrada'),(61,'Can add salida tra',16,'add_salidatra'),(62,'Can change salida tra',16,'change_salidatra'),(63,'Can delete salida tra',16,'delete_salidatra'),(64,'Can view salida tra',16,'view_salidatra'),(65,'Can add entrada tra',17,'add_entradatra'),(66,'Can change entrada tra',17,'change_entradatra'),(67,'Can delete entrada tra',17,'delete_entradatra'),(68,'Can view entrada tra',17,'view_entradatra'),(69,'Can add salida',18,'add_salida'),(70,'Can change salida',18,'change_salida'),(71,'Can delete salida',18,'delete_salida'),(72,'Can view salida',18,'view_salida'),(73,'Can add horas mensual',19,'add_horasmensual'),(74,'Can change horas mensual',19,'change_horasmensual'),(75,'Can delete horas mensual',19,'delete_horasmensual'),(76,'Can view horas mensual',19,'view_horasmensual'),(77,'Can add admin',20,'add_admin'),(78,'Can change admin',20,'change_admin'),(79,'Can delete admin',20,'delete_admin'),(80,'Can view admin',20,'view_admin'),(81,'Can add registro diario',21,'add_registrodiario'),(82,'Can change registro diario',21,'change_registrodiario'),(83,'Can delete registro diario',21,'delete_registrodiario'),(84,'Can view registro diario',21,'view_registrodiario'),(85,'Can add entrada_transitoria',22,'add_entrada_transitoria'),(86,'Can change entrada_transitoria',22,'change_entrada_transitoria'),(87,'Can delete entrada_transitoria',22,'delete_entrada_transitoria'),(88,'Can view entrada_transitoria',22,'view_entrada_transitoria'),(89,'Can add licencias',23,'add_licencias'),(90,'Can change licencias',23,'change_licencias'),(91,'Can delete licencias',23,'delete_licencias'),(92,'Can view licencias',23,'view_licencias'),(93,'Can add salida_transitoria',24,'add_salida_transitoria'),(94,'Can change salida_transitoria',24,'change_salida_transitoria'),(95,'Can delete salida_transitoria',24,'delete_salida_transitoria'),(96,'Can view salida_transitoria',24,'view_salida_transitoria'),(97,'Can add horas_feriado',25,'add_horas_feriado'),(98,'Can change horas_feriado',25,'change_horas_feriado'),(99,'Can delete horas_feriado',25,'delete_horas_feriado'),(100,'Can view horas_feriado',25,'view_horas_feriado'),(101,'Can add horas_trabajadas',26,'add_horas_trabajadas'),(102,'Can change horas_trabajadas',26,'change_horas_trabajadas'),(103,'Can delete horas_trabajadas',26,'delete_horas_trabajadas'),(104,'Can view horas_trabajadas',26,'view_horas_trabajadas'),(105,'Can add horas_extras',27,'add_horas_extras'),(106,'Can change horas_extras',27,'change_horas_extras'),(107,'Can delete horas_extras',27,'delete_horas_extras'),(108,'Can view horas_extras',27,'view_horas_extras'),(109,'Can add horas_totales',28,'add_horas_totales'),(110,'Can change horas_totales',28,'change_horas_totales'),(111,'Can delete horas_totales',28,'delete_horas_totales'),(112,'Can view horas_totales',28,'view_horas_totales'),(113,'Can add area',29,'add_area'),(114,'Can change area',29,'change_area'),(115,'Can delete area',29,'delete_area'),(116,'Can view area',29,'view_area'),(117,'Can add horario',30,'add_horario'),(118,'Can change horario',30,'change_horario'),(119,'Can delete horario',30,'delete_horario'),(120,'Can view horario',30,'view_horario'),(121,'Can add licencia',31,'add_licencia'),(122,'Can change licencia',31,'change_licencia'),(123,'Can delete licencia',31,'delete_licencia'),(124,'Can view licencia',31,'view_licencia'),(125,'Can add registro asistencia',32,'add_registroasistencia'),(126,'Can change registro asistencia',32,'change_registroasistencia'),(127,'Can delete registro asistencia',32,'delete_registroasistencia'),(128,'Can view registro asistencia',32,'view_registroasistencia'),(129,'Can add crontab',33,'add_crontabschedule'),(130,'Can change crontab',33,'change_crontabschedule'),(131,'Can delete crontab',33,'delete_crontabschedule'),(132,'Can view crontab',33,'view_crontabschedule'),(133,'Can add interval',34,'add_intervalschedule'),(134,'Can change interval',34,'change_intervalschedule'),(135,'Can delete interval',34,'delete_intervalschedule'),(136,'Can view interval',34,'view_intervalschedule'),(137,'Can add periodic task',35,'add_periodictask'),(138,'Can change periodic task',35,'change_periodictask'),(139,'Can delete periodic task',35,'delete_periodictask'),(140,'Can view periodic task',35,'view_periodictask'),(141,'Can add periodic task track',36,'add_periodictasks'),(142,'Can change periodic task track',36,'change_periodictasks'),(143,'Can delete periodic task track',36,'delete_periodictasks'),(144,'Can view periodic task track',36,'view_periodictasks'),(145,'Can add solar event',37,'add_solarschedule'),(146,'Can change solar event',37,'change_solarschedule'),(147,'Can delete solar event',37,'delete_solarschedule'),(148,'Can view solar event',37,'view_solarschedule'),(149,'Can add clocked',38,'add_clockedschedule'),(150,'Can change clocked',38,'change_clockedschedule'),(151,'Can delete clocked',38,'delete_clockedschedule'),(152,'Can view clocked',38,'view_clockedschedule'),(153,'Can add task result',39,'add_taskresult'),(154,'Can change task result',39,'change_taskresult'),(155,'Can delete task result',39,'delete_taskresult'),(156,'Can view task result',39,'view_taskresult'),(157,'Can add chord counter',40,'add_chordcounter'),(158,'Can change chord counter',40,'change_chordcounter'),(159,'Can delete chord counter',40,'delete_chordcounter'),(160,'Can view chord counter',40,'view_chordcounter'),(161,'Can add group result',41,'add_groupresult'),(162,'Can change group result',41,'change_groupresult'),(163,'Can delete group result',41,'delete_groupresult'),(164,'Can view group result',41,'view_groupresult'),(165,'Can add Theme',42,'add_theme'),(166,'Can change Theme',42,'change_theme'),(167,'Can delete Theme',42,'delete_theme'),(168,'Can view Theme',42,'view_theme'),(169,'Can add display field',43,'add_displayfield'),(170,'Can change display field',43,'change_displayfield'),(171,'Can delete display field',43,'delete_displayfield'),(172,'Can view display field',43,'view_displayfield'),(173,'Can add filter field',44,'add_filterfield'),(174,'Can change filter field',44,'change_filterfield'),(175,'Can delete filter field',44,'delete_filterfield'),(176,'Can view filter field',44,'view_filterfield'),(177,'Can add format',45,'add_format'),(178,'Can change format',45,'change_format'),(179,'Can delete format',45,'delete_format'),(180,'Can view format',45,'view_format'),(181,'Can add report',46,'add_report'),(182,'Can change report',46,'change_report'),(183,'Can delete report',46,'delete_report'),(184,'Can view report',46,'view_report'),(185,'Can add historical operario',47,'add_historicaloperario'),(186,'Can change historical operario',47,'change_historicaloperario'),(187,'Can delete historical operario',47,'delete_historicaloperario'),(188,'Can view historical operario',47,'view_historicaloperario'),(189,'Can add historical registro diario',48,'add_historicalregistrodiario'),(190,'Can change historical registro diario',48,'change_historicalregistrodiario'),(191,'Can delete historical registro diario',48,'delete_historicalregistrodiario'),(192,'Can view historical registro diario',48,'view_historicalregistrodiario');
/*!40000 ALTER TABLE `auth_permission` ENABLE KEYS */;
UNLOCK TABLES;

--
-- Table structure for table `auth_user`
--

DROP TABLE IF EXISTS `auth_user`;
/*!40101 SET @saved_cs_client     = @@character_set_client */;
/*!50503 SET character_set_client = utf8mb4 */;
CREATE TABLE `auth_user` (
  `id` int NOT NULL AUTO_INCREMENT,
  `password` varchar(128) NOT NULL,
  `last_login` datetime(6) DEFAULT NULL,
  `is_superuser` tinyint(1) NOT NULL,
  `username` varchar(150) NOT NULL,
  `first_name` varchar(150) NOT NULL,
  `last_name` varchar(150) NOT NULL,
  `email` varchar(254) NOT NULL,
  `is_staff` tinyint(1) NOT NULL,
  `is_active` tinyint(1) NOT NULL,
  `date_joined` datetime(6) NOT NULL,
  PRIMARY KEY (`id`),
  UNIQUE KEY `username` (`username`)
) ENGINE=InnoDB AUTO_INCREMENT=6 DEFAULT CHARSET=utf8mb4 COLLATE=utf8mb4_0900_ai_ci;
/*!40101 SET character_set_client = @saved_cs_client */;

--
-- Dumping data for table `auth_user`
--

LOCK TABLES `auth_user` WRITE;
/*!40000 ALTER TABLE `auth_user` DISABLE KEYS */;
INSERT INTO `auth_user` VALUES (1,'pbkdf2_sha256$720000$Kfg5ADqwZ22aqrNVkNVXde$aaoV7YvDjbYQf16bNduzgNjiOu73cs5GM34vGnjWzR0=','2024-08-28 09:32:35.820235',1,'Sistemas','','','sistemas.hores@gmail.com',1,1,'2024-08-06 15:54:24.867285'),(2,'pbkdf2_sha256$870000$Nme8D2hdezF0FLJXtM5l8b$oRa86YSgdXeDKBDSGLsHTqTZtgdASjmmVZLaUbYv3go=','2024-12-14 11:39:15.456014',1,'Leandro','','','leandropizarro3996@hotmail.com',1,1,'2024-08-08 11:25:02.000000'),(4,'pbkdf2_sha256$720000$BmaYLYVwR0Kt5PgNLiamea$0LU7aPsr4kgjkLhwMnryj0mxOrfpC6amWUPyegCXz+A=','2024-09-12 08:20:14.691171',0,'Hores','','','',1,1,'2024-08-20 12:55:10.000000'),(5,'pbkdf2_sha256$720000$SOQ9FsGyDRMcFsCv2niviy$k0YTAvndTbrG4DVfyNEzH4D8hAs+RyNhnhSrEQHt0g4=','2024-10-30 10:22:31.000000',1,'Rafael','','','',1,1,'2024-10-30 10:20:50.000000');
/*!40000 ALTER TABLE `auth_user` ENABLE KEYS */;
UNLOCK TABLES;

--
-- Table structure for table `auth_user_groups`
--

DROP TABLE IF EXISTS `auth_user_groups`;
/*!40101 SET @saved_cs_client     = @@character_set_client */;
/*!50503 SET character_set_client = utf8mb4 */;
CREATE TABLE `auth_user_groups` (
  `id` bigint NOT NULL AUTO_INCREMENT,
  `user_id` int NOT NULL,
  `group_id` int NOT NULL,
  PRIMARY KEY (`id`),
  UNIQUE KEY `auth_user_groups_user_id_group_id_94350c0c_uniq` (`user_id`,`group_id`),
  KEY `auth_user_groups_group_id_97559544_fk_auth_group_id` (`group_id`),
  CONSTRAINT `auth_user_groups_group_id_97559544_fk_auth_group_id` FOREIGN KEY (`group_id`) REFERENCES `auth_group` (`id`),
  CONSTRAINT `auth_user_groups_user_id_6a12ed8b_fk_auth_user_id` FOREIGN KEY (`user_id`) REFERENCES `auth_user` (`id`)
) ENGINE=InnoDB AUTO_INCREMENT=3 DEFAULT CHARSET=utf8mb4 COLLATE=utf8mb4_0900_ai_ci;
/*!40101 SET character_set_client = @saved_cs_client */;

--
-- Dumping data for table `auth_user_groups`
--

LOCK TABLES `auth_user_groups` WRITE;
/*!40000 ALTER TABLE `auth_user_groups` DISABLE KEYS */;
INSERT INTO `auth_user_groups` VALUES (1,4,1),(2,5,1);
/*!40000 ALTER TABLE `auth_user_groups` ENABLE KEYS */;
UNLOCK TABLES;

--
-- Table structure for table `auth_user_user_permissions`
--

DROP TABLE IF EXISTS `auth_user_user_permissions`;
/*!40101 SET @saved_cs_client     = @@character_set_client */;
/*!50503 SET character_set_client = utf8mb4 */;
CREATE TABLE `auth_user_user_permissions` (
  `id` bigint NOT NULL AUTO_INCREMENT,
  `user_id` int NOT NULL,
  `permission_id` int NOT NULL,
  PRIMARY KEY (`id`),
  UNIQUE KEY `auth_user_user_permissions_user_id_permission_id_14a6b632_uniq` (`user_id`,`permission_id`),
  KEY `auth_user_user_permi_permission_id_1fbb5f2c_fk_auth_perm` (`permission_id`),
  CONSTRAINT `auth_user_user_permi_permission_id_1fbb5f2c_fk_auth_perm` FOREIGN KEY (`permission_id`) REFERENCES `auth_permission` (`id`),
  CONSTRAINT `auth_user_user_permissions_user_id_a95ead1b_fk_auth_user_id` FOREIGN KEY (`user_id`) REFERENCES `auth_user` (`id`)
) ENGINE=InnoDB AUTO_INCREMENT=73 DEFAULT CHARSET=utf8mb4 COLLATE=utf8mb4_0900_ai_ci;
/*!40101 SET character_set_client = @saved_cs_client */;

--
-- Dumping data for table `auth_user_user_permissions`
--

LOCK TABLES `auth_user_user_permissions` WRITE;
/*!40000 ALTER TABLE `auth_user_user_permissions` DISABLE KEYS */;
/*!40000 ALTER TABLE `auth_user_user_permissions` ENABLE KEYS */;
UNLOCK TABLES;

--
-- Table structure for table `django_admin_log`
--

DROP TABLE IF EXISTS `django_admin_log`;
/*!40101 SET @saved_cs_client     = @@character_set_client */;
/*!50503 SET character_set_client = utf8mb4 */;
CREATE TABLE `django_admin_log` (
  `id` int NOT NULL AUTO_INCREMENT,
  `action_time` datetime(6) NOT NULL,
  `object_id` longtext,
  `object_repr` varchar(200) NOT NULL,
  `action_flag` smallint unsigned NOT NULL,
  `change_message` longtext NOT NULL,
  `content_type_id` int DEFAULT NULL,
  `user_id` int NOT NULL,
  PRIMARY KEY (`id`),
  KEY `django_admin_log_content_type_id_c4bce8eb_fk_django_co` (`content_type_id`),
  KEY `django_admin_log_user_id_c564eba6_fk_auth_user_id` (`user_id`),
  CONSTRAINT `django_admin_log_content_type_id_c4bce8eb_fk_django_co` FOREIGN KEY (`content_type_id`) REFERENCES `django_content_type` (`id`),
  CONSTRAINT `django_admin_log_user_id_c564eba6_fk_auth_user_id` FOREIGN KEY (`user_id`) REFERENCES `auth_user` (`id`),
  CONSTRAINT `django_admin_log_chk_1` CHECK ((`action_flag` >= 0))
) ENGINE=InnoDB AUTO_INCREMENT=2697 DEFAULT CHARSET=utf8mb4 COLLATE=utf8mb4_0900_ai_ci;
/*!40101 SET character_set_client = @saved_cs_client */;

--
-- Dumping data for table `django_admin_log`
--

LOCK TABLES `django_admin_log` WRITE;
/*!40000 ALTER TABLE `django_admin_log` DISABLE KEYS */;
INSERT INTO `django_admin_log` VALUES (1,'2024-08-14 12:08:29.221739','3','Rafael',1,'[{\"added\": {}}]',4,1),(2,'2024-08-14 12:09:00.429186','3','Rafael',2,'[]',4,1),(3,'2024-08-14 12:10:37.338789','2','Rafael L Lerda',1,'[{\"added\": {}}]',14,1),(4,'2024-08-14 12:10:46.944962','2','Rafael Lerda',2,'[{\"changed\": {\"fields\": [\"Nombre\"]}}]',14,1),(5,'2024-08-14 09:21:20.543268','3','Rafael',2,'[{\"changed\": {\"fields\": [\"Staff status\"]}}]',4,2),(6,'2024-08-14 10:33:06.809515','30','Leandro Pizarro - entrada - 2024-08-14 10:32:30.773228',3,'',21,2),(7,'2024-08-14 10:33:06.812024','29','Leandro Pizarro - entrada - 2024-08-14 10:32:11.687870',3,'',21,2),(8,'2024-08-14 10:33:06.813046','28','Leandro Pizarro - salida - 2024-08-14 10:31:32.650500',3,'',21,2),(9,'2024-08-14 10:33:06.814052','27','Leandro Pizarro - entrada_transitoria - 2024-08-14 10:31:27.515721',3,'',21,2),(10,'2024-08-14 10:33:06.816051','26','Leandro Pizarro - salida_transitoria - 2024-08-14 10:31:22.087002',3,'',21,2),(11,'2024-08-14 10:33:06.818053','25','Leandro Pizarro - entrada - 2024-08-14 10:31:12.593099',3,'',21,2),(12,'2024-08-14 10:33:06.819052','24','Leandro Pizarro - salida_transitoria - 2024-08-14 10:26:11.895518',3,'',21,2),(13,'2024-08-14 10:33:06.820051','23','Leandro Pizarro - entrada - 2024-08-14 10:25:47.916273',3,'',21,2),(14,'2024-08-14 10:33:06.821051','22','Leandro Pizarro - entrada - 2024-08-14 10:25:40.904261',3,'',21,2),(15,'2024-08-14 10:33:06.822052','21','Leandro Pizarro - entrada - 2024-08-14 10:24:59.662822',3,'',21,2),(16,'2024-08-14 10:33:06.823069','20','Leandro Pizarro - salida - 2024-08-14 10:24:48.261817',3,'',21,2),(17,'2024-08-14 10:33:06.824069','19','Leandro Pizarro - salida - 2024-08-14 09:49:25.353958',3,'',21,2),(18,'2024-08-14 10:33:06.825069','18','Leandro Pizarro - salida - 2024-08-14 09:48:52.638987',3,'',21,2),(19,'2024-08-14 10:33:06.827069','17','Leandro Pizarro - entrada_transitoria - 2024-08-14 09:48:48.461686',3,'',21,2),(20,'2024-08-14 10:33:06.828069','16','Leandro Pizarro - salida_transitoria - 2024-08-14 09:48:42.693621',3,'',21,2),(21,'2024-08-14 10:33:06.829069','15','Leandro Pizarro - entrada - 2024-08-14 09:48:28.827604',3,'',21,2),(22,'2024-08-14 10:33:06.830069','14','Leandro Pizarro - entrada - 2024-08-14 09:18:05.754533',3,'',21,2),(23,'2024-08-14 10:33:06.831070','13','Leandro Pizarro - entrada - 2024-08-14 12:17:01.737130',3,'',21,2),(24,'2024-08-14 10:33:06.832668','12','Rafael Lerda - entrada_transitoria - 2024-08-14 12:12:04.680314',3,'',21,2),(25,'2024-08-14 10:33:06.833674','11','Rafael Lerda - salida_transitoria - 2024-08-14 12:11:37.780331',3,'',21,2),(26,'2024-08-14 10:33:06.834674','10','Rafael Lerda - entrada - 2024-08-14 12:11:02.148706',3,'',21,2),(27,'2024-08-14 10:33:06.836675','9','Leandro Pizarro - salida_transitoria - 2024-08-14 11:53:03.147917',3,'',21,2),(28,'2024-08-14 10:33:06.837673','8','Leandro Pizarro - entrada - 2024-08-14 11:45:43.166229',3,'',21,2),(29,'2024-08-14 10:33:06.838673','7','Leandro Pizarro - entrada - 2024-08-14 11:45:37.677771',3,'',21,2),(30,'2024-08-14 10:33:06.839674','6','Leandro Pizarro - entrada - 2024-08-14 11:45:31.548378',3,'',21,2),(31,'2024-08-14 10:33:06.840673','5','Leandro Pizarro - entrada - 2024-08-14 11:40:28.896680',3,'',21,2),(32,'2024-08-14 10:33:06.842177','4','Leandro Pizarro - entrada - 2024-08-14 11:37:49.032193',3,'',21,2),(33,'2024-08-14 10:33:06.843310','3','Leandro Pizarro - entrada - 2024-08-14 11:35:34.181575',3,'',21,2),(34,'2024-08-14 10:33:06.844311','2','Leandro Pizarro - entrada - 2024-08-14 11:32:53.648979',3,'',21,2),(35,'2024-08-14 10:33:06.846312','1','Leandro Pizarro - entrada - 2024-08-14 11:32:10.932653',3,'',21,2),(36,'2024-08-14 10:34:01.763789','31','Leandro Pizarro - entrada - 2024-08-14 10:33:47.315830',3,'',21,2),(37,'2024-08-14 10:53:03.007331','34','Leandro Pizarro - sal_transitoria - 2024-08-14 10:53:03.007331',1,'[{\"added\": {}}]',21,2),(38,'2024-08-14 12:50:10.255324','45','39610329 - Leandro E. Pizarro Díaz - entrada - 2024/08/14 12:14:57',3,'',21,2),(39,'2024-08-14 12:50:10.256324','44','39610329 - Leandro E. Pizarro Díaz - salida - 2024/08/14 12:11:27',3,'',21,2),(40,'2024-08-14 12:50:10.258324','43','39610329 - Leandro E. Pizarro Díaz - entrada_transitoria - 2024/08/14 12:10:39',3,'',21,2),(41,'2024-08-14 12:50:10.259485','42','39610329 - Leandro E. Pizarro Díaz - salida_transitoria - 2024/08/14 12:10:29',3,'',21,2),(42,'2024-08-14 12:50:10.261487','41','39610329 - Leandro E. Pizarro Díaz - entrada - 2024/08/14 12:09:47',3,'',21,2),(43,'2024-08-14 12:50:10.263486','40','39610329 - Leandro E. Pizarro Díaz - salida - 2024/08/14 12:09:15',3,'',21,2),(44,'2024-08-14 12:50:10.264486','39','39610329 - Leandro E. Pizarro Díaz - entrada_transitoria - 2024/08/14 12:01:32',3,'',21,2),(45,'2024-08-14 12:50:10.265812','38','39610329 - Leandro E. Pizarro Díaz - salida_transitoria - 2024/08/14 11:16:51',3,'',21,2),(46,'2024-08-14 12:50:10.266541','37','39610329 - Leandro E. Pizarro Díaz - entrada - 2024/08/14 11:16:36',3,'',21,2),(47,'2024-08-14 12:50:10.268546','36','39610329 - Leandro E. Pizarro Díaz - salida_transitoria - 2024/08/14 11:10:54',3,'',21,2),(48,'2024-08-14 12:50:10.269563','35','39610329 - Leandro E. Pizarro Díaz - entrada - 2024/08/14 11:10:48',3,'',21,2),(49,'2024-08-14 12:50:10.270562','34','39610329 - Leandro E. Pizarro Díaz - sal_transitoria - 2024/08/14 10:53:03',3,'',21,2),(50,'2024-08-14 12:50:10.271562','33','39610329 - Leandro E. Pizarro Díaz - entrada - 2024/08/14 10:51:37',3,'',21,2),(51,'2024-08-14 12:50:10.272561','32','39610329 - Leandro E. Pizarro Díaz - entrada - 2024/08/14 10:38:22',3,'',21,2),(52,'2024-08-14 12:52:47.190259','60','39610329 - Leandro E. Pizarro Díaz - salida_transitoria - 2024/08/14 12:49:47',3,'',21,2),(53,'2024-08-14 12:52:47.191601','59','39610329 - Leandro E. Pizarro Díaz - entrada - 2024/08/14 12:44:30',3,'',21,2),(54,'2024-08-14 12:52:47.192606','58','39610329 - Leandro E. Pizarro Díaz - salida - 2024/08/14 12:38:49',3,'',21,2),(55,'2024-08-14 12:52:47.194606','57','39610329 - Leandro E. Pizarro Díaz - entrada_transitoria - 2024/08/14 12:36:23',3,'',21,2),(56,'2024-08-14 12:52:47.195607','56','39610329 - Leandro E. Pizarro Díaz - salida_transitoria - 2024/08/14 12:35:52',3,'',21,2),(57,'2024-08-14 12:52:47.196607','55','39610329 - Leandro E. Pizarro Díaz - entrada_transitoria - 2024/08/14 12:35:44',3,'',21,2),(58,'2024-08-14 12:52:47.197606','54','39610329 - Leandro E. Pizarro Díaz - salida_transitoria - 2024/08/14 12:35:18',3,'',21,2),(59,'2024-08-14 12:52:47.198607','53','39610329 - Leandro E. Pizarro Díaz - entrada_transitoria - 2024/08/14 12:35:12',3,'',21,2),(60,'2024-08-14 12:52:47.200606','52','39610329 - Leandro E. Pizarro Díaz - salida_transitoria - 2024/08/14 12:34:41',3,'',21,2),(61,'2024-08-14 12:52:47.201607','51','39610329 - Leandro E. Pizarro Díaz - entrada_transitoria - 2024/08/14 12:34:35',3,'',21,2),(62,'2024-08-14 12:52:47.202607','50','39610329 - Leandro E. Pizarro Díaz - salida_transitoria - 2024/08/14 12:25:14',3,'',21,2),(63,'2024-08-14 12:52:47.204608','49','39610329 - Leandro E. Pizarro Díaz - entrada - 2024/08/14 12:25:03',3,'',21,2),(64,'2024-08-14 12:52:47.205606','48','39610329 - Leandro E. Pizarro Díaz - salida - 2024/08/14 12:23:34',3,'',21,2),(65,'2024-08-14 12:52:47.206606','47','39610329 - Leandro E. Pizarro Díaz - entrada_transitoria - 2024/08/14 12:22:57',3,'',21,2),(66,'2024-08-14 12:52:47.207975','46','39610329 - Leandro E. Pizarro Díaz - salida_transitoria - 2024/08/14 12:20:06',3,'',21,2),(67,'2024-08-16 07:14:41.592677','84','39610329 - Leandro E. Pizarro Díaz - salida - 2024/08/16 07:14:22',3,'',21,2),(68,'2024-08-20 10:49:14.829183','2','Leandro',2,'[{\"changed\": {\"fields\": [\"Email address\"]}}]',4,2),(69,'2024-08-20 10:54:09.322730','96','39610329 - Leandro E. Pizarro Díaz - sal_transitoria - 2024/08/20 10:54:09',1,'[{\"added\": {}}]',21,2),(70,'2024-08-20 10:54:40.278096','96','39610329 - Leandro E. Pizarro Díaz - sal_transitoria - 2024/08/20 10:54:09',3,'',21,2),(71,'2024-08-20 12:55:10.531314','4','Limitado',1,'[{\"added\": {}}]',4,2),(72,'2024-08-20 12:58:03.227665','4','Limitado',2,'[{\"changed\": {\"fields\": [\"User permissions\"]}}]',4,2),(73,'2024-08-20 12:59:56.948957','4','Limitado',2,'[{\"changed\": {\"fields\": [\"password\"]}}]',4,2),(74,'2024-08-20 13:16:12.783669','1','Hores',1,'[{\"added\": {}}]',3,2),(75,'2024-08-20 13:16:30.554852','4','Limitado',2,'[{\"changed\": {\"fields\": [\"Groups\", \"User permissions\"]}}]',4,2),(76,'2024-08-20 13:17:04.320525','4','Limitado',2,'[{\"changed\": {\"fields\": [\"Staff status\"]}}]',4,2),(77,'2024-08-20 13:18:45.783748','112','39610329 - Leandro E. Pizarro Díaz - salida - 2024/08/20 13:18:45',1,'[{\"added\": {}}]',21,4),(78,'2024-08-20 13:25:39.801648','107','39610329 - Leandro E. Pizarro Díaz - entrada - 2024/08/20 12:10:45',3,'',21,4),(79,'2024-08-20 13:30:46.754957','4','Limitado',2,'[{\"changed\": {\"fields\": [\"Active\"]}}]',4,2),(80,'2024-08-20 13:31:06.700119','4','Limitado',2,'[{\"changed\": {\"fields\": [\"Active\"]}}]',4,2),(81,'2024-08-20 13:46:42.242892','1','Administración',1,'[{\"added\": {}}]',29,2),(82,'2024-08-20 13:46:49.281542','2','Almacén',1,'[{\"added\": {}}]',29,2),(83,'2024-08-20 13:46:59.154927','3','Logística',1,'[{\"added\": {}}]',29,2),(84,'2024-08-20 13:47:06.399560','4','Oficina Técina',1,'[{\"added\": {}}]',29,2),(85,'2024-08-20 13:47:22.977017','5','Mantenimiento',1,'[{\"added\": {}}]',29,2),(86,'2024-08-20 13:47:28.790577','6','Limpieza',1,'[{\"added\": {}}]',29,2),(87,'2024-08-20 13:47:58.000674','7','Calidad',1,'[{\"added\": {}}]',29,2),(88,'2024-08-20 13:48:08.920584','8','Infraestructura',1,'[{\"added\": {}}]',29,2),(89,'2024-08-20 13:48:13.481346','9','Materia Prima',1,'[{\"added\": {}}]',29,2),(90,'2024-08-20 13:48:20.959665','10','Sistemas',1,'[{\"added\": {}}]',29,2),(91,'2024-08-20 13:48:50.086643','2','31044709 - Rafael Lerda',2,'[{\"changed\": {\"fields\": [\"Areas\"]}}]',14,2),(92,'2024-08-20 13:54:55.073048','1','39610329 - Leandro E. Pizarro Díaz',2,'[{\"changed\": {\"fields\": [\"Areas\"]}}]',14,2),(93,'2024-08-20 13:55:28.623178','11','Horario especial',1,'[{\"added\": {}}]',29,2),(94,'2024-08-20 14:39:21.789788','1','Producción: 05:00 - 13:00',1,'[{\"added\": {}}]',30,2),(95,'2024-08-20 14:39:28.140794','1','Producción: 05:00 - 13:00',2,'[]',30,2),(96,'2024-08-20 14:40:05.196583','1','Producción Turno Mañana: 05:00 - 13:00',2,'[{\"changed\": {\"fields\": [\"Nombre\"]}}]',30,2),(97,'2024-08-20 14:40:16.347776','1','Producción - turno mañana: 05:00 - 13:00',2,'[{\"changed\": {\"fields\": [\"Nombre\"]}}]',30,2),(98,'2024-08-20 14:40:20.670211','1','Producción - turno mañana: 05:00 - 13:00',2,'[]',30,2),(99,'2024-08-20 14:40:46.945999','2','Producción - turno tarde: 13:00 - 21:00',1,'[{\"added\": {}}]',30,2),(100,'2024-08-20 14:41:12.315760','3','Producción - turno noche: 21:00 - 05:00',1,'[{\"added\": {}}]',30,2),(101,'2024-08-20 14:44:27.788224','13','Producción',1,'[{\"added\": {}}]',29,2),(102,'2024-08-20 14:46:19.903185','4','Turno Mañana: 05:00 - 13:00',1,'[{\"added\": {}}]',30,2),(103,'2024-08-20 14:46:38.104777','5','Palletizado: 06:00 - 14:00',1,'[{\"added\": {}}]',30,2),(104,'2024-08-20 14:47:40.975838','6','Turno Tarde: 13:00 - 21:00',1,'[{\"added\": {}}]',30,2),(105,'2024-08-20 14:47:55.116344','7','Turno Noche: 21:00 - 05:00',1,'[{\"added\": {}}]',30,2),(106,'2024-08-20 14:48:05.968077','3','Producción - turno noche: 21:00 - 05:00',3,'',30,2),(107,'2024-08-20 14:48:05.969782','2','Producción - turno tarde: 13:00 - 21:00',3,'',30,2),(108,'2024-08-20 14:48:05.970788','1','Producción - turno mañana: 05:00 - 13:00',3,'',30,2),(109,'2024-08-20 14:48:49.569056','8','Logística: 07:00 - 12:00',1,'[{\"added\": {}}]',30,2),(110,'2024-08-20 14:49:22.254257','9','Logística: 15:00 - 18:00',1,'[{\"added\": {}}]',30,2),(111,'2024-08-20 14:49:33.702469','8','Logística Mañana: 07:00 - 12:00',2,'[{\"changed\": {\"fields\": [\"Nombre\"]}}]',30,2),(112,'2024-08-20 14:49:37.611808','9','Logística Tarde: 15:00 - 18:00',2,'[{\"changed\": {\"fields\": [\"Nombre\"]}}]',30,2),(113,'2024-08-20 14:50:20.068703','13','Producción',2,'[{\"changed\": {\"fields\": [\"Horarios\"]}}]',29,2),(114,'2024-08-20 14:55:27.805277','10','Sistemas: 08:00 - 16:00',1,'[{\"added\": {}}]',30,2),(115,'2024-08-20 14:55:30.367893','10','Sistemas',2,'[{\"changed\": {\"fields\": [\"Horarios\"]}}]',29,2),(116,'2024-08-20 14:56:52.721735','14','Palletizado',1,'[{\"added\": {}}]',29,2),(117,'2024-08-20 14:58:29.101871','4','Hores',2,'[{\"changed\": {\"fields\": [\"Username\"]}}]',4,2),(118,'2024-08-20 15:00:44.605962','1','Hores',2,'[{\"changed\": {\"fields\": [\"Permissions\"]}}]',3,2),(119,'2024-08-20 15:05:18.532596','3','25554444 - Juan Pablo',1,'[{\"added\": {}}]',14,4),(120,'2024-08-20 15:12:41.233947','11','Horario especial',3,'',29,4),(121,'2024-08-20 15:24:29.597819','3','25554444 - Juan Pablo',2,'[]',14,4),(122,'2024-08-22 09:33:06.739448','1','39610329 - Leandro E. Pizarro Díaz',2,'[{\"changed\": {\"fields\": [\"Fecha nacimiento\", \"Fecha ingreso empresa\", \"Titulo tecnico\"]}}]',14,2),(123,'2024-08-22 09:40:03.568209','2','31044709 - Rafael Lerda',2,'[{\"changed\": {\"fields\": [\"Titulo tecnico\"]}}]',14,2),(124,'2024-08-22 09:40:07.260290','2','31044709 - Rafael Lerda',2,'[{\"changed\": {\"fields\": [\"Titulo tecnico\"]}}]',14,2),(125,'2024-08-22 09:44:46.911436','121','39610329 - Leandro E. Pizarro Díaz - salida - 2024/08/22 09:41:38',3,'',21,2),(126,'2024-08-22 09:44:46.913438','120','39610329 - Leandro E. Pizarro Díaz - entrada_transitoria - 2024/08/22 09:41:34',3,'',21,2),(127,'2024-08-22 09:44:46.914512','119','39610329 - Leandro E. Pizarro Díaz - salida_transitoria - 2024/08/20 15:20:22',3,'',21,2),(128,'2024-08-22 09:44:46.915519','118','39610329 - Leandro E. Pizarro Díaz - entrada - 2024/08/20 15:20:19',3,'',21,2),(129,'2024-08-22 09:44:46.916519','117','25554444 - Juan Pablo - entrada - 2024/08/20 15:05:25',3,'',21,2),(130,'2024-08-22 09:44:46.918518','116','39610329 - Leandro E. Pizarro Díaz - salida - 2024/08/20 15:02:01',3,'',21,2),(131,'2024-08-22 09:44:46.919518','115','39610329 - Leandro E. Pizarro Díaz - entrada_transitoria - 2024/08/20 15:01:58',3,'',21,2),(132,'2024-08-22 09:44:46.921518','114','39610329 - Leandro E. Pizarro Díaz - salida_transitoria - 2024/08/20 15:01:51',3,'',21,2),(133,'2024-08-22 09:44:46.922518','113','39610329 - Leandro E. Pizarro Díaz - entrada - 2024/08/20 15:01:48',3,'',21,2),(134,'2024-08-22 09:44:46.923518','112','39610329 - Leandro E. Pizarro Díaz - salida - 2024/08/20 13:18:45',3,'',21,2),(135,'2024-08-22 09:44:46.925517','111','39610329 - Leandro E. Pizarro Díaz - entrada - 2024/08/20 12:11:08',3,'',21,2),(136,'2024-08-22 09:44:46.926518','110','39610329 - Leandro E. Pizarro Díaz - salida - 2024/08/20 12:10:58',3,'',21,2),(137,'2024-08-22 09:44:46.927518','109','39610329 - Leandro E. Pizarro Díaz - entrada_transitoria - 2024/08/20 12:10:54',3,'',21,2),(138,'2024-08-22 09:44:46.929518','108','39610329 - Leandro E. Pizarro Díaz - salida_transitoria - 2024/08/20 12:10:50',3,'',21,2),(139,'2024-08-22 09:44:46.930906','106','39610329 - Leandro E. Pizarro Díaz - salida - 2024/08/20 12:08:04',3,'',21,2),(140,'2024-08-22 09:44:46.932373','105','39610329 - Leandro E. Pizarro Díaz - entrada_transitoria - 2024/08/20 12:07:58',3,'',21,2),(141,'2024-08-22 09:44:46.934391','104','39610329 - Leandro E. Pizarro Díaz - salida_transitoria - 2024/08/20 12:07:50',3,'',21,2),(142,'2024-08-22 09:44:46.935379','103','39610329 - Leandro E. Pizarro Díaz - entrada - 2024/08/20 12:07:46',3,'',21,2),(143,'2024-08-22 09:44:46.936379','102','39610329 - Leandro E. Pizarro Díaz - salida - 2024/08/20 12:07:36',3,'',21,2),(144,'2024-08-22 09:44:46.937379','101','39610329 - Leandro E. Pizarro Díaz - entrada_transitoria - 2024/08/20 12:07:26',3,'',21,2),(145,'2024-08-22 09:44:46.939379','100','39610329 - Leandro E. Pizarro Díaz - salida_transitoria - 2024/08/20 11:59:39',3,'',21,2),(146,'2024-08-22 09:44:46.940378','99','39610329 - Leandro E. Pizarro Díaz - entrada - 2024/08/20 11:22:08',3,'',21,2),(147,'2024-08-22 09:44:46.941379','98','39610329 - Leandro E. Pizarro Díaz - salida - 2024/08/20 11:22:04',3,'',21,2),(148,'2024-08-22 09:44:46.944379','97','39610329 - Leandro E. Pizarro Díaz - entrada_transitoria - 2024/08/20 11:21:58',3,'',21,2),(149,'2024-08-22 09:44:46.945379','95','39610329 - Leandro E. Pizarro Díaz - salida_transitoria - 2024/08/20 10:49:58',3,'',21,2),(150,'2024-08-22 09:44:46.946379','94','39610329 - Leandro E. Pizarro Díaz - entrada - 2024/08/20 10:49:55',3,'',21,2),(151,'2024-08-22 09:44:46.948379','93','39610329 - Leandro E. Pizarro Díaz - salida - 2024/08/20 10:49:50',3,'',21,2),(152,'2024-08-22 09:44:46.949647','92','39610329 - Leandro E. Pizarro Díaz - entrada - 2024/08/16 11:16:16',3,'',21,2),(153,'2024-08-22 09:44:46.950567','91','39610329 - Leandro E. Pizarro Díaz - salida - 2024/08/16 09:53:29',3,'',21,2),(154,'2024-08-22 09:44:46.951585','90','39610329 - Leandro E. Pizarro Díaz - entrada - 2024/08/16 09:53:25',3,'',21,2),(155,'2024-08-22 09:44:46.953584','89','39610329 - Leandro E. Pizarro Díaz - salida - 2024/08/16 09:53:20',3,'',21,2),(156,'2024-08-22 09:44:46.954584','88','39610329 - Leandro E. Pizarro Díaz - entrada_transitoria - 2024/08/16 09:53:07',3,'',21,2),(157,'2024-08-22 09:44:46.955585','87','39610329 - Leandro E. Pizarro Díaz - salida_transitoria - 2024/08/16 09:53:00',3,'',21,2),(158,'2024-08-22 09:44:46.956585','86','39610329 - Leandro E. Pizarro Díaz - entrada - 2024/08/16 09:52:17',3,'',21,2),(159,'2024-08-22 09:44:46.958584','85','39610329 - Leandro E. Pizarro Díaz - salida - 2024/08/16 07:14:52',3,'',21,2),(160,'2024-08-22 09:44:46.959585','83','39610329 - Leandro E. Pizarro Díaz - entrada_transitoria - 2024/08/16 07:14:19',3,'',21,2),(161,'2024-08-22 09:44:46.960584','82','39610329 - Leandro E. Pizarro Díaz - salida_transitoria - 2024/08/16 07:14:14',3,'',21,2),(162,'2024-08-22 09:44:46.962584','81','39610329 - Leandro E. Pizarro Díaz - entrada - 2024/08/16 07:12:01',3,'',21,2),(163,'2024-08-22 09:44:46.963584','80','39610329 - Leandro E. Pizarro Díaz - salida - 2024/08/16 07:09:31',3,'',21,2),(164,'2024-08-22 09:44:46.964586','79','39610329 - Leandro E. Pizarro Díaz - entrada_transitoria - 2024/08/16 07:09:28',3,'',21,2),(165,'2024-08-22 09:44:46.966721','78','39610329 - Leandro E. Pizarro Díaz - salida_transitoria - 2024/08/16 07:09:23',3,'',21,2),(166,'2024-08-22 09:44:46.967587','77','39610329 - Leandro E. Pizarro Díaz - entrada - 2024/08/16 06:46:13',3,'',21,2),(167,'2024-08-22 09:44:46.968588','76','39610329 - Leandro E. Pizarro Díaz - salida - 2024/08/15 09:00:28',3,'',21,2),(168,'2024-08-22 09:44:46.969592','75','39610329 - Leandro E. Pizarro Díaz - entrada_transitoria - 2024/08/15 09:00:25',3,'',21,2),(169,'2024-08-22 09:44:46.971592','74','39610329 - Leandro E. Pizarro Díaz - salida_transitoria - 2024/08/15 09:00:21',3,'',21,2),(170,'2024-08-22 09:44:46.972592','73','39610329 - Leandro E. Pizarro Díaz - entrada - 2024/08/15 09:00:18',3,'',21,2),(171,'2024-08-22 09:44:46.973592','72','39610329 - Leandro E. Pizarro Díaz - salida - 2024/08/15 09:00:14',3,'',21,2),(172,'2024-08-22 09:44:46.975592','71','39610329 - Leandro E. Pizarro Díaz - entrada_transitoria - 2024/08/15 09:00:10',3,'',21,2),(173,'2024-08-22 09:44:46.976592','70','39610329 - Leandro E. Pizarro Díaz - salida_transitoria - 2024/08/15 09:00:06',3,'',21,2),(174,'2024-08-22 09:44:46.977592','69','39610329 - Leandro E. Pizarro Díaz - entrada - 2024/08/15 08:59:26',3,'',21,2),(175,'2024-08-22 09:44:46.980768','68','39610329 - Leandro E. Pizarro Díaz - salida - 2024/08/15 08:59:17',3,'',21,2),(176,'2024-08-22 09:44:46.981767','67','39610329 - Leandro E. Pizarro Díaz - entrada_transitoria - 2024/08/14 13:25:43',3,'',21,2),(177,'2024-08-22 09:44:46.982767','66','39610329 - Leandro E. Pizarro Díaz - salida_transitoria - 2024/08/14 13:20:43',3,'',21,2),(178,'2024-08-22 09:44:46.984415','65','39610329 - Leandro E. Pizarro Díaz - entrada - 2024/08/14 13:17:34',3,'',21,2),(179,'2024-08-22 09:44:46.985420','64','39610329 - Leandro E. Pizarro Díaz - salida - 2024/08/14 13:17:30',3,'',21,2),(180,'2024-08-22 09:44:46.986420','63','39610329 - Leandro E. Pizarro Díaz - entrada_transitoria - 2024/08/14 13:17:26',3,'',21,2),(181,'2024-08-22 09:44:46.988420','62','39610329 - Leandro E. Pizarro Díaz - salida_transitoria - 2024/08/14 12:56:15',3,'',21,2),(182,'2024-08-22 09:44:46.989437','61','39610329 - Leandro E. Pizarro Díaz - entrada - 2024/08/14 12:56:08',3,'',21,2),(183,'2024-08-22 13:52:40.178156','129','39610329 - Leandro E. Pizarro Díaz - salida - 2024/08/22 19:44:31',1,'[{\"added\": {}}]',21,2),(184,'2024-08-22 13:54:06.091724','125','39610329 - Leandro E. Pizarro Díaz - salida - 2024/08/22 10:27:04',3,'',21,2),(185,'2024-08-22 13:54:06.093459','124','39610329 - Leandro E. Pizarro Díaz - entrada - 2024/08/22 10:26:59',3,'',21,2),(186,'2024-08-22 13:54:06.094465','123','39610329 - Leandro E. Pizarro Díaz - salida - 2024/08/22 10:14:56',3,'',21,2),(187,'2024-08-22 13:54:06.096466','122','39610329 - Leandro E. Pizarro Díaz - entrada - 2024/08/22 09:41:43',3,'',21,2),(188,'2024-08-22 14:25:45.822831','1','Horas_trabajadas object (1)',3,'',26,2),(189,'2024-08-22 14:25:56.347046','129','39610329 - Leandro E. Pizarro Díaz - salida - 2024/08/22 19:44:31',3,'',21,2),(190,'2024-08-22 14:25:56.349047','126','39610329 - Leandro E. Pizarro Díaz - entrada - 2024/08/22 10:27:15',3,'',21,2),(191,'2024-08-22 14:27:43.541488','130','39610329 - Leandro E. Pizarro Díaz - entrada - 2024/08/22 07:57:25',1,'[{\"added\": {}}]',21,2),(192,'2024-08-22 14:28:21.583087','131','39610329 - Leandro E. Pizarro Díaz - salida_transitoria - 2024/08/22 13:56:00',1,'[{\"added\": {}}]',21,2),(193,'2024-08-22 14:28:45.535448','133','39610329 - Leandro E. Pizarro Díaz - entrada_transitoria - 2024/08/22 14:28:43',1,'[{\"added\": {}}]',21,2),(194,'2024-08-22 14:29:14.421106','134','39610329 - Leandro E. Pizarro Díaz - salida - 2024/08/22 16:15:20',1,'[{\"added\": {}}]',21,2),(195,'2024-08-22 14:38:22.666687','135','39610329 - Leandro E. Pizarro Díaz - entrada - 2024/08/22 14:38:21',1,'[{\"added\": {}}]',21,2),(196,'2024-08-22 14:42:57.383601','138','39610329 - Leandro E. Pizarro Díaz - entrada - 2024/08/22 14:42:56',1,'[{\"added\": {}}]',21,2),(197,'2024-08-22 14:58:50.825713','140','39610329 - Leandro E. Pizarro Díaz - entrada - 2024/08/22 14:53:52',3,'',21,2),(198,'2024-08-22 14:58:50.827239','139','39610329 - Leandro E. Pizarro Díaz - entrada - 2024/08/22 14:43:05',3,'',21,2),(199,'2024-08-22 14:58:50.828246','138','39610329 - Leandro E. Pizarro Díaz - entrada - 2024/08/22 14:42:56',3,'',21,2),(200,'2024-08-22 14:58:50.829244','137','39610329 - Leandro E. Pizarro Díaz - entrada - 2024/08/22 14:39:07',3,'',21,2),(201,'2024-08-22 14:58:50.831296','136','39610329 - Leandro E. Pizarro Díaz - entrada - 2024/08/22 14:38:41',3,'',21,2),(202,'2024-08-22 14:58:50.832296','135','39610329 - Leandro E. Pizarro Díaz - entrada - 2024/08/22 14:38:21',3,'',21,2),(203,'2024-08-22 14:58:50.833296','134','39610329 - Leandro E. Pizarro Díaz - salida - 2024/08/22 16:15:20',3,'',21,2),(204,'2024-08-22 14:58:50.834296','133','39610329 - Leandro E. Pizarro Díaz - entrada_transitoria - 2024/08/22 14:28:43',3,'',21,2),(205,'2024-08-22 14:58:50.836296','132','25554444 - Juan Pablo - entrada - 2024/08/22 14:28:36',3,'',21,2),(206,'2024-08-22 14:58:50.837296','131','39610329 - Leandro E. Pizarro Díaz - salida_transitoria - 2024/08/22 13:56:00',3,'',21,2),(207,'2024-08-22 14:58:50.838296','130','39610329 - Leandro E. Pizarro Díaz - entrada - 2024/08/22 07:57:25',3,'',21,2),(208,'2024-08-22 14:59:01.542069','2','Horas_trabajadas object (2)',3,'',26,2),(209,'2024-08-22 14:59:06.754058','1','Horas_extras object (1)',3,'',27,2),(210,'2024-08-22 15:00:50.187551','151','39610329 - Leandro E. Pizarro Díaz - entrada - 2024/08/22 15:00:49',1,'[{\"added\": {}}]',21,2),(211,'2024-08-22 15:02:11.572592','151','39610329 - Leandro E. Pizarro Díaz - entrada - 2024/08/22 15:00:49',3,'',21,2),(212,'2024-08-22 15:02:11.574594','150','39610329 - Leandro E. Pizarro Díaz - salida - 2024/08/22 15:00:03',3,'',21,2),(213,'2024-08-22 15:02:11.575529','149','39610329 - Leandro E. Pizarro Díaz - entrada - 2024/08/22 15:00:00',3,'',21,2),(214,'2024-08-22 15:02:11.577535','148','39610329 - Leandro E. Pizarro Díaz - salida - 2024/08/22 14:59:54',3,'',21,2),(215,'2024-08-22 15:02:11.577535','147','39610329 - Leandro E. Pizarro Díaz - entrada_transitoria - 2024/08/22 14:59:49',3,'',21,2),(216,'2024-08-22 15:02:11.581044','146','39610329 - Leandro E. Pizarro Díaz - salida_transitoria - 2024/08/22 14:59:46',3,'',21,2),(217,'2024-08-22 15:02:11.582043','145','39610329 - Leandro E. Pizarro Díaz - entrada - 2024/08/22 14:59:42',3,'',21,2),(218,'2024-08-22 15:02:11.584044','144','39610329 - Leandro E. Pizarro Díaz - salida - 2024/08/22 14:59:29',3,'',21,2),(219,'2024-08-22 15:02:11.585043','143','39610329 - Leandro E. Pizarro Díaz - entrada_transitoria - 2024/08/22 14:59:24',3,'',21,2),(220,'2024-08-22 15:02:11.587044','142','39610329 - Leandro E. Pizarro Díaz - salida_transitoria - 2024/08/22 14:59:20',3,'',21,2),(221,'2024-08-22 15:02:11.588043','141','39610329 - Leandro E. Pizarro Díaz - entrada - 2024/08/22 14:59:14',3,'',21,2),(222,'2024-08-22 15:02:44.520673','152','39610329 - Leandro E. Pizarro Díaz - entrada - 2024/08/22 07:25:00',1,'[{\"added\": {}}]',21,2),(223,'2024-08-22 15:03:01.664204','153','39610329 - Leandro E. Pizarro Díaz - salida - 2024/08/22 16:02:54',1,'[{\"added\": {}}]',21,2),(224,'2024-08-22 15:10:37.660465','153','39610329 - Leandro E. Pizarro Díaz - salida - 2024/08/22 16:55:54',2,'[{\"changed\": {\"fields\": [\"Hora fichada\"]}}]',21,2),(225,'2024-08-22 15:10:50.323119','153','39610329 - Leandro E. Pizarro Díaz - salida - 2024/08/22 16:25:54',2,'[{\"changed\": {\"fields\": [\"Hora fichada\"]}}]',21,2),(226,'2024-08-22 15:11:02.245741','153','39610329 - Leandro E. Pizarro Díaz - salida - 2024/08/22 16:25:54',3,'',21,2),(227,'2024-08-22 15:11:10.387550','2','Horas_extras object (2)',3,'',27,2),(228,'2024-08-22 15:11:24.885103','154','39610329 - Leandro E. Pizarro Díaz - salida - 2024/08/22 16:25:30',1,'[{\"added\": {}}]',21,2),(229,'2024-08-22 15:16:15.408838','154','39610329 - Leandro E. Pizarro Díaz - salida - 2024/08/22 16:25:30',3,'',21,2),(230,'2024-08-22 15:16:15.408838','152','39610329 - Leandro E. Pizarro Díaz - entrada - 2024/08/22 07:25:00',3,'',21,2),(231,'2024-08-22 15:16:23.693761','3','Horas_trabajadas object (3)',3,'',26,2),(232,'2024-08-22 15:16:50.825871','155','39610329 - Leandro E. Pizarro Díaz - entrada - 2024/08/22 07:55:00',1,'[{\"added\": {}}]',21,2),(233,'2024-08-22 15:17:16.364770','156','39610329 - Leandro E. Pizarro Díaz - salida - 2024/08/22 16:25:00',1,'[{\"added\": {}}]',21,2),(234,'2024-08-22 15:25:30.137635','4','Horas_trabajadas object (4)',3,'',26,2),(235,'2024-08-22 15:25:36.097603','156','39610329 - Leandro E. Pizarro Díaz - salida - 2024/08/22 16:25:00',3,'',21,2),(236,'2024-08-22 15:25:36.098599','155','39610329 - Leandro E. Pizarro Díaz - entrada - 2024/08/22 07:55:00',3,'',21,2),(237,'2024-08-22 15:26:21.076828','157','39610329 - Leandro E. Pizarro Díaz - entrada - 2024/08/22 07:25:00',1,'[{\"added\": {}}]',21,2),(238,'2024-08-22 15:26:39.378068','158','39610329 - Leandro E. Pizarro Díaz - salida - 2024/08/22 16:25:00',1,'[{\"added\": {}}]',21,2),(239,'2024-08-22 15:27:15.095523','159','39610329 - Leandro E. Pizarro Díaz - entrada - 2024/08/22 16:25:00',1,'[{\"added\": {}}]',21,2),(240,'2024-08-22 15:27:28.287124','160','39610329 - Leandro E. Pizarro Díaz - salida - 2024/08/22 18:00:00',1,'[{\"added\": {}}]',21,2),(241,'2024-08-22 15:49:02.230437','160','39610329 - Leandro E. Pizarro Díaz - salida - 2024/08/22 18:00:00',3,'',21,2),(242,'2024-08-22 15:49:02.232437','159','39610329 - Leandro E. Pizarro Díaz - entrada - 2024/08/22 16:25:00',3,'',21,2),(243,'2024-08-22 15:49:02.233869','158','39610329 - Leandro E. Pizarro Díaz - salida - 2024/08/22 16:25:00',3,'',21,2),(244,'2024-08-22 15:49:02.234875','157','39610329 - Leandro E. Pizarro Díaz - entrada - 2024/08/22 07:25:00',3,'',21,2),(245,'2024-08-22 15:49:09.110821','5','Horas_trabajadas object (5)',3,'',26,2),(246,'2024-08-22 15:49:29.103068','161','39610329 - Leandro E. Pizarro Díaz - entrada - 2024/08/22 06:55:00',1,'[{\"added\": {}}]',21,2),(247,'2024-08-22 15:51:49.965240','163','39610329 - Leandro E. Pizarro Díaz - salida - 2024/08/22 16:15:00',1,'[{\"added\": {}}]',21,2),(248,'2024-08-23 14:57:13.549689','298','0 -  ',3,'',14,2),(249,'2024-08-23 15:12:51.934525','142','39610329 - LEANDRO E. PIZARRO',2,'[{\"changed\": {\"fields\": [\"Areas\", \"Titulo tecnico\"]}}]',14,2),(250,'2024-08-23 15:13:10.380010','298','0 -  ',3,'',14,2),(251,'2024-08-23 15:16:01.199680','164','39610329 - LEANDRO E. PIZARRO - entrada - 2024/08/23 07:59:40',1,'[{\"added\": {}}]',21,2),(252,'2024-08-23 15:16:23.308433','165','39610329 - LEANDRO E. PIZARRO - salida - 2024/08/23 16:28:55',1,'[{\"added\": {}}]',21,2),(253,'2024-08-23 15:17:59.203553','166','39610329 - LEANDRO E. PIZARRO - entrada - 2024/08/23 15:17:38',3,'',21,2),(254,'2024-08-23 15:17:59.205552','165','39610329 - LEANDRO E. PIZARRO - salida - 2024/08/23 16:28:55',3,'',21,2),(255,'2024-08-23 15:17:59.206553','164','39610329 - LEANDRO E. PIZARRO - entrada - 2024/08/23 07:59:40',3,'',21,2),(256,'2024-08-23 15:20:08.722726','11','Materia Prima Mañana: 05:00 - 13:00',1,'[{\"added\": {}}]',30,2),(257,'2024-08-23 15:20:30.175823','12','Materia Prima Tarde: 13:00 - 21:00',1,'[{\"added\": {}}]',30,2),(258,'2024-08-23 15:20:41.712458','9','Materia Prima',2,'[{\"changed\": {\"fields\": [\"Horarios\"]}}]',29,2),(259,'2024-08-23 15:21:12.417675','8','Horas_trabajadas object (8)',3,'',26,2),(260,'2024-08-23 15:21:18.386571','4','Horas_extras object (4)',3,'',27,2),(261,'2024-08-23 15:21:26.467492','174','39610329 - LEANDRO E. PIZARRO - salida - 2024/08/23 15:18:35',3,'',21,2),(262,'2024-08-23 15:21:26.468826','173','39610329 - LEANDRO E. PIZARRO - entrada_transitoria - 2024/08/23 15:18:31',3,'',21,2),(263,'2024-08-23 15:21:26.470336','172','39610329 - LEANDRO E. PIZARRO - salida_transitoria - 2024/08/23 15:18:24',3,'',21,2),(264,'2024-08-23 15:21:26.471340','171','39610329 - LEANDRO E. PIZARRO - entrada - 2024/08/23 15:18:19',3,'',21,2),(265,'2024-08-23 15:21:26.472340','170','39610329 - LEANDRO E. PIZARRO - salida - 2024/08/23 15:18:17',3,'',21,2),(266,'2024-08-23 15:21:26.473340','169','39610329 - LEANDRO E. PIZARRO - entrada_transitoria - 2024/08/23 15:18:13',3,'',21,2),(267,'2024-08-23 15:21:26.474340','168','39610329 - LEANDRO E. PIZARRO - salida_transitoria - 2024/08/23 15:18:10',3,'',21,2),(268,'2024-08-23 15:21:26.476340','167','39610329 - LEANDRO E. PIZARRO - entrada - 2024/08/23 15:18:07',3,'',21,2),(269,'2024-08-23 15:21:53.032434','175','20356698550 - JORGE BAINOTTI - entrada - 2024/08/22 05:00:00',1,'[{\"added\": {}}]',21,2),(270,'2024-08-23 15:22:12.323523','176','20356698550 - JORGE BAINOTTI - salida_transitoria - 2024/08/22 08:00:00',1,'[{\"added\": {}}]',21,2),(271,'2024-08-23 15:22:40.327438','177','20356698550 - JORGE BAINOTTI - entrada_transitoria - 2024/08/22 08:30:00',1,'[{\"added\": {}}]',21,2),(272,'2024-08-23 15:23:13.031925','178','20356698550 - JORGE BAINOTTI - salida - 2024/08/22 13:00:00',1,'[{\"added\": {}}]',21,2),(273,'2024-08-23 15:23:46.520616','179','20356698550 - JORGE BAINOTTI - entrada - 2024/08/22 15:00:00',1,'[{\"added\": {}}]',21,2),(274,'2024-08-23 15:24:06.747387','180','20356698550 - JORGE BAINOTTI - salida - 2024/08/22 18:23:49',1,'[{\"added\": {}}]',21,2),(275,'2024-08-23 15:27:20.070531','13','Infraestructura: 05:00 - 13:00',1,'[{\"added\": {}}]',30,2),(276,'2024-08-23 15:27:26.165205','8','Infraestructura',2,'[{\"changed\": {\"fields\": [\"Horarios\"]}}]',29,2),(277,'2024-08-23 15:27:45.180320','7','Calidad',2,'[{\"changed\": {\"fields\": [\"Horarios\"]}}]',29,2),(278,'2024-08-23 15:29:14.138651','14','Limpieza Mañana: 07:00 - 12:00',1,'[{\"added\": {}}]',30,2),(279,'2024-08-23 15:29:44.888710','15','Limpieza Tarde: 15:00 - 18:00',1,'[{\"added\": {}}]',30,2),(280,'2024-08-23 15:29:57.065291','6','Limpieza',2,'[{\"changed\": {\"fields\": [\"Horarios\"]}}]',29,2),(281,'2024-08-23 15:30:22.061398','3','Logística',2,'[{\"changed\": {\"fields\": [\"Horarios\"]}}]',29,2),(282,'2024-08-23 15:31:09.398342','16','Almacén  Mañana: 07:00 - 12:00',1,'[{\"added\": {}}]',30,2),(283,'2024-08-23 15:31:36.146738','17','Almacén Tarde: 15:00 - 18:00',1,'[{\"added\": {}}]',30,2),(284,'2024-08-23 15:31:37.962446','2','Almacén',2,'[{\"changed\": {\"fields\": [\"Horarios\"]}}]',29,2),(285,'2024-08-23 15:32:19.090815','18','Horario Especial: 05:00 - 13:00',1,'[{\"added\": {}}]',30,2),(286,'2024-08-23 15:32:20.752672','2','Almacén',2,'[{\"changed\": {\"fields\": [\"Horarios\"]}}]',29,2),(287,'2024-08-23 15:32:57.287285','19','Administración Mañana: 08:00 - 13:00',1,'[{\"added\": {}}]',30,2),(288,'2024-08-23 15:33:22.681079','20','Administración Tarde: 15:00 - 18:00',1,'[{\"added\": {}}]',30,2),(289,'2024-08-23 15:33:41.853128','1','Administración',2,'[{\"changed\": {\"fields\": [\"Horarios\"]}}]',29,2),(290,'2024-08-23 15:58:24.619236','180','20356698550 - JORGE BAINOTTI - salida - 2024/08/22 18:23:49',3,'',21,2),(291,'2024-08-23 15:58:24.620881','179','20356698550 - JORGE BAINOTTI - entrada - 2024/08/22 15:00:00',3,'',21,2),(292,'2024-08-23 15:58:24.622886','178','20356698550 - JORGE BAINOTTI - salida - 2024/08/22 13:00:00',3,'',21,2),(293,'2024-08-23 15:58:24.623886','177','20356698550 - JORGE BAINOTTI - entrada_transitoria - 2024/08/22 08:30:00',3,'',21,2),(294,'2024-08-23 15:58:24.624886','176','20356698550 - JORGE BAINOTTI - salida_transitoria - 2024/08/22 08:00:00',3,'',21,2),(295,'2024-08-23 15:58:24.625886','175','20356698550 - JORGE BAINOTTI - entrada - 2024/08/22 05:00:00',3,'',21,2),(296,'2024-08-23 15:58:33.930207','9','Horas_trabajadas object (9)',3,'',26,2),(297,'2024-08-24 05:35:42.096178','181','39610329 - LEANDRO E. PIZARRO - entrada - 2024/08/24 05:00:00',1,'[{\"added\": {}}]',21,2),(298,'2024-08-24 05:35:59.040053','182','39610329 - LEANDRO E. PIZARRO - salida - 2024/08/24 13:00:00',1,'[{\"added\": {}}]',21,2),(299,'2024-08-24 05:37:50.716975','183','20142811724 - RAUL BALDAZAR - entrada - 2024/08/25 05:00:00',1,'[{\"added\": {}}]',21,2),(300,'2024-08-24 05:38:15.961008','184','20142811724 - RAUL BALDAZAR - salida - 2024/08/25 09:00:00',1,'[{\"added\": {}}]',21,2),(301,'2024-08-24 07:32:36.715834','184','20142811724 - RAUL BALDAZAR - salida - 2024/08/25 09:00:00',3,'',21,2),(302,'2024-08-24 07:32:36.717833','183','20142811724 - RAUL BALDAZAR - entrada - 2024/08/25 05:00:00',3,'',21,2),(303,'2024-08-24 07:32:36.718833','182','39610329 - LEANDRO E. PIZARRO - salida - 2024/08/24 13:00:00',3,'',21,2),(304,'2024-08-24 07:32:36.720834','181','39610329 - LEANDRO E. PIZARRO - entrada - 2024/08/24 05:00:00',3,'',21,2),(305,'2024-08-24 07:32:47.431363','11','Horas_trabajadas object (11)',3,'',26,2),(306,'2024-08-24 07:32:47.433363','10','Horas_trabajadas object (10)',3,'',26,2),(307,'2024-08-24 07:32:53.599350','5','Horas_extras object (5)',3,'',27,2),(308,'2024-08-24 07:33:20.696519','185','39610329 - LEANDRO E. PIZARRO - entrada - 2024/08/24 20:23:00',1,'[{\"added\": {}}]',21,2),(309,'2024-08-24 07:33:51.660883','186','39610329 - LEANDRO E. PIZARRO - salida - 2024/08/25 05:23:00',1,'[{\"added\": {}}]',21,2),(310,'2024-08-24 07:34:58.358226','187','20142811724 - RAUL BALDAZAR - entrada - 2024/08/24 05:00:00',1,'[{\"added\": {}}]',21,2),(311,'2024-08-24 07:40:59.430067','192','20142811724 - RAUL BALDAZAR - salida - 2024/08/24 07:37:47',1,'[{\"added\": {}}]',21,2),(312,'2024-08-24 07:42:15.075910','192','20142811724 - RAUL BALDAZAR - salida - 2024/08/24 15:37:47',2,'[{\"changed\": {\"fields\": [\"Hora fichada\"]}}]',21,2),(313,'2024-08-24 07:49:39.610690','192','20142811724 - RAUL BALDAZAR - salida - 2024/08/24 15:37:47',3,'',21,2),(314,'2024-08-24 07:49:39.612700','187','20142811724 - RAUL BALDAZAR - entrada - 2024/08/24 05:00:00',3,'',21,2),(315,'2024-08-24 07:49:59.457664','193','20142811724 - RAUL BALDAZAR - entrada - 2024/08/24 04:58:00',1,'[{\"added\": {}}]',21,2),(316,'2024-08-24 07:50:12.333821','194','20142811724 - RAUL BALDAZAR - salida - 2024/08/24 15:00:00',1,'[{\"added\": {}}]',21,2),(317,'2024-08-24 07:50:34.057684','194','20142811724 - RAUL BALDAZAR - salida - 2024/08/24 15:05:00',2,'[{\"changed\": {\"fields\": [\"Hora fichada\"]}}]',21,2),(318,'2024-08-24 07:50:56.624749','195','20142811724 - RAUL BALDAZAR - entrada - 2024/08/24 15:25:00',1,'[{\"added\": {}}]',21,2),(319,'2024-08-24 07:51:17.119165','196','20142811724 - RAUL BALDAZAR - salida - 2024/08/24 18:00:00',1,'[{\"added\": {}}]',21,2),(320,'2024-08-24 07:51:41.632321','6','Horas_extras object (6)',3,'',27,2),(321,'2024-08-24 07:51:45.919106','13','Horas_trabajadas object (13)',3,'',26,2),(322,'2024-08-24 07:51:45.921617','12','Horas_trabajadas object (12)',3,'',26,2),(323,'2024-08-24 07:51:56.365922','196','20142811724 - RAUL BALDAZAR - salida - 2024/08/24 18:00:00',3,'',21,2),(324,'2024-08-24 07:51:56.367922','195','20142811724 - RAUL BALDAZAR - entrada - 2024/08/24 15:25:00',3,'',21,2),(325,'2024-08-24 07:51:56.368922','194','20142811724 - RAUL BALDAZAR - salida - 2024/08/24 15:05:00',3,'',21,2),(326,'2024-08-24 07:51:56.370425','193','20142811724 - RAUL BALDAZAR - entrada - 2024/08/24 04:58:00',3,'',21,2),(327,'2024-08-24 07:51:56.371651','186','39610329 - LEANDRO E. PIZARRO - salida - 2024/08/25 05:23:00',3,'',21,2),(328,'2024-08-24 07:51:56.372141','185','39610329 - LEANDRO E. PIZARRO - entrada - 2024/08/24 20:23:00',3,'',21,2),(329,'2024-08-24 07:52:11.673157','197','20142811724 - RAUL BALDAZAR - entrada - 2024/08/24 04:59:00',1,'[{\"added\": {}}]',21,2),(330,'2024-08-24 07:52:26.436236','198','20142811724 - RAUL BALDAZAR - salida - 2024/08/24 15:00:00',1,'[{\"added\": {}}]',21,2),(331,'2024-08-24 07:57:10.763478','291','45485428 - LEONEL MANSILLA ZABALA',2,'[{\"changed\": {\"fields\": [\"Nombre\", \"Seg nombre\", \"Seg apellido\", \"Areas\", \"Activo\"]}}]',14,2),(332,'2024-08-24 07:57:40.070629','203','41888232 - BRAIAN MASSAFARA',2,'[{\"changed\": {\"fields\": [\"Areas\", \"Titulo tecnico\"]}}]',14,2),(333,'2024-08-24 07:58:17.043462','198','20142811724 - RAUL BALDAZAR - salida - 2024/08/24 15:00:00',3,'',21,2),(334,'2024-08-24 07:58:17.044461','197','20142811724 - RAUL BALDAZAR - entrada - 2024/08/24 04:59:00',3,'',21,2),(335,'2024-08-24 07:59:06.724577','199','41888232 - BRAIAN MASSAFARA - entrada - 2024/08/24 04:53:49',1,'[{\"added\": {}}]',21,2),(336,'2024-08-24 08:01:28.334312','201','41888232 - BRAIAN MASSAFARA - salida - 2024/08/24 13:15:49',1,'[{\"added\": {}}]',21,2),(337,'2024-08-24 09:17:17.286856','202','39610329 - LEANDRO E. PIZARRO - entrada - 2024/08/24 04:50:00',1,'[{\"added\": {}}]',21,2),(338,'2024-08-24 09:19:09.515748','204','39610329 - LEANDRO E. PIZARRO - salida - 2024/08/24 13:05:00',1,'[{\"added\": {}}]',21,2),(339,'2024-08-24 09:19:34.546357','9','Horas_extras object (9)',3,'',27,2),(340,'2024-08-24 09:19:34.547354','7','Horas_extras object (7)',3,'',27,2),(341,'2024-08-24 09:19:49.512512','18','Horas_trabajadas object (18)',3,'',26,2),(342,'2024-08-24 09:19:49.514446','16','Horas_trabajadas object (16)',3,'',26,2),(343,'2024-08-24 09:19:49.515452','14','Horas_trabajadas object (14)',3,'',26,2),(344,'2024-08-24 09:19:56.020725','1','Horas_totales object (1)',3,'',28,2),(345,'2024-08-24 09:20:13.714522','204','39610329 - LEANDRO E. PIZARRO - salida - 2024/08/24 13:05:00',3,'',21,2),(346,'2024-08-24 09:20:13.715523','202','39610329 - LEANDRO E. PIZARRO - entrada - 2024/08/24 04:50:00',3,'',21,2),(347,'2024-08-24 09:20:13.717469','201','41888232 - BRAIAN MASSAFARA - salida - 2024/08/24 13:15:49',3,'',21,2),(348,'2024-08-24 09:20:13.718476','199','41888232 - BRAIAN MASSAFARA - entrada - 2024/08/24 04:53:49',3,'',21,2),(349,'2024-08-24 09:24:56.400930','205','20291612513 - LUCIANO GAUNA - entrada - 2024/08/24 20:25:00',1,'[{\"added\": {}}]',21,2),(350,'2024-08-24 09:25:22.398035','206','20291612513 - LUCIANO GAUNA - salida - 2024/08/24 05:15:00',1,'[{\"added\": {}}]',21,2),(351,'2024-08-24 09:32:02.318800','207','GAUNA, LUCIANO - 20291612513 - entrada - 2024/08/25 04:25:00',1,'[{\"added\": {}}]',21,2),(352,'2024-08-24 09:32:19.543996','208','GAUNA, LUCIANO - 20291612513 - salida - 2024/08/25 10:21:00',1,'[{\"added\": {}}]',21,2),(353,'2024-08-24 09:45:11.169821','208','GAUNA, LUCIANO - 20291612513 - salida - 2024/08/25 10:21:00',3,'',21,2),(354,'2024-08-24 09:45:11.170952','207','GAUNA, LUCIANO - 20291612513 - entrada - 2024/08/25 04:25:00',3,'',21,2),(355,'2024-08-24 09:45:11.171959','206','GAUNA, LUCIANO - 20291612513 - salida - 2024/08/24 05:15:00',3,'',21,2),(356,'2024-08-24 09:45:11.173959','205','GAUNA, LUCIANO - 20291612513 - entrada - 2024/08/24 20:25:00',3,'',21,2),(357,'2024-08-24 09:45:18.354738','2','Horas_totales object (2)',3,'',28,2),(358,'2024-08-24 09:45:22.812437','20','Horas_trabajadas object (20)',3,'',26,2),(359,'2024-08-24 09:45:22.814437','19','Horas_trabajadas object (19)',3,'',26,2),(360,'2024-08-24 09:45:38.878504','209','BALDAZAR, RAUL - 20142811724 - entrada - 2024/08/24 20:59:00',1,'[{\"added\": {}}]',21,2),(361,'2024-08-24 09:45:52.488855','210','BALDAZAR, RAUL - 20142811724 - salida - 2024/08/25 05:22:00',1,'[{\"added\": {}}]',21,2),(362,'2024-08-24 09:49:38.842984','211','BAINOTTI, JORGE - 20356698550 - entrada - 2024/08/24 20:05:10',1,'[{\"added\": {}}]',21,2),(363,'2024-08-24 09:49:53.684659','212','BAINOTTI, JORGE - 20356698550 - salida - 2024/08/25 05:49:47',1,'[{\"added\": {}}]',21,2),(364,'2024-08-24 09:55:14.160242','213','PIZARRO, LEANDRO E. - 39610329 - entrada - 2024/08/24 20:35:00',1,'[{\"added\": {}}]',21,2),(365,'2024-08-24 09:55:39.751875','214','PIZARRO, LEANDRO E. - 39610329 - salida - 2024/08/25 03:02:15',1,'[{\"added\": {}}]',21,2),(366,'2024-08-24 10:00:54.824635','215','CALDERON, CARLOS - 20250403578 - entrada - 2024/08/24 04:45:00',1,'[{\"added\": {}}]',21,2),(367,'2024-08-24 10:01:14.109950','216','CALDERON, CARLOS - 20250403578 - salida - 2024/08/24 13:02:00',1,'[{\"added\": {}}]',21,2),(368,'2024-08-24 10:03:19.111943','217','BENI, CRISTIAN - 20361843453 - entrada - 2024/08/24 04:53:00',1,'[{\"added\": {}}]',21,2),(369,'2024-08-24 10:03:36.652128','218','BENI, CRISTIAN - 20361843453 - salida - 2024/08/24 15:02:10',1,'[{\"added\": {}}]',21,2),(370,'2024-08-24 10:04:18.193957','219','PIZARRO, LEANDRO E. - 39610329 - entrada - 2024/08/24 07:59:00',1,'[{\"added\": {}}]',21,2),(371,'2024-08-24 10:05:07.553592','220','PIZARRO, LEANDRO E. - 39610329 - salida - 2024/08/24 16:03:00',1,'[{\"added\": {}}]',21,2),(372,'2024-08-24 10:05:26.645076','214','PIZARRO, LEANDRO E. - 39610329 - salida - 2024/08/25 03:02:15',3,'',21,2),(373,'2024-08-24 10:05:26.646078','213','PIZARRO, LEANDRO E. - 39610329 - entrada - 2024/08/24 20:35:00',3,'',21,2),(374,'2024-08-24 10:05:46.233720','7','Horas_totales object (7)',3,'',28,2),(375,'2024-08-24 10:05:46.234922','6','Horas_totales object (6)',3,'',28,2),(376,'2024-08-24 10:05:46.236432','5','Horas_totales object (5)',3,'',28,2),(377,'2024-08-24 10:05:46.237809','4','Horas_totales object (4)',3,'',28,2),(378,'2024-08-24 10:05:46.238810','3','Horas_totales object (3)',3,'',28,2),(379,'2024-08-24 10:05:51.794173','26','Horas_trabajadas object (26)',3,'',26,2),(380,'2024-08-24 10:05:51.795592','25','Horas_trabajadas object (25)',3,'',26,2),(381,'2024-08-24 10:05:51.797597','24','Horas_trabajadas object (24)',3,'',26,2),(382,'2024-08-24 10:05:51.798596','23','Horas_trabajadas object (23)',3,'',26,2),(383,'2024-08-24 10:05:51.799598','22','Horas_trabajadas object (22)',3,'',26,2),(384,'2024-08-24 10:05:51.800597','21','Horas_trabajadas object (21)',3,'',26,2),(385,'2024-08-24 10:05:58.592757','11','Horas_extras object (11)',3,'',27,2),(386,'2024-08-24 10:05:58.594145','10','Horas_extras object (10)',3,'',27,2),(387,'2024-08-24 10:06:21.069555','220','PIZARRO, LEANDRO E. - 39610329 - salida - 2024/08/24 16:03:00',3,'',21,2),(388,'2024-08-24 10:06:21.070703','219','PIZARRO, LEANDRO E. - 39610329 - entrada - 2024/08/24 07:59:00',3,'',21,2),(389,'2024-08-24 10:06:21.072436','218','BENI, CRISTIAN - 20361843453 - salida - 2024/08/24 15:02:10',3,'',21,2),(390,'2024-08-24 10:06:21.072930','217','BENI, CRISTIAN - 20361843453 - entrada - 2024/08/24 04:53:00',3,'',21,2),(391,'2024-08-24 10:06:21.074939','216','CALDERON, CARLOS - 20250403578 - salida - 2024/08/24 13:02:00',3,'',21,2),(392,'2024-08-24 10:06:21.075936','215','CALDERON, CARLOS - 20250403578 - entrada - 2024/08/24 04:45:00',3,'',21,2),(393,'2024-08-24 10:06:21.076936','212','BAINOTTI, JORGE - 20356698550 - salida - 2024/08/25 05:49:47',3,'',21,2),(394,'2024-08-24 10:06:21.077937','211','BAINOTTI, JORGE - 20356698550 - entrada - 2024/08/24 20:05:10',3,'',21,2),(395,'2024-08-24 10:06:21.079936','210','BALDAZAR, RAUL - 20142811724 - salida - 2024/08/25 05:22:00',3,'',21,2),(396,'2024-08-24 10:06:21.080936','209','BALDAZAR, RAUL - 20142811724 - entrada - 2024/08/24 20:59:00',3,'',21,2),(397,'2024-08-24 10:06:36.488808','221','PIZARRO, LEANDRO E. - 39610329 - entrada - 2024/08/24 07:52:00',1,'[{\"added\": {}}]',21,2),(398,'2024-08-24 10:06:54.184303','222','PIZARRO, LEANDRO E. - 39610329 - salida - 2024/08/24 16:00:00',1,'[{\"added\": {}}]',21,2),(399,'2024-08-24 10:11:33.759205','222','PIZARRO, LEANDRO E. - 39610329 - salida - 2024/08/24 16:05:00',2,'[{\"changed\": {\"fields\": [\"Hora fichada\"]}}]',21,2),(400,'2024-08-24 10:15:11.074358','223','PIZARRO, LEANDRO E. - 39610329 - entrada - 2024/08/23 06:05:00',1,'[{\"added\": {}}]',21,2),(401,'2024-08-24 10:15:27.486424','224','PIZARRO, LEANDRO E. - 39610329 - salida - 2024/08/23 14:30:00',1,'[{\"added\": {}}]',21,2),(402,'2024-08-24 10:15:47.769459','224','PIZARRO, LEANDRO E. - 39610329 - salida - 2024/08/23 14:30:00',3,'',21,2),(403,'2024-08-24 10:15:47.770731','223','PIZARRO, LEANDRO E. - 39610329 - entrada - 2024/08/23 06:05:00',3,'',21,2),(404,'2024-08-24 10:15:47.771738','222','PIZARRO, LEANDRO E. - 39610329 - salida - 2024/08/24 16:05:00',3,'',21,2),(405,'2024-08-24 10:15:47.772737','221','PIZARRO, LEANDRO E. - 39610329 - entrada - 2024/08/24 07:52:00',3,'',21,2),(406,'2024-08-24 10:15:56.334630','8','Horas_totales object (8)',3,'',28,2),(407,'2024-08-24 10:16:01.989088','28','Horas_trabajadas object (28)',3,'',26,2),(408,'2024-08-24 10:16:01.992124','27','Horas_trabajadas object (27)',3,'',26,2),(409,'2024-08-24 10:16:09.517347','13','Horas_extras object (13)',3,'',27,2),(410,'2024-08-24 10:16:09.519622','12','Horas_extras object (12)',3,'',27,2),(411,'2024-08-24 10:16:54.974381','225','BAINOTTI, JORGE - 20356698550 - entrada - 2024/08/24 10:16:53',1,'[{\"added\": {}}]',21,2),(412,'2024-08-24 10:17:07.229384','226','BAINOTTI, JORGE - 20356698550 - salida - 2024/08/24 18:00:00',1,'[{\"added\": {}}]',21,2),(413,'2024-08-24 12:26:09.325949','226','BAINOTTI, JORGE - 20356698550 - salida - 2024/08/24 18:00:00',3,'',21,2),(414,'2024-08-24 12:26:09.327948','225','BAINOTTI, JORGE - 20356698550 - entrada - 2024/08/24 10:16:53',3,'',21,2),(415,'2024-08-24 12:26:14.180898','29','Horas_trabajadas object (29)',3,'',26,2),(416,'2024-08-24 12:26:20.622478','9','Horas_totales object (9)',3,'',28,2),(417,'2024-08-24 12:26:38.681799','227','PIZARRO, LEANDRO E. - 39610329 - entrada - 2024/08/23 07:55:00',1,'[{\"added\": {}}]',21,2),(418,'2024-08-24 12:27:50.452382','229','PIZARRO, LEANDRO E. - 39610329 - salida - 2024/08/23 16:23:00',1,'[{\"added\": {}}]',21,2),(419,'2024-08-24 12:32:46.075972','230','PIZARRO, LEANDRO E. - 39610329 - entrada - 2024/08/24 04:45:00',1,'[{\"added\": {}}]',21,2),(420,'2024-08-24 12:33:10.907213','231','PIZARRO, LEANDRO E. - 39610329 - salida - 2024/08/24 13:01:00',1,'[{\"added\": {}}]',21,2),(421,'2024-08-24 12:34:48.855626','232','BALDAZAR, RAUL - 20142811724 - entrada - 2024/08/24 08:30:00',1,'[{\"added\": {}}]',21,2),(422,'2024-08-24 12:35:01.802039','233','BALDAZAR, RAUL - 20142811724 - salida - 2024/08/24 15:45:00',1,'[{\"added\": {}}]',21,2),(423,'2024-08-24 12:37:27.003401','234','PIZARRO, LEANDRO E. - 39610329 - entrada - 2024/08/13 07:58:00',1,'[{\"added\": {}}]',21,2),(424,'2024-08-24 12:37:47.691909','235','PIZARRO, LEANDRO E. - 39610329 - salida - 2024/08/13 16:15:00',1,'[{\"added\": {}}]',21,2),(425,'2024-08-24 12:53:38.201710','235','PIZARRO, LEANDRO E. - 39610329 - salida - 2024/08/13 16:15:00',3,'',21,2),(426,'2024-08-24 12:53:38.203710','234','PIZARRO, LEANDRO E. - 39610329 - entrada - 2024/08/13 07:58:00',3,'',21,2),(427,'2024-08-24 12:53:38.204710','233','BALDAZAR, RAUL - 20142811724 - salida - 2024/08/24 15:45:00',3,'',21,2),(428,'2024-08-24 12:53:38.205711','232','BALDAZAR, RAUL - 20142811724 - entrada - 2024/08/24 08:30:00',3,'',21,2),(429,'2024-08-24 12:53:38.207710','231','PIZARRO, LEANDRO E. - 39610329 - salida - 2024/08/24 13:01:00',3,'',21,2),(430,'2024-08-24 12:53:38.208711','230','PIZARRO, LEANDRO E. - 39610329 - entrada - 2024/08/24 04:45:00',3,'',21,2),(431,'2024-08-24 12:53:38.209710','229','PIZARRO, LEANDRO E. - 39610329 - salida - 2024/08/23 16:23:00',3,'',21,2),(432,'2024-08-24 12:53:38.211710','227','PIZARRO, LEANDRO E. - 39610329 - entrada - 2024/08/23 07:55:00',3,'',21,2),(433,'2024-08-24 12:53:43.132755','11','Horas_totales object (11)',3,'',28,2),(434,'2024-08-24 12:53:43.133755','10','Horas_totales object (10)',3,'',28,2),(435,'2024-08-24 12:53:47.463595','33','Horas_trabajadas object (33)',3,'',26,2),(436,'2024-08-24 12:53:47.464595','32','Horas_trabajadas object (32)',3,'',26,2),(437,'2024-08-24 12:53:47.466595','31','Horas_trabajadas object (31)',3,'',26,2),(438,'2024-08-24 12:53:47.467595','30','Horas_trabajadas object (30)',3,'',26,2),(439,'2024-08-24 12:53:52.040004','16','Horas_extras object (16)',3,'',27,2),(440,'2024-08-24 12:53:52.041528','15','Horas_extras object (15)',3,'',27,2),(441,'2024-08-24 12:53:52.042534','14','Horas_extras object (14)',3,'',27,2),(442,'2024-08-24 12:54:11.441789','236','PIZARRO, LEANDRO E. - 39610329 - entrada - 2024/08/24 04:45:00',1,'[{\"added\": {}}]',21,2),(443,'2024-08-24 12:54:32.960578','237','PIZARRO, LEANDRO E. - 39610329 - salida - 2024/08/24 13:00:32',1,'[{\"added\": {}}]',21,2),(444,'2024-08-26 08:27:14.043468','237','PIZARRO, LEANDRO E. - 39610329 - salida - 2024/08/24 13:00:32',3,'',21,2),(445,'2024-08-26 08:27:14.045468','236','PIZARRO, LEANDRO E. - 39610329 - entrada - 2024/08/24 04:45:00',3,'',21,2),(446,'2024-08-26 08:27:23.030891','12','Horas_totales object (12)',3,'',28,2),(447,'2024-08-26 08:27:27.439629','34','Horas_trabajadas object (34)',3,'',26,2),(448,'2024-08-26 08:27:32.076513','17','Horas_extras object (17)',3,'',27,2),(449,'2024-08-26 08:27:56.871279','238','PIZARRO, LEANDRO E. - 39610329 - entrada - 2024/08/26 07:57:00',1,'[{\"added\": {}}]',21,2),(450,'2024-08-26 08:28:12.291587','239','PIZARRO, LEANDRO E. - 39610329 - salida - 2024/08/26 16:23:00',1,'[{\"added\": {}}]',21,2),(451,'2024-08-26 08:28:49.001295','240','PIZARRO, LEANDRO E. - 39610329 - entrada - 2024/08/27 04:45:00',1,'[{\"added\": {}}]',21,2),(452,'2024-08-26 08:29:07.070570','241','PIZARRO, LEANDRO E. - 39610329 - salida - 2024/08/27 13:05:00',1,'[{\"added\": {}}]',21,2),(453,'2024-08-26 08:30:17.271006','242','MASSAFARA, BRAIAN - 41888232 - entrada - 2024/08/26 20:43:00',1,'[{\"added\": {}}]',21,2),(454,'2024-08-26 08:31:47.883641','244','MASSAFARA, BRAIAN - 41888232 - salida - 2024/08/27 05:02:15',1,'[{\"added\": {}}]',21,2),(455,'2024-08-26 08:33:24.193034','245','PIZARRO, LEANDRO E. - 39610329 - entrada - 2024/08/14 20:20:10',1,'[{\"added\": {}}]',21,2),(456,'2024-08-26 08:33:44.413401','246','PIZARRO, LEANDRO E. - 39610329 - salida - 2024/08/14 05:05:22',1,'[{\"added\": {}}]',21,2),(457,'2024-08-26 08:34:52.484964','246','PIZARRO, LEANDRO E. - 39610329 - salida - 2024/08/14 05:05:22',3,'',21,2),(458,'2024-08-26 08:34:52.487053','245','PIZARRO, LEANDRO E. - 39610329 - entrada - 2024/08/14 20:20:10',3,'',21,2),(459,'2024-08-26 08:44:49.267048','247','PIZARRO, LEANDRO E. - 39610329 - entrada - 2024/08/25 12:00:00',1,'[{\"added\": {}}]',21,2),(460,'2024-08-26 09:05:09.533316','38','Horas_trabajadas object (38)',3,'',26,2),(461,'2024-08-26 09:05:09.534491','37','Horas_trabajadas object (37)',3,'',26,2),(462,'2024-08-26 09:05:09.535997','36','Horas_trabajadas object (36)',3,'',26,2),(463,'2024-08-26 09:05:09.537001','35','Horas_trabajadas object (35)',3,'',26,2),(464,'2024-08-26 09:05:15.788412','21','Horas_extras object (21)',3,'',27,2),(465,'2024-08-26 09:05:15.789542','20','Horas_extras object (20)',3,'',27,2),(466,'2024-08-26 09:05:15.790548','19','Horas_extras object (19)',3,'',27,2),(467,'2024-08-26 09:05:15.791547','18','Horas_extras object (18)',3,'',27,2),(468,'2024-08-26 09:05:21.430140','14','Horas_totales object (14)',3,'',28,2),(469,'2024-08-26 09:05:21.431139','13','Horas_totales object (13)',3,'',28,2),(470,'2024-08-26 09:05:32.613992','247','PIZARRO, LEANDRO E. - 39610329 - entrada - 2024/08/25 12:00:00',3,'',21,2),(471,'2024-08-26 09:05:32.615990','244','MASSAFARA, BRAIAN - 41888232 - salida - 2024/08/27 05:02:15',3,'',21,2),(472,'2024-08-26 09:05:32.617498','242','MASSAFARA, BRAIAN - 41888232 - entrada - 2024/08/26 20:43:00',3,'',21,2),(473,'2024-08-26 09:05:32.618504','241','PIZARRO, LEANDRO E. - 39610329 - salida - 2024/08/27 13:05:00',3,'',21,2),(474,'2024-08-26 09:05:32.619503','240','PIZARRO, LEANDRO E. - 39610329 - entrada - 2024/08/27 04:45:00',3,'',21,2),(475,'2024-08-26 09:05:32.620503','239','PIZARRO, LEANDRO E. - 39610329 - salida - 2024/08/26 16:23:00',3,'',21,2),(476,'2024-08-26 09:05:32.621503','238','PIZARRO, LEANDRO E. - 39610329 - entrada - 2024/08/26 07:57:00',3,'',21,2),(477,'2024-08-26 09:06:54.181940','255','PIZARRO, LEANDRO E. - 39610329 - entrada - 2024/08/25 20:30:00',1,'[{\"added\": {}}]',21,2),(478,'2024-08-26 09:09:15.007457','255','PIZARRO, LEANDRO E. - 39610329 - entrada - 2024/08/25 20:30:00',3,'',21,2),(479,'2024-08-26 09:09:31.048866','256','PIZARRO, LEANDRO E. - 39610329 - entrada - 2024/08/26 07:59:00',1,'[{\"added\": {}}]',21,2),(480,'2024-08-26 09:11:15.740128','257','PIZARRO, LEANDRO E. - 39610329 - salida - 2024/08/26 16:12:05',1,'[{\"added\": {}}]',21,2),(481,'2024-08-26 09:12:13.841061','22','Horas_extras object (22)',3,'',27,2),(482,'2024-08-26 09:12:22.407272','39','Horas_trabajadas object (39)',3,'',26,2),(483,'2024-08-26 09:12:28.060547','15','Horas_totales object (15)',3,'',28,2),(484,'2024-08-26 09:12:33.993247','257','PIZARRO, LEANDRO E. - 39610329 - salida - 2024/08/26 16:12:05',3,'',21,2),(485,'2024-08-26 09:12:33.995246','256','PIZARRO, LEANDRO E. - 39610329 - entrada - 2024/08/26 07:59:00',3,'',21,2),(486,'2024-08-26 09:14:35.572445','258','PIZARRO, LEANDRO E. - 39610329 - entrada - 2024/08/26 07:53:00',1,'[{\"added\": {}}]',21,2),(487,'2024-08-26 09:14:49.038719','259','PIZARRO, LEANDRO E. - 39610329 - salida - 2024/08/26 16:04:23',1,'[{\"added\": {}}]',21,2),(488,'2024-08-26 09:26:31.288258','260','PIZARRO, LEANDRO E. - 39610329 - entrada - 2024/08/26 09:26:02',3,'',21,2),(489,'2024-08-26 09:26:31.289926','259','PIZARRO, LEANDRO E. - 39610329 - salida - 2024/08/26 16:04:23',3,'',21,2),(490,'2024-08-26 09:26:31.290932','258','PIZARRO, LEANDRO E. - 39610329 - entrada - 2024/08/26 07:53:00',3,'',21,2),(491,'2024-08-26 09:27:08.969768','266','PIZARRO, LEANDRO E. - 39610329 - salida - 2024/08/26 09:27:08',1,'[{\"added\": {}}]',21,2),(492,'2024-08-26 09:54:50.315151','295','GOLINELLI, BLAS - 37232833',2,'[{\"changed\": {\"fields\": [\"Areas\"]}}]',14,2),(493,'2024-08-26 10:06:27.788861','6','CALDERON, CARLOS - 25040357',2,'[{\"changed\": {\"fields\": [\"Areas\"]}}]',14,2),(494,'2024-08-26 11:24:10.134638','297','MORANGE, AGUSTIN - 46512137',2,'[{\"changed\": {\"fields\": [\"Areas\"]}}]',14,2),(495,'2024-08-26 11:28:33.313497','142','PIZARRO, LEANDRO E. - 39610329',2,'[{\"added\": {\"name\": \"licencia\", \"object\": \"Licencia licencias/Captura_de_pantalla_4.png para LEANDRO\"}}]',14,2),(496,'2024-08-26 11:36:18.939223','142','PIZARRO, LEANDRO E. - 39610329',2,'[{\"deleted\": {\"name\": \"licencia\", \"object\": \"Licencia licencias/Captura_de_pantalla_4.png para LEANDRO\"}}]',14,2),(497,'2024-08-26 11:36:43.954533','142','PIZARRO, LEANDRO E. - 39610329',2,'[{\"added\": {\"name\": \"licencia\", \"object\": \"Licencia licencias/doc_1.pdf para LEANDRO\"}}]',14,2),(498,'2024-08-26 11:38:07.086412','142','PIZARRO, LEANDRO E. - 39610329',2,'[{\"deleted\": {\"name\": \"licencia\", \"object\": \"Licencia licencias/doc_1.pdf para LEANDRO\"}}]',14,2),(499,'2024-08-26 11:40:36.053706','1','Hores',2,'[{\"changed\": {\"fields\": [\"Permissions\"]}}]',3,2),(500,'2024-08-26 11:41:33.219048','1','Hores',2,'[{\"changed\": {\"fields\": [\"Permissions\"]}}]',3,2),(501,'2024-08-26 11:43:23.420901','142','PIZARRO, LEANDRO E. - 39610329',2,'[{\"added\": {\"name\": \"licencia\", \"object\": \"Licencia licencias/doc_1_lhnW4R5.pdf para LEANDRO\"}}]',14,4),(502,'2024-08-26 15:18:25.989151','271','BALDAZAR, RAUL - 14281172 - entrada - 2024/08/26 15:18:25',1,'[{\"added\": {}}]',21,2),(503,'2024-08-26 15:22:58.457500','272','BALDAZAR, RAUL - 14281172 - salida - 2024/08/26 15:22:57',1,'[{\"added\": {}}]',21,2),(504,'2024-08-26 15:31:06.184202','273','BAINOTTI, JORGE - 35669855 - entrada - 2024/08/26 15:31:05',1,'[{\"added\": {}}]',21,2),(505,'2024-08-26 15:31:25.449513','272','BALDAZAR, RAUL - 14281172 - salida - 2024/08/26 15:22:57',3,'',21,2),(506,'2024-08-26 15:31:25.451016','271','BALDAZAR, RAUL - 14281172 - entrada - 2024/08/26 15:18:25',3,'',21,2),(507,'2024-08-26 15:31:32.707242','274','BALDAZAR, RAUL - 14281172 - entrada - 2024/08/26 15:31:32',1,'[{\"added\": {}}]',21,2),(508,'2024-08-26 15:42:21.651646','275','MONTI, CHRISTIAN - 36707055 - entrada - 2024/08/26 15:42:20',1,'[{\"added\": {}}]',21,2),(509,'2024-08-26 15:45:57.763860','275','MONTI, CHRISTIAN - 36707055 - entrada - 2024/08/26 15:42:20',3,'',21,2),(510,'2024-08-26 15:45:57.764860','274','BALDAZAR, RAUL - 14281172 - entrada - 2024/08/26 15:31:32',3,'',21,2),(511,'2024-08-26 15:45:57.766860','273','BAINOTTI, JORGE - 35669855 - entrada - 2024/08/26 15:31:05',3,'',21,2),(512,'2024-08-26 15:45:57.767860','270','PIZARRO, LEANDRO E. - 39610329 - salida - 2024/08/26 09:27:28',3,'',21,2),(513,'2024-08-26 15:45:57.768860','269','PIZARRO, LEANDRO E. - 39610329 - entrada_transitoria - 2024/08/26 09:27:26',3,'',21,2),(514,'2024-08-26 15:45:57.770860','268','PIZARRO, LEANDRO E. - 39610329 - salida_transitoria - 2024/08/26 09:27:22',3,'',21,2),(515,'2024-08-26 15:45:57.771859','267','PIZARRO, LEANDRO E. - 39610329 - entrada - 2024/08/26 09:27:20',3,'',21,2),(516,'2024-08-26 15:45:57.772860','266','PIZARRO, LEANDRO E. - 39610329 - salida - 2024/08/26 09:27:08',3,'',21,2),(517,'2024-08-26 15:45:57.773859','265','PIZARRO, LEANDRO E. - 39610329 - entrada - 2024/08/26 09:26:55',3,'',21,2),(518,'2024-08-26 15:45:57.774859','264','PIZARRO, LEANDRO E. - 39610329 - salida - 2024/08/26 09:26:46',3,'',21,2),(519,'2024-08-26 15:45:57.776861','263','PIZARRO, LEANDRO E. - 39610329 - entrada_transitoria - 2024/08/26 09:26:43',3,'',21,2),(520,'2024-08-26 15:45:57.777861','262','PIZARRO, LEANDRO E. - 39610329 - salida_transitoria - 2024/08/26 09:26:40',3,'',21,2),(521,'2024-08-26 15:45:57.779859','261','PIZARRO, LEANDRO E. - 39610329 - entrada - 2024/08/26 09:26:37',3,'',21,2),(522,'2024-08-26 15:52:39.309730','17','Horas_totales object (17)',3,'',28,2),(523,'2024-08-26 15:52:39.311728','16','Horas_totales object (16)',3,'',28,2),(524,'2024-08-26 15:52:45.708005','41','Horas_trabajadas object (41)',3,'',26,2),(525,'2024-08-26 15:52:45.710005','40','Horas_trabajadas object (40)',3,'',26,2),(526,'2024-08-26 15:52:51.249954','23','Horas_extras object (23)',3,'',27,2),(527,'2024-08-26 15:56:42.684985','276','PIZARRO, LEANDRO E. - 39610329 - entrada - 2024/08/26 15:56:42',1,'[{\"added\": {}}]',21,2),(528,'2024-08-26 15:57:03.715409','276','PIZARRO, LEANDRO E. - 39610329 - entrada - 2024/08/26 15:56:42',3,'',21,2),(529,'2024-08-26 15:57:25.696062','277','PIZARRO, LEANDRO E. - 39610329 - entrada - 2024/08/26 15:57:24',1,'[{\"added\": {}}]',21,2),(530,'2024-08-26 15:57:36.767094','278','PIZARRO, LEANDRO E. - 39610329 - salida - 2024/08/26 15:57:35',1,'[{\"added\": {}}]',21,2),(531,'2024-08-26 15:57:44.949278','278','PIZARRO, LEANDRO E. - 39610329 - salida - 2024/08/26 15:57:35',3,'',21,2),(532,'2024-08-26 15:57:54.780255','277','PIZARRO, LEANDRO E. - 39610329 - entrada - 2024/08/26 15:57:24',3,'',21,2),(533,'2024-08-26 16:06:57.251401','72','MORANGE, AGUSTIN - 46512137 - 2024-08-26 - ❌ Ausente',2,'[{\"changed\": {\"fields\": [\"Descripcion\"]}}]',32,2),(534,'2024-08-26 16:07:11.803124','72','MORANGE, AGUSTIN - 46512137 - 2024-08-26 - ❌ Ausente',2,'[]',32,2),(535,'2024-08-26 16:07:17.675381','72','MORANGE, AGUSTIN - 46512137 - 2024-08-26 - ❌ Ausente',2,'[{\"changed\": {\"fields\": [\"Descripcion\"]}}]',32,2),(536,'2024-08-26 16:07:25.631860','72','MORANGE, AGUSTIN - 46512137 - 2024-08-26 - ❌ Ausente',2,'[]',32,2),(537,'2024-08-26 16:07:36.532666','72','MORANGE, AGUSTIN - 46512137 - 2024-08-26 - ❌ Ausente',2,'[]',32,2),(538,'2024-08-26 16:08:03.548246','71','PIERMARINI, FACUNDO FABIAN - 41484145 - 2024-08-26 - ❌ Ausente',2,'[{\"changed\": {\"fields\": [\"Estado justificacion\", \"Descripcion\"]}}]',32,2),(539,'2024-08-27 08:03:03.824903','42','Horas_trabajadas object (42)',3,'',26,2),(540,'2024-08-27 08:03:08.702854','24','Horas_extras object (24)',3,'',27,2),(541,'2024-08-27 08:03:14.582251','18','Horas_totales object (18)',3,'',28,2),(542,'2024-08-27 08:03:34.599228','279','PIZARRO, LEANDRO E. - 39610329 - entrada - 2024/08/27 08:03:33',1,'[{\"added\": {}}]',21,2),(543,'2024-08-27 08:05:03.278067','73','PIZARRO, LEANDRO E. - 39610329 - 2024-08-27 - ✅ Presente',2,'[]',32,2),(544,'2024-08-27 08:40:35.497876','73','PIZARRO, LEANDRO E. - 39610329 - 2024-08-27 - ✅ Presente',2,'[{\"changed\": {\"fields\": [\"Estado justificacion\"]}}]',32,2),(545,'2024-08-27 08:56:33.019872','142','PIZARRO, LEANDRO E. - 39610329',2,'[{\"deleted\": {\"name\": \"licencia\", \"object\": \"Licencia licencias/doc_1_lhnW4R5.pdf para LEANDRO (None d\\u00edas)\"}}, {\"deleted\": {\"name\": \"licencia\", \"object\": \"Licencia licencias/Captura_de_pantalla_3_3rjd0zL.png para LEANDRO (None d\\u00edas)\"}}, {\"deleted\": {\"name\": \"licencia\", \"object\": \"Licencia licencias/Captura_de_pantalla_3_djgQ7kw.png para LEANDRO (None d\\u00edas)\"}}, {\"deleted\": {\"name\": \"licencia\", \"object\": \"Licencia licencias/Captura_de_pantalla_5.png para LEANDRO (15 d\\u00edas)\"}}]',14,2),(546,'2024-08-27 08:58:07.630285','71','PIERMARINI, FACUNDO FABIAN - 41484145 - 2024-08-26 - ❌ Ausente',2,'[{\"changed\": {\"fields\": [\"Estado justificacion\", \"Descripcion\"]}}]',32,2),(547,'2024-08-27 09:06:04.016229','280','BALDAZAR, RAUL - 14281172 - entrada - 2024/08/27 09:06:00',1,'[{\"added\": {}}]',21,2),(548,'2024-08-27 09:07:45.479254','281','PIZARRO, LEANDRO E. - 39610329 - salida - 2024/08/27 16:00:00',1,'[{\"added\": {}}]',21,2),(549,'2024-08-27 09:10:19.130245','282','PIZARRO, LEANDRO E. - 39610329 - entrada - 2024/08/28 07:54:00',1,'[{\"added\": {}}]',21,2),(550,'2024-08-27 09:10:39.870715','283','PIZARRO, LEANDRO E. - 39610329 - salida - 2024/08/28 17:02:00',1,'[{\"added\": {}}]',21,2),(551,'2024-08-27 09:21:21.447624','75','PIZARRO, LEANDRO E. - 39610329 - 2024-08-28 - ✅ Presente',3,'',32,2),(552,'2024-08-27 09:21:21.448622','74','BALDAZAR, RAUL - 14281172 - 2024-08-27 - ✅ Presente',3,'',32,2),(553,'2024-08-27 09:21:21.449631','73','PIZARRO, LEANDRO E. - 39610329 - 2024-08-27 - ✅ Presente',3,'',32,2),(554,'2024-08-27 09:21:34.493169','72','MORANGE, AGUSTIN - 46512137 - 2024-08-26 - ❌ Ausente',2,'[{\"changed\": {\"fields\": [\"Estado justificacion\", \"Descripcion\"]}}]',32,2),(555,'2024-08-27 09:22:09.168248','297','MORANGE, AGUSTIN - 46512137',2,'[{\"deleted\": {\"name\": \"licencia\", \"object\": \"Licencia licencias/Captura_de_pantalla_5_3bK7goc.png para AGUSTIN (4 d\\u00edas)\"}}]',14,2),(556,'2024-08-27 09:26:53.394385','297','MORANGE, AGUSTIN - 46512137',2,'[{\"deleted\": {\"name\": \"licencia\", \"object\": \"Licencia licencias/Captura_de_pantalla_3_RFNzFrM.png para AGUSTIN (3 d\\u00edas)\"}}]',14,2),(557,'2024-08-27 09:27:04.484558','72','MORANGE, AGUSTIN - 46512137 - 2024-08-26 - ❌ Ausente',2,'[{\"changed\": {\"fields\": [\"Estado justificacion\", \"Descripcion\"]}}]',32,2),(558,'2024-08-27 14:38:34.651286','284','PIZARRO, LEANDRO E. - 39610329 - entrada - 2024/08/27 14:38:04',3,'',21,2),(559,'2024-08-27 14:38:34.652970','283','PIZARRO, LEANDRO E. - 39610329 - salida - 2024/08/28 17:02:00',3,'',21,2),(560,'2024-08-27 14:38:34.654056','282','PIZARRO, LEANDRO E. - 39610329 - entrada - 2024/08/28 07:54:00',3,'',21,2),(561,'2024-08-27 14:38:34.655060','281','PIZARRO, LEANDRO E. - 39610329 - salida - 2024/08/27 16:00:00',3,'',21,2),(562,'2024-08-27 14:38:34.656059','280','BALDAZAR, RAUL - 14281172 - entrada - 2024/08/27 09:06:00',3,'',21,2),(563,'2024-08-27 14:38:34.657059','279','PIZARRO, LEANDRO E. - 39610329 - entrada - 2024/08/27 08:03:33',3,'',21,2),(564,'2024-08-28 08:16:16.357217','1','Hores',2,'[{\"changed\": {\"fields\": [\"Permissions\"]}}]',3,2),(565,'2024-08-28 08:45:54.648900','317','PIZARRO, LEANDRO E. - 39610329 - salida - 2024/08/28 10:10:25',2,'[{\"changed\": {\"fields\": [\"Tipo movimiento\", \"Hora fichada\"]}}]',21,4),(566,'2024-08-28 09:39:44.330307','318','PIZARRO, LEANDRO E. - 39610329 - entrada - 2024/08/28 09:39:10',3,'',21,2),(567,'2024-08-28 09:39:44.332304','317','PIZARRO, LEANDRO E. - 39610329 - salida - 2024/08/28 10:10:25',3,'',21,2),(568,'2024-08-28 09:39:44.333101','316','PIZARRO, LEANDRO E. - 39610329 - salida - 2024/08/27 15:59:19',3,'',21,2),(569,'2024-08-28 09:39:44.334478','315','PIZARRO, LEANDRO E. - 39610329 - entrada_transitoria - 2024/08/27 15:59:16',3,'',21,2),(570,'2024-08-28 09:39:44.335484','314','PIZARRO, LEANDRO E. - 39610329 - salida_transitoria - 2024/08/27 15:59:11',3,'',21,2),(571,'2024-08-28 09:39:44.336484','313','PIZARRO, LEANDRO E. - 39610329 - entrada - 2024/08/27 15:59:08',3,'',21,2),(572,'2024-08-28 09:39:44.337484','312','PIZARRO, LEANDRO E. - 39610329 - salida - 2024/08/27 15:59:05',3,'',21,2),(573,'2024-08-28 09:39:44.339484','311','PIZARRO, LEANDRO E. - 39610329 - entrada_transitoria - 2024/08/27 15:59:02',3,'',21,2),(574,'2024-08-28 09:39:44.340483','310','PIZARRO, LEANDRO E. - 39610329 - salida_transitoria - 2024/08/27 15:58:59',3,'',21,2),(575,'2024-08-28 09:39:44.341483','309','PIZARRO, LEANDRO E. - 39610329 - entrada - 2024/08/27 15:58:56',3,'',21,2),(576,'2024-08-28 09:39:44.342483','308','PIZARRO, LEANDRO E. - 39610329 - salida - 2024/08/27 15:58:53',3,'',21,2),(577,'2024-08-28 09:39:44.343727','307','PIZARRO, LEANDRO E. - 39610329 - entrada_transitoria - 2024/08/27 15:58:49',3,'',21,2),(578,'2024-08-28 09:39:44.344727','306','PIZARRO, LEANDRO E. - 39610329 - salida_transitoria - 2024/08/27 15:58:46',3,'',21,2),(579,'2024-08-28 09:39:44.346727','305','PIZARRO, LEANDRO E. - 39610329 - entrada - 2024/08/27 15:40:47',3,'',21,2),(580,'2024-08-28 09:39:44.347727','304','PIZARRO, LEANDRO E. - 39610329 - salida - 2024/08/27 15:40:45',3,'',21,2),(581,'2024-08-28 09:39:44.348727','303','PIZARRO, LEANDRO E. - 39610329 - entrada_transitoria - 2024/08/27 15:40:40',3,'',21,2),(582,'2024-08-28 09:39:44.349726','302','PIZARRO, LEANDRO E. - 39610329 - salida_transitoria - 2024/08/27 15:40:37',3,'',21,2),(583,'2024-08-28 09:39:44.350726','301','PIZARRO, LEANDRO E. - 39610329 - entrada - 2024/08/27 14:55:48',3,'',21,2),(584,'2024-08-28 09:39:44.352467','300','PIZARRO, LEANDRO E. - 39610329 - salida - 2024/08/27 14:53:34',3,'',21,2),(585,'2024-08-28 09:39:44.353190','299','PIZARRO, LEANDRO E. - 39610329 - entrada_transitoria - 2024/08/27 14:53:29',3,'',21,2),(586,'2024-08-28 09:39:44.354196','298','PIZARRO, LEANDRO E. - 39610329 - salida_transitoria - 2024/08/27 14:53:24',3,'',21,2),(587,'2024-08-28 09:39:44.355197','297','PIZARRO, LEANDRO E. - 39610329 - entrada - 2024/08/27 14:53:18',3,'',21,2),(588,'2024-08-28 09:39:44.357196','296','PIZARRO, LEANDRO E. - 39610329 - salida - 2024/08/27 14:51:30',3,'',21,2),(589,'2024-08-28 09:39:44.358196','295','PIZARRO, LEANDRO E. - 39610329 - entrada_transitoria - 2024/08/27 14:51:28',3,'',21,2),(590,'2024-08-28 09:39:44.359196','294','PIZARRO, LEANDRO E. - 39610329 - salida_transitoria - 2024/08/27 14:51:25',3,'',21,2),(591,'2024-08-28 09:39:44.360196','293','PIZARRO, LEANDRO E. - 39610329 - entrada - 2024/08/27 14:51:18',3,'',21,2),(592,'2024-08-28 09:39:44.361196','292','PIZARRO, LEANDRO E. - 39610329 - salida - 2024/08/27 14:43:34',3,'',21,2),(593,'2024-08-28 09:39:44.362196','291','PIZARRO, LEANDRO E. - 39610329 - entrada_transitoria - 2024/08/27 14:43:30',3,'',21,2),(594,'2024-08-28 09:39:44.364266','290','PIZARRO, LEANDRO E. - 39610329 - salida_transitoria - 2024/08/27 14:43:26',3,'',21,2),(595,'2024-08-28 09:39:44.365266','289','PIZARRO, LEANDRO E. - 39610329 - entrada - 2024/08/27 14:38:55',3,'',21,2),(596,'2024-08-28 09:39:44.366265','288','PIZARRO, LEANDRO E. - 39610329 - salida - 2024/08/27 14:38:50',3,'',21,2),(597,'2024-08-28 09:39:44.367265','287','PIZARRO, LEANDRO E. - 39610329 - entrada_transitoria - 2024/08/27 14:38:46',3,'',21,2),(598,'2024-08-28 09:39:44.368265','286','PIZARRO, LEANDRO E. - 39610329 - salida_transitoria - 2024/08/27 14:38:43',3,'',21,2),(599,'2024-08-28 09:39:44.370256','285','PIZARRO, LEANDRO E. - 39610329 - entrada - 2024/08/27 14:38:40',3,'',21,2),(600,'2024-08-28 09:43:19.234089','26','Horas_extras object (26)',3,'',27,2),(601,'2024-08-28 09:43:19.235303','25','Horas_extras object (25)',3,'',27,2),(602,'2024-08-28 09:43:24.660018','44','Horas_trabajadas object (44)',3,'',26,2),(603,'2024-08-28 09:43:24.661015','43','Horas_trabajadas object (43)',3,'',26,2),(604,'2024-08-28 09:43:30.149877','19','Horas_totales object (19)',3,'',28,2),(605,'2024-08-28 11:03:00.840670','324','PIZARRO, LEANDRO E. - 39610329 - salida_transitoria - 2024/08/28 11:02:59',1,'[{\"added\": {}}]',21,2),(606,'2024-08-28 11:14:40.119833','325','PIZARRO, LEANDRO E. - 39610329 - entrada_transitoria - 2024/08/28 11:12:45',3,'',21,2),(607,'2024-08-28 11:14:40.122417','324','PIZARRO, LEANDRO E. - 39610329 - salida_transitoria - 2024/08/28 11:02:59',3,'',21,2),(608,'2024-08-28 11:14:40.123397','323','PIZARRO, LEANDRO E. - 39610329 - entrada - 2024/08/28 11:02:42',3,'',21,2),(609,'2024-08-28 11:14:40.124403','322','PIZARRO, LEANDRO E. - 39610329 - salida - 2024/08/28 09:40:09',3,'',21,2),(610,'2024-08-28 11:14:40.125403','321','PIZARRO, LEANDRO E. - 39610329 - entrada_transitoria - 2024/08/28 09:40:05',3,'',21,2),(611,'2024-08-28 11:14:40.127402','320','PIZARRO, LEANDRO E. - 39610329 - salida_transitoria - 2024/08/28 09:40:00',3,'',21,2),(612,'2024-08-28 11:14:40.128403','319','PIZARRO, LEANDRO E. - 39610329 - entrada - 2024/08/28 09:39:50',3,'',21,2),(613,'2024-08-28 11:14:57.320553','326','PIZARRO, LEANDRO E. - 39610329 - entrada - 2024/08/28 07:55:00',1,'[{\"added\": {}}]',21,2),(614,'2024-08-28 11:15:17.048306','327','PIZARRO, LEANDRO E. - 39610329 - salida - 2024/08/28 16:21:00',1,'[{\"added\": {}}]',21,2),(615,'2024-08-28 11:19:47.732488','292','GIMENEZ, BENJAMIN JOSUE - 45937356',2,'[{\"changed\": {\"fields\": [\"Nombre\", \"Areas\"]}}]',14,2),(616,'2024-08-28 11:21:00.755520','214','BELTRAN, GABRIEL - 38279571',2,'[{\"changed\": {\"fields\": [\"Areas\"]}}]',14,2),(617,'2024-08-28 11:21:08.887503','284','BELTRAN, GERMAN - 39326346',2,'[{\"changed\": {\"fields\": [\"Areas\"]}}]',14,2),(618,'2024-08-28 11:25:32.292809','328','PIZARRO, LEANDRO E. - 39610329 - entrada - 2024/08/28 11:25:30',1,'[{\"added\": {}}]',21,2),(619,'2024-08-28 11:26:05.770953','329','PIZARRO, LEANDRO E. - 39610329 - salida - 2024/08/28 11:26:03',1,'[{\"added\": {}}]',21,2),(620,'2024-08-28 11:26:32.966146','330','PIZARRO, LEANDRO E. - 39610329 - entrada - 2024/08/28 11:26:31',1,'[{\"added\": {}}]',21,2),(621,'2024-08-28 12:51:10.113711','330','PIZARRO, LEANDRO E. - 39610329 - entrada - 2024/08/28 11:26:31',3,'',21,2),(622,'2024-08-28 12:51:10.115025','329','PIZARRO, LEANDRO E. - 39610329 - salida - 2024/08/28 11:26:03',3,'',21,2),(623,'2024-08-28 12:51:10.117032','328','PIZARRO, LEANDRO E. - 39610329 - entrada - 2024/08/28 11:25:30',3,'',21,2),(624,'2024-08-28 12:51:10.118031','327','PIZARRO, LEANDRO E. - 39610329 - salida - 2024/08/28 16:21:00',3,'',21,2),(625,'2024-08-28 12:51:10.119031','326','PIZARRO, LEANDRO E. - 39610329 - entrada - 2024/08/28 07:55:00',3,'',21,2),(626,'2024-08-29 09:41:43.367350','384','PIZARRO, LEANDRO E. - 39610329 - entrada - 2024/08/29 09:38:11',3,'',21,2),(627,'2024-08-29 09:41:43.368984','383','PIZARRO, LEANDRO E. - 39610329 - salida - 2024/08/29 09:37:54',3,'',21,2),(628,'2024-08-29 09:41:43.369990','382','PIZARRO, LEANDRO E. - 39610329 - entrada_transitoria - 2024/08/29 09:37:52',3,'',21,2),(629,'2024-08-29 09:41:43.370989','381','PIZARRO, LEANDRO E. - 39610329 - salida_transitoria - 2024/08/29 09:37:48',3,'',21,2),(630,'2024-08-29 09:41:43.371989','380','PIZARRO, LEANDRO E. - 39610329 - entrada - 2024/08/29 09:37:43',3,'',21,2),(631,'2024-08-29 09:41:43.372988','379','PIZARRO, LEANDRO E. - 39610329 - salida - 2024/08/29 09:37:10',3,'',21,2),(632,'2024-08-29 09:41:43.374990','378','PIZARRO, LEANDRO E. - 39610329 - entrada_transitoria - 2024/08/29 09:37:07',3,'',21,2),(633,'2024-08-29 09:41:43.376989','377','PIZARRO, LEANDRO E. - 39610329 - salida_transitoria - 2024/08/29 09:36:50',3,'',21,2),(634,'2024-08-29 09:41:43.378494','376','PIZARRO, LEANDRO E. - 39610329 - salida_transitoria - 2024/08/29 09:36:50',3,'',21,2),(635,'2024-08-29 09:41:43.379499','375','PIZARRO, LEANDRO E. - 39610329 - entrada - 2024/08/29 09:31:55',3,'',21,2),(636,'2024-08-29 09:41:43.380498','374','PIZARRO, LEANDRO E. - 39610329 - salida - 2024/08/29 09:25:35',3,'',21,2),(637,'2024-08-29 09:41:43.382498','373','PIZARRO, LEANDRO E. - 39610329 - entrada_transitoria - 2024/08/29 09:25:26',3,'',21,2),(638,'2024-08-29 09:41:43.383498','372','PIZARRO, LEANDRO E. - 39610329 - salida_transitoria - 2024/08/29 09:25:20',3,'',21,2),(639,'2024-08-29 09:41:43.385835','371','PIZARRO, LEANDRO E. - 39610329 - entrada - 2024/08/29 09:17:38',3,'',21,2),(640,'2024-08-29 09:41:43.386526','370','PIZARRO, LEANDRO E. - 39610329 - salida - 2024/08/29 09:17:33',3,'',21,2),(641,'2024-08-29 09:41:43.387532','369','PIZARRO, LEANDRO E. - 39610329 - entrada_transitoria - 2024/08/29 09:17:27',3,'',21,2),(642,'2024-08-29 09:41:43.388531','368','PIZARRO, LEANDRO E. - 39610329 - salida_transitoria - 2024/08/29 09:10:46',3,'',21,2),(643,'2024-08-29 09:41:43.390587','367','PIZARRO, LEANDRO E. - 39610329 - entrada - 2024/08/29 09:07:10',3,'',21,2),(644,'2024-08-29 09:41:43.391587','366','PIZARRO, LEANDRO E. - 39610329 - salida - 2024/08/29 09:07:06',3,'',21,2),(645,'2024-08-29 09:41:43.392587','365','PIZARRO, LEANDRO E. - 39610329 - entrada_transitoria - 2024/08/29 09:07:02',3,'',21,2),(646,'2024-08-29 09:41:43.393587','364','PIZARRO, LEANDRO E. - 39610329 - salida_transitoria - 2024/08/29 09:06:59',3,'',21,2),(647,'2024-08-29 09:41:43.394587','363','PIZARRO, LEANDRO E. - 39610329 - entrada - 2024/08/29 09:05:21',3,'',21,2),(648,'2024-08-29 09:41:43.396586','362','PIZARRO, LEANDRO E. - 39610329 - salida - 2024/08/29 09:02:22',3,'',21,2),(649,'2024-08-29 09:41:43.397587','361','PIZARRO, LEANDRO E. - 39610329 - entrada - 2024/08/29 09:02:15',3,'',21,2),(650,'2024-08-29 09:41:43.398587','360','PIZARRO, LEANDRO E. - 39610329 - salida - 2024/08/29 09:00:01',3,'',21,2),(651,'2024-08-29 09:41:43.399615','359','PIZARRO, LEANDRO E. - 39610329 - entrada - 2024/08/29 08:59:44',3,'',21,2),(652,'2024-08-29 09:41:43.400614','358','PIZARRO, LEANDRO E. - 39610329 - salida - 2024/08/29 08:57:15',3,'',21,2),(653,'2024-08-29 09:41:43.402614','357','PIZARRO, LEANDRO E. - 39610329 - entrada_transitoria - 2024/08/29 08:57:13',3,'',21,2),(654,'2024-08-29 09:41:43.403614','356','PIZARRO, LEANDRO E. - 39610329 - salida_transitoria - 2024/08/29 08:57:12',3,'',21,2),(655,'2024-08-29 09:41:43.404938','355','PIZARRO, LEANDRO E. - 39610329 - entrada - 2024/08/29 08:57:04',3,'',21,2),(656,'2024-08-29 09:41:43.406149','354','PIZARRO, LEANDRO E. - 39610329 - salida - 2024/08/29 08:47:37',3,'',21,2),(657,'2024-08-29 09:41:43.407154','353','PIZARRO, LEANDRO E. - 39610329 - entrada - 2024/08/29 08:46:26',3,'',21,2),(658,'2024-08-29 09:41:43.408658','352','PIZARRO, LEANDRO E. - 39610329 - salida - 2024/08/29 08:46:25',3,'',21,2),(659,'2024-08-29 09:41:43.409662','351','PIZARRO, LEANDRO E. - 39610329 - entrada - 2024/08/29 08:32:23',3,'',21,2),(660,'2024-08-29 09:41:43.410662','350','PIZARRO, LEANDRO E. - 39610329 - salida - 2024/08/29 08:29:59',3,'',21,2),(661,'2024-08-29 09:41:43.412661','349','PIZARRO, LEANDRO E. - 39610329 - entrada_transitoria - 2024/08/29 08:29:55',3,'',21,2),(662,'2024-08-29 09:41:43.413661','348','PIZARRO, LEANDRO E. - 39610329 - salida_transitoria - 2024/08/29 08:29:48',3,'',21,2),(663,'2024-08-29 09:41:43.415661','347','PIZARRO, LEANDRO E. - 39610329 - entrada - 2024/08/29 08:29:37',3,'',21,2),(664,'2024-08-29 09:41:43.416661','346','PIZARRO, LEANDRO E. - 39610329 - salida - 2024/08/29 08:24:40',3,'',21,2),(665,'2024-08-29 09:41:43.417661','345','PIZARRO, LEANDRO E. - 39610329 - entrada_transitoria - 2024/08/29 08:24:37',3,'',21,2),(666,'2024-08-29 09:41:43.419825','344','PIZARRO, LEANDRO E. - 39610329 - salida_transitoria - 2024/08/29 08:24:34',3,'',21,2),(667,'2024-08-29 09:41:43.420825','343','PIZARRO, LEANDRO E. - 39610329 - entrada - 2024/08/29 08:24:31',3,'',21,2),(668,'2024-08-29 09:41:43.421841','342','PIZARRO, LEANDRO E. - 39610329 - salida - 2024/08/29 08:24:27',3,'',21,2),(669,'2024-08-29 09:41:43.422825','341','PIZARRO, LEANDRO E. - 39610329 - entrada_transitoria - 2024/08/29 08:24:21',3,'',21,2),(670,'2024-08-29 09:41:43.424329','340','PIZARRO, LEANDRO E. - 39610329 - salida_transitoria - 2024/08/28 13:24:04',3,'',21,2),(671,'2024-08-29 09:41:43.425335','339','PIZARRO, LEANDRO E. - 39610329 - entrada - 2024/08/28 13:24:01',3,'',21,2),(672,'2024-08-29 09:41:43.427334','338','PIZARRO, LEANDRO E. - 39610329 - salida - 2024/08/28 13:23:58',3,'',21,2),(673,'2024-08-29 09:41:43.428848','337','PIZARRO, LEANDRO E. - 39610329 - entrada_transitoria - 2024/08/28 13:10:38',3,'',21,2),(674,'2024-08-29 09:41:43.429335','336','PIZARRO, LEANDRO E. - 39610329 - salida_transitoria - 2024/08/28 13:10:27',3,'',21,2),(675,'2024-08-29 09:41:43.431341','335','PIZARRO, LEANDRO E. - 39610329 - entrada - 2024/08/28 13:10:22',3,'',21,2),(676,'2024-08-29 09:41:43.432340','334','PIZARRO, LEANDRO E. - 39610329 - salida - 2024/08/28 13:07:29',3,'',21,2),(677,'2024-08-29 09:41:43.433341','333','PIZARRO, LEANDRO E. - 39610329 - entrada_transitoria - 2024/08/28 12:52:00',3,'',21,2),(678,'2024-08-29 09:41:43.434340','332','PIZARRO, LEANDRO E. - 39610329 - salida_transitoria - 2024/08/28 12:51:41',3,'',21,2),(679,'2024-08-29 09:41:43.435341','331','PIZARRO, LEANDRO E. - 39610329 - entrada - 2024/08/28 12:50:47',3,'',21,2),(680,'2024-08-29 09:42:06.694688','385','PIZARRO, LEANDRO E. - 39610329 - entrada - 2024/08/30 09:42:05',1,'[{\"added\": {}}]',21,2),(681,'2024-08-29 09:42:23.309444','385','PIZARRO, LEANDRO E. - 39610329 - entrada - 2024/08/30 09:42:05',3,'',21,2),(682,'2024-08-29 10:12:46.515154','20','Horas_totales object (20)',3,'',28,2),(683,'2024-08-29 10:12:51.761233','46','Horas_trabajadas object (46)',3,'',26,2),(684,'2024-08-29 10:12:51.763231','45','Horas_trabajadas object (45)',3,'',26,2),(685,'2024-08-29 10:12:57.526273','28','Horas_extras object (28)',3,'',27,2),(686,'2024-08-29 10:12:57.527454','27','Horas_extras object (27)',3,'',27,2),(687,'2024-08-29 14:49:16.389035','79','PIZARRO, LEANDRO E. - 39610329 - 2024-08-30 - ❌ Ausente',3,'',32,2),(688,'2024-08-29 14:49:16.391035','78','PIZARRO, LEANDRO E. - 39610329 - 2024-08-29 - ✅ Presente',3,'',32,2),(689,'2024-08-29 14:49:16.392819','77','PIZARRO, LEANDRO E. - 39610329 - 2024-08-28 - ❌ Ausente',3,'',32,2),(690,'2024-08-29 14:49:16.393825','76','PIZARRO, LEANDRO E. - 39610329 - 2024-08-27 - ❌ Ausente',3,'',32,2),(691,'2024-08-29 14:55:19.233134','296','PIERMARINI, FACUNDO FABIAN - 41484145',2,'[{\"changed\": {\"fields\": [\"Areas\"]}}]',14,2),(692,'2024-08-29 14:59:09.582303','410','PIZARRO, LEANDRO E. - 39610329 - entrada - 2024/08/29 14:40:51',3,'',21,2),(693,'2024-08-29 14:59:09.584498','409','PIZARRO, LEANDRO E. - 39610329 - salida - 2024/08/29 14:40:47',3,'',21,2),(694,'2024-08-29 14:59:09.585273','408','PIZARRO, LEANDRO E. - 39610329 - entrada_transitoria - 2024/08/29 14:40:43',3,'',21,2),(695,'2024-08-29 14:59:09.586512','407','PIZARRO, LEANDRO E. - 39610329 - salida_transitoria - 2024/08/29 12:58:35',3,'',21,2),(696,'2024-08-29 14:59:09.587517','406','PIZARRO, LEANDRO E. - 39610329 - entrada - 2024/08/29 12:49:38',3,'',21,2),(697,'2024-08-29 14:59:09.588517','405','PIZARRO, LEANDRO E. - 39610329 - salida - 2024/08/29 12:49:33',3,'',21,2),(698,'2024-08-29 14:59:09.589517','404','PIZARRO, LEANDRO E. - 39610329 - entrada_transitoria - 2024/08/29 12:49:25',3,'',21,2),(699,'2024-08-29 14:59:09.591517','403','PIZARRO, LEANDRO E. - 39610329 - salida_transitoria - 2024/08/29 12:49:20',3,'',21,2),(700,'2024-08-29 14:59:09.592517','402','PIZARRO, LEANDRO E. - 39610329 - entrada - 2024/08/29 12:49:16',3,'',21,2),(701,'2024-08-29 14:59:09.593517','401','PIZARRO, LEANDRO E. - 39610329 - salida - 2024/08/29 12:48:57',3,'',21,2),(702,'2024-08-29 14:59:09.594517','400','PIZARRO, LEANDRO E. - 39610329 - entrada_transitoria - 2024/08/29 12:42:39',3,'',21,2),(703,'2024-08-29 14:59:09.595517','399','PIZARRO, LEANDRO E. - 39610329 - salida_transitoria - 2024/08/29 12:41:32',3,'',21,2),(704,'2024-08-29 14:59:09.596517','398','PIZARRO, LEANDRO E. - 39610329 - entrada - 2024/08/29 12:38:50',3,'',21,2),(705,'2024-08-29 14:59:09.597517','397','PIZARRO, LEANDRO E. - 39610329 - salida - 2024/08/29 12:37:43',3,'',21,2),(706,'2024-08-29 14:59:09.599517','396','PIZARRO, LEANDRO E. - 39610329 - entrada_transitoria - 2024/08/29 12:37:40',3,'',21,2),(707,'2024-08-29 14:59:09.600517','395','PIZARRO, LEANDRO E. - 39610329 - salida_transitoria - 2024/08/29 12:37:36',3,'',21,2),(708,'2024-08-29 14:59:09.601517','394','PIZARRO, LEANDRO E. - 39610329 - entrada - 2024/08/29 12:31:30',3,'',21,2),(709,'2024-08-29 14:59:09.602519','393','PIZARRO, LEANDRO E. - 39610329 - salida - 2024/08/29 11:42:48',3,'',21,2),(710,'2024-08-29 14:59:09.603517','392','PIZARRO, LEANDRO E. - 39610329 - entrada_transitoria - 2024/08/29 11:42:42',3,'',21,2),(711,'2024-08-29 14:59:09.605241','391','PIZARRO, LEANDRO E. - 39610329 - salida_transitoria - 2024/08/29 11:42:35',3,'',21,2),(712,'2024-08-29 14:59:09.606137','390','PIZARRO, LEANDRO E. - 39610329 - entrada - 2024/08/29 11:35:42',3,'',21,2),(713,'2024-08-29 14:59:09.607142','389','PIZARRO, LEANDRO E. - 39610329 - salida - 2024/08/29 11:35:37',3,'',21,2),(714,'2024-08-29 14:59:09.608141','388','PIZARRO, LEANDRO E. - 39610329 - entrada_transitoria - 2024/08/29 11:35:31',3,'',21,2),(715,'2024-08-29 14:59:09.609141','387','PIZARRO, LEANDRO E. - 39610329 - salida_transitoria - 2024/08/29 10:41:10',3,'',21,2),(716,'2024-08-29 14:59:09.610142','386','PIZARRO, LEANDRO E. - 39610329 - entrada - 2024/08/29 10:40:22',3,'',21,2),(717,'2024-08-29 14:59:16.126177','21','Horas_totales object (21)',3,'',28,2),(718,'2024-08-29 14:59:21.140809','47','Horas_trabajadas object (47)',3,'',26,2),(719,'2024-08-29 14:59:26.577962','29','Horas_extras object (29)',3,'',27,2),(720,'2024-08-29 15:00:00.663510','411','PIZARRO, LEANDRO E. - 39610329 - entrada - 2024/08/29 08:01:25',1,'[{\"added\": {}}]',21,2),(721,'2024-08-29 15:00:22.230780','412','PIZARRO, LEANDRO E. - 39610329 - salida - 2024/08/29 16:12:00',1,'[{\"added\": {}}]',21,2),(722,'2024-08-29 15:03:39.657965','413','MASSAFARA, BRAIAN - 41888232 - entrada - 2024/08/29 04:25:00',1,'[{\"added\": {}}]',21,2),(723,'2024-08-29 15:03:58.344428','414','MASSAFARA, BRAIAN - 41888232 - salida - 2024/08/29 13:17:51',1,'[{\"added\": {}}]',21,2),(724,'2024-08-29 15:10:33.151157','414','MASSAFARA, BRAIAN - 41888232 - salida - 2024/08/29 13:17:51',3,'',21,2),(725,'2024-08-29 15:10:33.153156','413','MASSAFARA, BRAIAN - 41888232 - entrada - 2024/08/29 04:25:00',3,'',21,2),(726,'2024-08-29 15:10:33.154527','412','PIZARRO, LEANDRO E. - 39610329 - salida - 2024/08/29 16:12:00',3,'',21,2),(727,'2024-08-29 15:10:33.155534','411','PIZARRO, LEANDRO E. - 39610329 - entrada - 2024/08/29 08:01:25',3,'',21,2),(728,'2024-08-29 15:10:53.295895','415','PIZARRO, LEANDRO E. - 39610329 - entrada - 2024/08/29 07:55:53',1,'[{\"added\": {}}]',21,2),(729,'2024-08-29 15:11:09.552444','416','PIZARRO, LEANDRO E. - 39610329 - salida - 2024/08/29 16:23:15',1,'[{\"added\": {}}]',21,2),(730,'2024-08-29 15:11:43.879566','49','Horas_trabajadas object (49)',3,'',26,2),(731,'2024-08-29 15:12:26.138934','23','Horas_totales object (23)',3,'',28,2),(732,'2024-08-29 15:12:37.015246','22','Horas_totales object (22)',2,'[{\"changed\": {\"fields\": [\"Horas nocturnas\"]}}]',28,2),(733,'2024-08-29 15:13:16.483225','417','MASSAFARA, BRAIAN - 41888232 - entrada - 2024/08/29 04:25:21',1,'[{\"added\": {}}]',21,2),(734,'2024-08-29 15:13:31.824690','418','MASSAFARA, BRAIAN - 41888232 - salida - 2024/08/29 13:14:26',1,'[{\"added\": {}}]',21,2),(735,'2024-08-29 15:20:51.764969','203','MASSAFARA, BRAIAN - 41888232',2,'[{\"changed\": {\"name\": \"licencia\", \"object\": \"Licencia licencias/django-es.27.pdf para BRAIAN (2 d\\u00edas)\", \"fields\": [\"Archivo\"]}}]',14,2),(736,'2024-08-29 15:22:33.420041','66','SANTUCHO, MAXIMILIANO - 31731146',2,'[{\"changed\": {\"fields\": [\"Areas\"]}}]',14,2),(737,'2024-08-29 15:58:35.344155','419','PIZARRO, LEANDRO E. - 39610329 - entrada - 2024/08/29 15:58:32',1,'[{\"added\": {}}]',21,2),(738,'2024-08-29 15:58:44.934717','420','PIZARRO, LEANDRO E. - 39610329 - salida - 2024/08/29 15:58:43',1,'[{\"added\": {}}]',21,2),(739,'2024-08-30 08:10:06.770679','426','BELTRAN, GABRIEL - 38279571 - entrada - 2024/08/30 08:09:30',3,'',21,2),(740,'2024-08-30 08:10:06.771676','425','PIZARRO, LEANDRO E. - 39610329 - salida - 2024/08/30 08:07:52',3,'',21,2),(741,'2024-08-30 08:10:06.773676','424','PIZARRO, LEANDRO E. - 39610329 - entrada_transitoria - 2024/08/30 08:07:48',3,'',21,2),(742,'2024-08-30 08:10:06.774678','423','PIZARRO, LEANDRO E. - 39610329 - salida_transitoria - 2024/08/30 08:07:45',3,'',21,2),(743,'2024-08-30 08:10:06.776676','422','PIZARRO, LEANDRO E. - 39610329 - entrada - 2024/08/30 08:07:41',3,'',21,2),(744,'2024-08-30 08:10:06.777677','421','PIZARRO, LEANDRO E. - 39610329 - entrada - 2024/08/29 16:02:33',3,'',21,2),(745,'2024-08-30 08:10:06.778677','420','PIZARRO, LEANDRO E. - 39610329 - salida - 2024/08/29 15:58:43',3,'',21,2),(746,'2024-08-30 08:10:06.779675','419','PIZARRO, LEANDRO E. - 39610329 - entrada - 2024/08/29 15:58:32',3,'',21,2),(747,'2024-08-30 08:10:06.781676','418','MASSAFARA, BRAIAN - 41888232 - salida - 2024/08/29 13:14:26',3,'',21,2),(748,'2024-08-30 08:10:06.782676','417','MASSAFARA, BRAIAN - 41888232 - entrada - 2024/08/29 04:25:21',3,'',21,2),(749,'2024-08-30 08:10:06.784676','416','PIZARRO, LEANDRO E. - 39610329 - salida - 2024/08/29 16:23:15',3,'',21,2),(750,'2024-08-30 08:10:06.785677','415','PIZARRO, LEANDRO E. - 39610329 - entrada - 2024/08/29 07:55:53',3,'',21,2),(751,'2024-08-30 08:10:17.469745','24','Horas_totales object (24)',3,'',28,2),(752,'2024-08-30 08:10:17.471744','22','Horas_totales object (22)',3,'',28,2),(753,'2024-08-30 08:10:22.774160','51','Horas_trabajadas object (51)',3,'',26,2),(754,'2024-08-30 08:10:22.776156','50','Horas_trabajadas object (50)',3,'',26,2),(755,'2024-08-30 08:10:22.777158','48','Horas_trabajadas object (48)',3,'',26,2),(756,'2024-08-30 08:10:28.617062','32','Horas_extras object (32)',3,'',27,2),(757,'2024-08-30 08:10:28.619063','31','Horas_extras object (31)',3,'',27,2),(758,'2024-08-30 08:10:28.621062','30','Horas_extras object (30)',3,'',27,2),(759,'2024-08-30 08:10:54.880049','83','BELTRAN, GABRIEL - 38279571 - 2024-08-30 - ❌ Ausente',3,'',32,2),(760,'2024-08-30 08:10:54.881048','82','PIZARRO, LEANDRO E. - 39610329 - 2024-08-30 - ❌ Ausente',3,'',32,2),(761,'2024-08-30 08:10:54.882048','81','MASSAFARA, BRAIAN - 41888232 - 2024-08-29 - ❌ Ausente',3,'',32,2),(762,'2024-08-30 08:10:54.884048','80','PIZARRO, LEANDRO E. - 39610329 - 2024-08-29 - ❌ Ausente',3,'',32,2),(763,'2024-08-30 08:12:55.903820','429','PIZARRO, LEANDRO E. - 39610329 - entrada_transitoria - 2024/08/30 08:12:43',3,'',21,2),(764,'2024-08-30 08:12:55.904820','428','PIZARRO, LEANDRO E. - 39610329 - salida_transitoria - 2024/08/30 08:12:31',3,'',21,2),(765,'2024-08-30 08:12:55.905819','427','PIZARRO, LEANDRO E. - 39610329 - entrada - 2024/08/30 08:12:27',3,'',21,2),(766,'2024-08-30 08:19:53.793982','430','BALDAZAR, RAUL - 14281172 - entrada - 2024/08/30 08:19:52',1,'[{\"added\": {}}]',21,4),(767,'2024-08-30 08:20:02.319338','431','BALDAZAR, RAUL - 14281172 - salida - 2024/08/30 12:00:00',1,'[{\"added\": {}}]',21,4),(768,'2024-08-30 08:20:49.670444','431','BALDAZAR, RAUL - 14281172 - salida - 2024/08/30 12:00:00',3,'',21,4),(769,'2024-08-30 08:20:49.672443','430','BALDAZAR, RAUL - 14281172 - entrada - 2024/08/30 08:19:52',3,'',21,4),(770,'2024-08-30 08:20:58.216216','25','Horas_totales object (25)',3,'',28,4),(771,'2024-08-30 08:21:02.363720','52','Horas_trabajadas object (52)',3,'',26,4),(772,'2024-08-30 08:28:36.120403','254','DI CROCE, JESSICA - 43015155',2,'[{\"changed\": {\"fields\": [\"Areas\"]}}]',14,2),(773,'2024-08-30 08:28:45.626497','108','MATEUCI, SILVINA BELEN - 34965669',2,'[{\"changed\": {\"fields\": [\"Areas\"]}}]',14,2),(774,'2024-08-30 08:30:20.051261','262','ARGUELLO, HUGO FABRICIO - 38279585',2,'[{\"changed\": {\"fields\": [\"Areas\"]}}]',14,2),(775,'2024-08-30 10:31:47.383001','433','PIZARRO, LEANDRO E. - 39610329 - salida - 2024/08/30 10:31:44',1,'[{\"added\": {}}]',21,2),(776,'2024-08-30 13:34:07.072240','446','PIZARRO, LEANDRO E. - 39610329 - entrada_transitoria - 2024/08/30 13:33:27',1,'[{\"added\": {}}]',21,4),(777,'2024-08-30 13:34:26.763737','447','PIZARRO, LEANDRO E. - 39610329 - salida - 2024/08/30 13:33:48',1,'[{\"added\": {}}]',21,4),(778,'2024-08-30 13:36:43.431461','450','PIZARRO, LEANDRO E. - 39610329 - entrada_transitoria - 2024/08/30 13:36:04',1,'[{\"added\": {}}]',21,2),(779,'2024-08-30 15:44:41.092549','246','FIOL, JORGE LISANDRO - 38279683',2,'[{\"changed\": {\"fields\": [\"Areas\"]}}]',14,2),(780,'2024-08-30 15:44:55.509282','204','CORONEL, ROMINA - 39176825',2,'[{\"changed\": {\"fields\": [\"Areas\"]}}]',14,2),(781,'2024-08-30 15:45:10.267481','30','URBANO, FACUNDO - 24108360',2,'[{\"changed\": {\"fields\": [\"Areas\"]}}]',14,2),(782,'2024-08-30 15:45:10.305831','30','URBANO, FACUNDO - 24108360',2,'[]',14,2),(783,'2024-08-30 15:45:21.799254','29','URBANO, ANALIA - 26095237',2,'[{\"changed\": {\"fields\": [\"Areas\"]}}]',14,2),(784,'2024-08-30 15:46:08.428733','16','JARA, RAMIRO - 34965695',2,'[{\"changed\": {\"fields\": [\"Areas\"]}}]',14,2),(785,'2024-08-30 15:51:11.465200','463','BALDAZAR, RAUL - 14281172 - entrada - 2024/08/30 15:51:10',1,'[{\"added\": {}}]',21,2),(786,'2024-08-30 15:58:12.321979','464','PIZARRO, LEANDRO E. - 39610329 - entrada - 2024/08/30 15:58:11',1,'[{\"added\": {}}]',21,2),(787,'2024-09-02 08:45:25.550481','466','PIZARRO, LEANDRO E. - 39610329 - entrada_transitoria - 2024/09/02 08:45:24',1,'[{\"added\": {}}]',21,2),(788,'2024-09-02 08:45:36.311762','467','PIZARRO, LEANDRO E. - 39610329 - salida - 2024/09/02 08:45:35',1,'[{\"added\": {}}]',21,2),(789,'2024-09-02 14:07:09.905657','35','Horas_extras object (35)',3,'',27,2),(790,'2024-09-02 14:07:09.907901','34','Horas_extras object (34)',3,'',27,2),(791,'2024-09-02 14:07:09.909900','33','Horas_extras object (33)',3,'',27,2),(792,'2024-09-02 14:07:15.548382','55','Horas_trabajadas object (55)',3,'',26,2),(793,'2024-09-02 14:07:15.550381','54','Horas_trabajadas object (54)',3,'',26,2),(794,'2024-09-02 14:07:15.551733','53','Horas_trabajadas object (53)',3,'',26,2),(795,'2024-09-02 14:07:20.249082','28','Horas_totales object (28)',3,'',28,2),(796,'2024-09-02 14:07:20.250082','27','Horas_totales object (27)',3,'',28,2),(797,'2024-09-02 14:07:20.251899','26','Horas_totales object (26)',3,'',28,2),(798,'2024-09-02 14:07:35.188418','87','PIZARRO, LEANDRO E. - 39610329 - 2024-09-02 - ✅ Presente',3,'',32,2),(799,'2024-09-02 14:07:35.189419','86','SANTUCHO, MAXIMILIANO - 31731146 - 2024-08-30 - ✅ Presente',3,'',32,2),(800,'2024-09-02 14:07:35.191418','85','BALDAZAR, RAUL - 14281172 - 2024-08-30 - ✅ Presente',3,'',32,2),(801,'2024-09-02 14:07:35.192418','84','PIZARRO, LEANDRO E. - 39610329 - 2024-08-30 - ✅ Presente',3,'',32,2),(802,'2024-09-02 14:07:41.723009','471','PIZARRO, LEANDRO E. - 39610329 - salida - 2024/09/02 08:50:26',3,'',21,2),(803,'2024-09-02 14:07:41.724351','470','PIZARRO, LEANDRO E. - 39610329 - entrada_transitoria - 2024/09/02 08:50:21',3,'',21,2),(804,'2024-09-02 14:07:41.725752','469','PIZARRO, LEANDRO E. - 39610329 - salida_transitoria - 2024/09/02 08:50:18',3,'',21,2),(805,'2024-09-02 14:07:41.726758','468','PIZARRO, LEANDRO E. - 39610329 - entrada - 2024/09/02 08:50:15',3,'',21,2),(806,'2024-09-02 14:07:41.728759','467','PIZARRO, LEANDRO E. - 39610329 - salida - 2024/09/02 08:45:35',3,'',21,2),(807,'2024-09-02 14:07:41.729759','466','PIZARRO, LEANDRO E. - 39610329 - entrada_transitoria - 2024/09/02 08:45:24',3,'',21,2),(808,'2024-09-02 14:07:41.730759','465','PIZARRO, LEANDRO E. - 39610329 - salida_transitoria - 2024/08/30 15:58:46',3,'',21,2),(809,'2024-09-02 14:07:41.732759','464','PIZARRO, LEANDRO E. - 39610329 - entrada - 2024/08/30 15:58:11',3,'',21,2),(810,'2024-09-02 14:07:41.733758','463','BALDAZAR, RAUL - 14281172 - entrada - 2024/08/30 15:51:10',3,'',21,2),(811,'2024-09-02 14:07:41.734758','462','SANTUCHO, MAXIMILIANO - 31731146 - salida - 2024/08/30 15:28:48',3,'',21,2),(812,'2024-09-02 14:07:41.735758','461','SANTUCHO, MAXIMILIANO - 31731146 - entrada_transitoria - 2024/08/30 15:28:42',3,'',21,2),(813,'2024-09-02 14:07:41.737759','460','SANTUCHO, MAXIMILIANO - 31731146 - salida_transitoria - 2024/08/30 15:28:28',3,'',21,2),(814,'2024-09-02 14:07:41.738759','459','SANTUCHO, MAXIMILIANO - 31731146 - entrada - 2024/08/30 15:28:22',3,'',21,2),(815,'2024-09-02 14:07:41.739758','458','PIZARRO, LEANDRO E. - 39610329 - entrada_transitoria - 2024/08/30 15:27:09',3,'',21,2),(816,'2024-09-02 14:07:41.740758','457','PIZARRO, LEANDRO E. - 39610329 - salida_transitoria - 2024/08/30 15:27:05',3,'',21,2),(817,'2024-09-02 14:07:41.742839','456','PIZARRO, LEANDRO E. - 39610329 - entrada - 2024/08/30 15:27:02',3,'',21,2),(818,'2024-09-02 14:07:41.743845','455','PIZARRO, LEANDRO E. - 39610329 - salida - 2024/08/30 15:26:49',3,'',21,2),(819,'2024-09-02 14:07:41.744845','454','PIZARRO, LEANDRO E. - 39610329 - entrada_transitoria - 2024/08/30 15:26:42',3,'',21,2),(820,'2024-09-02 14:07:41.746845','453','PIZARRO, LEANDRO E. - 39610329 - salida_transitoria - 2024/08/30 15:26:07',3,'',21,2),(821,'2024-09-02 14:07:41.747845','452','PIZARRO, LEANDRO E. - 39610329 - entrada - 2024/08/30 15:18:47',3,'',21,2),(822,'2024-09-02 14:07:41.748845','451','PIZARRO, LEANDRO E. - 39610329 - salida - 2024/08/30 15:18:43',3,'',21,2),(823,'2024-09-02 14:07:41.750846','450','PIZARRO, LEANDRO E. - 39610329 - entrada_transitoria - 2024/08/30 13:36:04',3,'',21,2),(824,'2024-09-02 14:07:41.751845','449','PIZARRO, LEANDRO E. - 39610329 - salida_transitoria - 2024/08/30 13:35:34',3,'',21,2),(825,'2024-09-02 14:07:41.752845','448','PIZARRO, LEANDRO E. - 39610329 - entrada - 2024/08/30 13:35:29',3,'',21,2),(826,'2024-09-02 14:07:41.753845','447','PIZARRO, LEANDRO E. - 39610329 - salida - 2024/08/30 13:33:48',3,'',21,2),(827,'2024-09-02 14:07:41.755845','446','PIZARRO, LEANDRO E. - 39610329 - entrada_transitoria - 2024/08/30 13:33:27',3,'',21,2),(828,'2024-09-02 14:07:41.756845','445','PIZARRO, LEANDRO E. - 39610329 - salida_transitoria - 2024/08/30 13:32:21',3,'',21,2),(829,'2024-09-02 14:07:41.757845','444','PIZARRO, LEANDRO E. - 39610329 - entrada - 2024/08/30 13:32:12',3,'',21,2),(830,'2024-09-02 14:07:41.759226','443','PIZARRO, LEANDRO E. - 39610329 - salida - 2024/08/30 13:31:30',3,'',21,2),(831,'2024-09-02 14:07:41.760232','442','PIZARRO, LEANDRO E. - 39610329 - entrada_transitoria - 2024/08/30 13:31:24',3,'',21,2),(832,'2024-09-02 14:07:41.761745','441','PIZARRO, LEANDRO E. - 39610329 - salida_transitoria - 2024/08/30 13:31:18',3,'',21,2),(833,'2024-09-02 14:07:41.762751','440','PIZARRO, LEANDRO E. - 39610329 - entrada - 2024/08/30 13:31:07',3,'',21,2),(834,'2024-09-02 14:07:41.765753','439','PIZARRO, LEANDRO E. - 39610329 - salida - 2024/08/30 13:30:52',3,'',21,2),(835,'2024-09-02 14:07:41.766752','438','PIZARRO, LEANDRO E. - 39610329 - entrada_transitoria - 2024/08/30 13:30:48',3,'',21,2),(836,'2024-09-02 14:07:41.767751','437','PIZARRO, LEANDRO E. - 39610329 - salida_transitoria - 2024/08/30 13:30:44',3,'',21,2),(837,'2024-09-02 14:07:41.769751','436','PIZARRO, LEANDRO E. - 39610329 - entrada - 2024/08/30 13:30:38',3,'',21,2),(838,'2024-09-02 14:07:41.770752','435','PIZARRO, LEANDRO E. - 39610329 - salida - 2024/08/30 11:33:54',3,'',21,2),(839,'2024-09-02 14:07:41.771751','434','PIZARRO, LEANDRO E. - 39610329 - entrada - 2024/08/30 11:33:47',3,'',21,2),(840,'2024-09-02 14:07:41.772751','433','PIZARRO, LEANDRO E. - 39610329 - salida - 2024/08/30 10:31:44',3,'',21,2),(841,'2024-09-02 14:07:41.774752','432','PIZARRO, LEANDRO E. - 39610329 - entrada - 2024/08/30 10:29:15',3,'',21,2),(842,'2024-09-02 14:07:56.935786','472','PIZARRO, LEANDRO E. - 39610329 - entrada - 2024/09/02 07:25:00',1,'[{\"added\": {}}]',21,2),(843,'2024-09-02 14:10:56.248608','474','PIZARRO, LEANDRO E. - 39610329 - salida - 2024/09/02 16:08:23',1,'[{\"added\": {}}]',21,2),(844,'2024-09-02 14:12:33.774802','475','BELTRAN, GERMAN - 39326346 - entrada - 2024/09/02 04:40:32',1,'[{\"added\": {}}]',21,2),(845,'2024-09-02 14:12:58.123372','476','BELTRAN, GERMAN - 39326346 - salida - 2024/09/02 13:07:41',1,'[{\"added\": {}}]',21,2),(846,'2024-09-02 14:41:05.639756','476','BELTRAN, GERMAN - 39326346 - salida - 2024/09/02 13:07:41',3,'',21,2),(847,'2024-09-02 14:41:05.641328','475','BELTRAN, GERMAN - 39326346 - entrada - 2024/09/02 04:40:32',3,'',21,2),(848,'2024-09-02 14:41:05.642650','474','PIZARRO, LEANDRO E. - 39610329 - salida - 2024/09/02 16:08:23',3,'',21,2),(849,'2024-09-02 14:41:05.643656','472','PIZARRO, LEANDRO E. - 39610329 - entrada - 2024/09/02 07:25:00',3,'',21,2),(850,'2024-09-02 14:41:10.288442','30','Horas_totales object (30)',3,'',28,2),(851,'2024-09-02 14:41:10.290439','29','Horas_totales object (29)',3,'',28,2),(852,'2024-09-02 14:41:14.684215','58','Horas_trabajadas object (58)',3,'',26,2),(853,'2024-09-02 14:41:14.685215','57','Horas_trabajadas object (57)',3,'',26,2),(854,'2024-09-02 14:41:19.932513','37','Horas_extras object (37)',3,'',27,2),(855,'2024-09-02 14:41:19.934515','36','Horas_extras object (36)',3,'',27,2),(856,'2024-09-02 14:41:48.152326','477','PIZARRO, LEANDRO E. - 39610329 - entrada - 2024/09/02 07:36:24',1,'[{\"added\": {}}]',21,2),(857,'2024-09-02 14:47:57.761259','480','PIZARRO, LEANDRO E. - 39610329 - salida - 2024/09/02 16:21:55',1,'[{\"added\": {}}]',21,2),(858,'2024-09-02 14:48:49.898364','480','PIZARRO, LEANDRO E. - 39610329 - salida - 2024/09/02 16:21:55',3,'',21,2),(859,'2024-09-02 14:48:49.899365','477','PIZARRO, LEANDRO E. - 39610329 - entrada - 2024/09/02 07:36:24',3,'',21,2),(860,'2024-09-02 14:48:55.324190','31','Horas_totales object (31)',3,'',28,2),(861,'2024-09-02 14:49:00.057445','61','Horas_trabajadas object (61)',3,'',26,2),(862,'2024-09-02 14:49:04.234543','40','Horas_extras object (40)',3,'',27,2),(863,'2024-09-02 14:49:22.590604','481','PIZARRO, LEANDRO E. - 39610329 - entrada - 2024/09/02 07:21:36',1,'[{\"added\": {}}]',21,2),(864,'2024-09-02 14:54:22.160542','486','PIZARRO, LEANDRO E. - 39610329 - salida - 2024/09/02 16:19:32',1,'[{\"added\": {}}]',21,2),(865,'2024-09-02 15:10:22.531005','487','PIZARRO, LEANDRO E. - 39610329 - entrada - 2024/09/02 14:54:48',3,'',21,2),(866,'2024-09-02 15:10:33.168788','486','PIZARRO, LEANDRO E. - 39610329 - salida - 2024/09/02 16:19:32',3,'',21,2),(867,'2024-09-02 15:13:24.678230','486','PIZARRO, LEANDRO E. - 39610329 - salida - 2024/09/02 16:19:32',3,'',21,2),(868,'2024-09-02 15:13:46.352355','66','Horas_trabajadas object (66)',3,'',26,2),(869,'2024-09-02 15:13:54.824820','32','Horas_totales object (32)',3,'',28,2),(870,'2024-09-02 15:14:07.128338','43','Horas_extras object (43)',3,'',27,2),(871,'2024-09-02 15:14:12.302938','481','PIZARRO, LEANDRO E. - 39610329 - entrada - 2024/09/02 07:21:36',3,'',21,2),(872,'2024-09-02 15:14:36.993015','488','PIZARRO, LEANDRO E. - 39610329 - entrada - 2024/09/02 07:25:00',1,'[{\"added\": {}}]',21,2),(873,'2024-09-02 15:14:57.688786','489','PIZARRO, LEANDRO E. - 39610329 - salida - 2024/09/02 16:23:00',1,'[{\"added\": {}}]',21,2),(874,'2024-09-02 15:18:47.386807','33','Horas_totales object (33)',3,'',28,2),(875,'2024-09-02 15:18:51.650957','67','Horas_trabajadas object (67)',3,'',26,2),(876,'2024-09-02 15:18:56.663290','44','Horas_extras object (44)',3,'',27,2),(877,'2024-09-02 15:22:30.708175','491','BAINOTTI, JORGE - 35669855 - entrada - 2024/09/02 06:43:00',1,'[{\"added\": {}}]',21,2),(878,'2024-09-02 15:22:48.172957','492','BAINOTTI, JORGE - 35669855 - salida - 2024/09/02 12:05:23',1,'[{\"added\": {}}]',21,2),(879,'2024-09-02 15:23:14.895574','493','BAINOTTI, JORGE - 35669855 - entrada - 2024/09/02 14:23:09',1,'[{\"added\": {}}]',21,2),(880,'2024-09-02 15:23:28.354222','494','BAINOTTI, JORGE - 35669855 - salida - 2024/09/02 18:04:23',1,'[{\"added\": {}}]',21,2),(881,'2024-09-02 15:23:54.674068','489','PIZARRO, LEANDRO E. - 39610329 - salida - 2024/09/02 16:23:00',3,'',21,2),(882,'2024-09-02 15:23:54.675068','488','PIZARRO, LEANDRO E. - 39610329 - entrada - 2024/09/02 07:25:00',3,'',21,2),(883,'2024-09-02 15:24:04.395252','35','Horas_totales object (35)',3,'',28,2),(884,'2024-09-02 15:24:09.627509','69','Horas_trabajadas object (69)',3,'',26,2),(885,'2024-09-02 15:24:15.336742','45','Horas_extras object (45)',3,'',27,2),(886,'2024-09-02 15:25:45.706958','495','PIZARRO, LEANDRO E. - 39610329 - entrada - 2024/09/02 07:25:41',1,'[{\"added\": {}}]',21,2),(887,'2024-09-02 15:26:00.370817','496','PIZARRO, LEANDRO E. - 39610329 - salida - 2024/09/02 16:08:17',1,'[{\"added\": {}}]',21,2),(888,'2024-09-02 15:27:01.930977','497','PIZARRO, LEANDRO E. - 39610329 - entrada - 2024/09/02 18:22:14',1,'[{\"added\": {}}]',21,2),(889,'2024-09-02 15:27:18.395546','498','PIZARRO, LEANDRO E. - 39610329 - salida - 2024/09/02 19:35:01',1,'[{\"added\": {}}]',21,2),(890,'2024-09-02 15:29:22.121046','498','PIZARRO, LEANDRO E. - 39610329 - salida - 2024/09/02 19:35:01',3,'',21,2),(891,'2024-09-02 15:30:03.105030','499','PIZARRO, LEANDRO E. - 39610329 - salida - 2024/09/02 19:05:47',1,'[{\"added\": {}}]',21,2),(892,'2024-09-03 13:12:52.379550','46','Horas_extras object (46)',3,'',27,2),(893,'2024-09-03 13:12:59.460806','70','Horas_trabajadas object (70)',3,'',26,2),(894,'2024-09-03 13:12:59.462806','68','Horas_trabajadas object (68)',3,'',26,2),(895,'2024-09-03 13:13:04.305277','36','Horas_totales object (36)',3,'',28,2),(896,'2024-09-03 13:13:04.306277','34','Horas_totales object (34)',3,'',28,2),(897,'2024-09-03 13:13:10.327183','499','PIZARRO, LEANDRO E. - 39610329 - salida - 2024/09/02 19:05:47',3,'',21,2),(898,'2024-09-03 13:13:10.328183','497','PIZARRO, LEANDRO E. - 39610329 - entrada - 2024/09/02 18:22:14',3,'',21,2),(899,'2024-09-03 13:13:10.329182','496','PIZARRO, LEANDRO E. - 39610329 - salida - 2024/09/02 16:08:17',3,'',21,2),(900,'2024-09-03 13:13:10.330935','495','PIZARRO, LEANDRO E. - 39610329 - entrada - 2024/09/02 07:25:41',3,'',21,2),(901,'2024-09-03 13:13:10.332152','494','BAINOTTI, JORGE - 35669855 - salida - 2024/09/02 18:04:23',3,'',21,2),(902,'2024-09-03 13:13:10.333158','493','BAINOTTI, JORGE - 35669855 - entrada - 2024/09/02 14:23:09',3,'',21,2),(903,'2024-09-03 13:13:10.335158','492','BAINOTTI, JORGE - 35669855 - salida - 2024/09/02 12:05:23',3,'',21,2),(904,'2024-09-03 13:13:10.336158','491','BAINOTTI, JORGE - 35669855 - entrada - 2024/09/02 06:43:00',3,'',21,2),(905,'2024-09-03 13:13:18.750591','38','Horas_totales object (38)',3,'',28,2),(906,'2024-09-03 13:13:18.751591','37','Horas_totales object (37)',3,'',28,2),(907,'2024-09-03 13:13:25.750759','72','Horas_trabajadas object (72)',3,'',26,2),(908,'2024-09-03 13:13:25.751759','71','Horas_trabajadas object (71)',3,'',26,2),(909,'2024-09-03 13:13:30.969791','48','Horas_extras object (48)',3,'',27,2),(910,'2024-09-03 13:13:30.971793','47','Horas_extras object (47)',3,'',27,2),(911,'2024-09-03 13:13:48.041590','500','PIZARRO, LEANDRO E. - 39610329 - entrada - 2024/09/03 06:55:23',1,'[{\"added\": {}}]',21,2),(912,'2024-09-03 13:13:59.193772','501','PIZARRO, LEANDRO E. - 39610329 - salida - 2024/09/03 16:13:55',1,'[{\"added\": {}}]',21,2),(913,'2024-09-03 13:14:32.617812','502','PIZARRO, LEANDRO E. - 39610329 - entrada - 2024/09/04 07:14:27',1,'[{\"added\": {}}]',21,2),(914,'2024-09-03 13:15:05.389935','503','PIZARRO, LEANDRO E. - 39610329 - salida - 2024/09/04 16:31:00',1,'[{\"added\": {}}]',21,2),(915,'2024-09-03 13:15:39.714573','503','PIZARRO, LEANDRO E. - 39610329 - salida - 2024/09/04 16:31:00',3,'',21,2),(916,'2024-09-03 13:16:11.683835','504','PIZARRO, LEANDRO E. - 39610329 - salida - 2024/09/04 13:16:08',1,'[{\"added\": {}}]',21,2),(917,'2024-09-03 13:16:45.182864','505','GAUNA, LUCIANO - 29161251 - entrada - 2024/09/03 20:16:39',1,'[{\"added\": {}}]',21,2),(918,'2024-09-03 13:17:10.095131','506','GAUNA, LUCIANO - 29161251 - salida - 2024/09/04 05:15:23',1,'[{\"added\": {}}]',21,2),(919,'2024-09-03 13:18:51.630596','507','BAINOTTI, JORGE - 35669855 - entrada - 2024/09/03 06:55:00',1,'[{\"added\": {}}]',21,2),(920,'2024-09-03 13:19:04.152606','508','BAINOTTI, JORGE - 35669855 - salida - 2024/09/03 12:03:00',1,'[{\"added\": {}}]',21,2),(921,'2024-09-03 13:19:46.725946','509','BAINOTTI, JORGE - 35669855 - entrada - 2024/09/03 14:43:12',1,'[{\"added\": {}}]',21,2),(922,'2024-09-03 13:20:04.931726','510','BAINOTTI, JORGE - 35669855 - salida - 2024/09/03 18:34:15',1,'[{\"added\": {}}]',21,2),(923,'2024-09-03 13:58:55.760687','510','BAINOTTI, JORGE - 35669855 - salida - 2024/09/03 18:34:15',3,'',21,2),(924,'2024-09-03 13:58:55.762688','509','BAINOTTI, JORGE - 35669855 - entrada - 2024/09/03 14:43:12',3,'',21,2),(925,'2024-09-03 13:58:55.763688','508','BAINOTTI, JORGE - 35669855 - salida - 2024/09/03 12:03:00',3,'',21,2),(926,'2024-09-03 13:58:55.764688','507','BAINOTTI, JORGE - 35669855 - entrada - 2024/09/03 06:55:00',3,'',21,2),(927,'2024-09-03 13:58:55.766687','506','GAUNA, LUCIANO - 29161251 - salida - 2024/09/04 05:15:23',3,'',21,2),(928,'2024-09-03 13:58:55.767687','505','GAUNA, LUCIANO - 29161251 - entrada - 2024/09/03 20:16:39',3,'',21,2),(929,'2024-09-03 13:58:55.768687','504','PIZARRO, LEANDRO E. - 39610329 - salida - 2024/09/04 13:16:08',3,'',21,2),(930,'2024-09-03 13:58:55.770023','502','PIZARRO, LEANDRO E. - 39610329 - entrada - 2024/09/04 07:14:27',3,'',21,2),(931,'2024-09-03 13:58:55.771194','501','PIZARRO, LEANDRO E. - 39610329 - salida - 2024/09/03 16:13:55',3,'',21,2),(932,'2024-09-03 13:58:55.772201','500','PIZARRO, LEANDRO E. - 39610329 - entrada - 2024/09/03 06:55:23',3,'',21,2),(933,'2024-09-03 13:59:00.698713','41','Horas_totales object (41)',3,'',28,2),(934,'2024-09-03 13:59:00.699713','40','Horas_totales object (40)',3,'',28,2),(935,'2024-09-03 13:59:00.701713','39','Horas_totales object (39)',3,'',28,2),(936,'2024-09-03 13:59:06.743832','77','Horas_trabajadas object (77)',3,'',26,2),(937,'2024-09-03 13:59:06.745831','76','Horas_trabajadas object (76)',3,'',26,2),(938,'2024-09-03 13:59:06.746997','75','Horas_trabajadas object (75)',3,'',26,2),(939,'2024-09-03 13:59:06.748190','74','Horas_trabajadas object (74)',3,'',26,2),(940,'2024-09-03 13:59:06.750197','73','Horas_trabajadas object (73)',3,'',26,2),(941,'2024-09-03 13:59:11.265619','53','Horas_extras object (53)',3,'',27,2),(942,'2024-09-03 13:59:11.266619','52','Horas_extras object (52)',3,'',27,2),(943,'2024-09-03 13:59:11.268620','51','Horas_extras object (51)',3,'',27,2),(944,'2024-09-03 13:59:11.269728','50','Horas_extras object (50)',3,'',27,2),(945,'2024-09-03 13:59:11.270508','49','Horas_extras object (49)',3,'',27,2),(946,'2024-09-03 13:59:32.611769','511','PIZARRO, LEANDRO E. - 39610329 - entrada - 2024/09/03 07:43:24',1,'[{\"added\": {}}]',21,2),(947,'2024-09-03 13:59:50.245463','512','PIZARRO, LEANDRO E. - 39610329 - salida - 2024/09/03 16:34:11',1,'[{\"added\": {}}]',21,2),(948,'2024-09-03 14:04:47.814142','512','PIZARRO, LEANDRO E. - 39610329 - salida - 2024/09/03 16:34:11',3,'',21,2),(949,'2024-09-03 14:04:47.815140','511','PIZARRO, LEANDRO E. - 39610329 - entrada - 2024/09/03 07:43:24',3,'',21,2),(950,'2024-09-03 14:04:54.191601','78','Horas_trabajadas object (78)',3,'',26,2),(951,'2024-09-03 14:04:59.405865','54','Horas_extras object (54)',3,'',27,2),(952,'2024-09-03 14:05:04.884453','42','Horas_totales object (42)',3,'',28,2),(953,'2024-09-03 14:05:21.584614','513','PIZARRO, LEANDRO E. - 39610329 - entrada - 2024/09/03 07:43:47',1,'[{\"added\": {}}]',21,2),(954,'2024-09-03 14:05:39.037418','514','PIZARRO, LEANDRO E. - 39610329 - salida - 2024/09/03 16:45:30',1,'[{\"added\": {}}]',21,2),(955,'2024-09-03 14:06:06.783823','514','PIZARRO, LEANDRO E. - 39610329 - salida - 2024/09/03 16:55:30',2,'[{\"changed\": {\"fields\": [\"Hora fichada\"]}}]',21,2),(956,'2024-09-03 14:06:29.129412','514','PIZARRO, LEANDRO E. - 39610329 - salida - 2024/09/03 17:05:30',2,'[{\"changed\": {\"fields\": [\"Hora fichada\"]}}]',21,2),(957,'2024-09-03 14:07:39.035203','514','PIZARRO, LEANDRO E. - 39610329 - salida - 2024/09/03 17:05:30',3,'',21,2),(958,'2024-09-03 14:08:55.970979','515','PIZARRO, LEANDRO E. - 39610329 - salida - 2024/09/03 14:08:53',1,'[{\"added\": {}}]',21,2),(959,'2024-09-03 14:15:27.402350','516','PIZARRO, LEANDRO E. - 39610329 - entrada - 2024/09/03 15:15:20',1,'[{\"added\": {}}]',21,2),(960,'2024-09-03 14:15:41.267451','517','PIZARRO, LEANDRO E. - 39610329 - salida - 2024/09/03 17:15:37',1,'[{\"added\": {}}]',21,2),(961,'2024-09-03 14:16:05.770707','518','BAINOTTI, JORGE - 35669855 - entrada - 2024/09/03 06:01:15',1,'[{\"added\": {}}]',21,2),(962,'2024-09-03 14:16:19.735792','519','BAINOTTI, JORGE - 35669855 - salida - 2024/09/03 12:16:16',1,'[{\"added\": {}}]',21,2),(963,'2024-09-03 14:16:43.880459','520','BAINOTTI, JORGE - 35669855 - entrada - 2024/09/03 14:45:35',1,'[{\"added\": {}}]',21,2),(964,'2024-09-03 14:16:58.767176','521','BAINOTTI, JORGE - 35669855 - salida - 2024/09/03 18:07:51',1,'[{\"added\": {}}]',21,2),(965,'2024-09-03 14:29:51.484536','522','PIZARRO, LEANDRO E. - 39610329 - entrada - 2024/09/04 07:29:47',1,'[{\"added\": {}}]',21,2),(966,'2024-09-03 14:30:05.240692','523','PIZARRO, LEANDRO E. - 39610329 - salida - 2024/09/04 16:30:01',1,'[{\"added\": {}}]',21,2),(967,'2024-09-03 14:30:24.760503','523','PIZARRO, LEANDRO E. - 39610329 - salida - 2024/09/04 16:30:01',3,'',21,2),(968,'2024-09-03 14:30:24.762503','522','PIZARRO, LEANDRO E. - 39610329 - entrada - 2024/09/04 07:29:47',3,'',21,2),(969,'2024-09-03 14:30:24.763503','521','BAINOTTI, JORGE - 35669855 - salida - 2024/09/03 18:07:51',3,'',21,2),(970,'2024-09-03 14:30:24.765502','520','BAINOTTI, JORGE - 35669855 - entrada - 2024/09/03 14:45:35',3,'',21,2),(971,'2024-09-03 14:30:24.766502','519','BAINOTTI, JORGE - 35669855 - salida - 2024/09/03 12:16:16',3,'',21,2),(972,'2024-09-03 14:30:24.767502','518','BAINOTTI, JORGE - 35669855 - entrada - 2024/09/03 06:01:15',3,'',21,2),(973,'2024-09-03 14:30:24.769504','517','PIZARRO, LEANDRO E. - 39610329 - salida - 2024/09/03 17:15:37',3,'',21,2),(974,'2024-09-03 14:30:24.770502','516','PIZARRO, LEANDRO E. - 39610329 - entrada - 2024/09/03 15:15:20',3,'',21,2),(975,'2024-09-03 14:30:24.771502','515','PIZARRO, LEANDRO E. - 39610329 - salida - 2024/09/03 14:08:53',3,'',21,2),(976,'2024-09-03 14:30:24.773503','513','PIZARRO, LEANDRO E. - 39610329 - entrada - 2024/09/03 07:43:47',3,'',21,2),(977,'2024-09-03 14:30:30.219207','44','Horas_totales object (44)',3,'',28,2),(978,'2024-09-03 14:30:30.220207','43','Horas_totales object (43)',3,'',28,2),(979,'2024-09-03 14:30:34.646117','81','Horas_trabajadas object (81)',3,'',26,2),(980,'2024-09-03 14:30:34.648112','80','Horas_trabajadas object (80)',3,'',26,2),(981,'2024-09-03 14:30:34.649114','79','Horas_trabajadas object (79)',3,'',26,2),(982,'2024-09-03 14:30:38.572847','57','Horas_extras object (57)',3,'',27,2),(983,'2024-09-03 14:30:38.574846','56','Horas_extras object (56)',3,'',27,2),(984,'2024-09-03 14:30:38.575846','55','Horas_extras object (55)',3,'',27,2),(985,'2024-09-03 14:30:55.392745','524','PIZARRO, LEANDRO E. - 39610329 - entrada - 2024/09/03 07:23:46',1,'[{\"added\": {}}]',21,2),(986,'2024-09-03 14:31:14.973210','525','PIZARRO, LEANDRO E. - 39610329 - salida - 2024/09/03 16:15:23',1,'[{\"added\": {}}]',21,2),(987,'2024-09-03 14:31:49.665991','526','GAUNA, LUCIANO - 29161251 - entrada - 2024/09/03 20:35:17',1,'[{\"added\": {}}]',21,2),(988,'2024-09-03 14:32:11.360729','527','GAUNA, LUCIANO - 29161251 - salida - 2024/09/04 05:43:04',1,'[{\"added\": {}}]',21,2),(989,'2024-09-03 14:35:14.767075','528','MASSAFARA, BRAIAN - 41888232 - entrada - 2024/09/03 04:36:20',1,'[{\"added\": {}}]',21,2),(990,'2024-09-03 14:35:31.761763','529','MASSAFARA, BRAIAN - 41888232 - salida - 2024/09/03 13:11:23',1,'[{\"added\": {}}]',21,2),(991,'2024-09-03 14:36:40.000797','527','GAUNA, LUCIANO - 29161251 - salida - 2024/09/04 05:24:04',2,'[{\"changed\": {\"fields\": [\"Hora fichada\"]}}]',21,2),(992,'2024-09-03 14:39:18.693970','530','CALDERON, CARLOS - 25040357 - entrada - 2024/09/02 20:47:15',1,'[{\"added\": {}}]',21,2),(993,'2024-09-03 14:39:32.531468','531','CALDERON, CARLOS - 25040357 - salida - 2024/09/03 05:39:27',1,'[{\"added\": {}}]',21,2),(994,'2024-09-03 14:41:43.999649','532','ALMENARA, LIHUEN ANDRES - 41484063 - entrada - 2024/09/03 20:43:24',1,'[{\"added\": {}}]',21,2),(995,'2024-09-03 14:42:03.974762','533','ALMENARA, LIHUEN ANDRES - 41484063 - salida - 2024/09/04 05:25:57',1,'[{\"added\": {}}]',21,2),(996,'2024-09-03 14:43:52.175737','534','BALDAZAR, RAUL - 14281172 - entrada - 2024/09/02 20:43:48',1,'[{\"added\": {}}]',21,2),(997,'2024-09-03 14:44:04.678140','535','BALDAZAR, RAUL - 14281172 - salida - 2024/09/03 05:23:59',1,'[{\"added\": {}}]',21,2),(998,'2024-09-03 14:48:58.435680','536','BAINOTTI, JORGE - 35669855 - entrada - 2024/09/03 20:16:47',1,'[{\"added\": {}}]',21,2),(999,'2024-09-03 14:49:11.070673','537','BAINOTTI, JORGE - 35669855 - salida - 2024/09/04 05:04:12',1,'[{\"added\": {}}]',21,2),(1000,'2024-09-03 14:50:40.354132','538','JARA, RAMIRO - 34965695 - entrada - 2024/09/03 20:39:47',1,'[{\"added\": {}}]',21,2),(1001,'2024-09-03 14:51:04.020337','539','JARA, RAMIRO - 34965695 - salida - 2024/09/04 05:35:10',1,'[{\"added\": {}}]',21,2),(1002,'2024-09-03 14:51:40.684083','540','BELTRAN, GABRIEL - 38279571 - entrada - 2024/09/03 05:48:10',1,'[{\"added\": {}}]',21,2),(1003,'2024-09-03 14:51:57.962176','541','BELTRAN, GABRIEL - 38279571 - salida - 2024/09/03 14:09:14',1,'[{\"added\": {}}]',21,2),(1004,'2024-09-03 14:52:52.621010','542','SANTUCHO, MAXIMILIANO - 31731146 - entrada - 2024/09/03 05:52:47',1,'[{\"added\": {}}]',21,2),(1005,'2024-09-03 14:53:06.356569','543','SANTUCHO, MAXIMILIANO - 31731146 - salida - 2024/09/03 14:33:01',1,'[{\"added\": {}}]',21,2),(1006,'2024-09-03 14:59:13.022026','544','GOLINELLI, MARTIN - 29519506 - entrada - 2024/09/03 20:41:00',1,'[{\"added\": {}}]',21,2),(1007,'2024-09-03 14:59:28.654565','545','GOLINELLI, MARTIN - 29519506 - salida - 2024/09/04 05:21:47',1,'[{\"added\": {}}]',21,2),(1008,'2024-09-03 15:00:11.669003','546','PIAZZA, JORGE - 29884270 - entrada - 2024/09/03 04:23:47',1,'[{\"added\": {}}]',21,2),(1009,'2024-09-03 15:00:25.662556','547','PIAZZA, JORGE - 29884270 - salida - 2024/09/03 13:00:22',1,'[{\"added\": {}}]',21,2),(1010,'2024-09-03 15:03:20.163215','56','Horas_totales object (56)',3,'',28,2),(1011,'2024-09-03 15:03:20.164216','55','Horas_totales object (55)',3,'',28,2),(1012,'2024-09-03 15:03:20.166215','54','Horas_totales object (54)',3,'',28,2),(1013,'2024-09-03 15:03:20.167214','53','Horas_totales object (53)',3,'',28,2),(1014,'2024-09-03 15:03:20.168214','52','Horas_totales object (52)',3,'',28,2),(1015,'2024-09-03 15:03:20.169215','51','Horas_totales object (51)',3,'',28,2),(1016,'2024-09-03 15:03:20.170214','50','Horas_totales object (50)',3,'',28,2),(1017,'2024-09-03 15:03:20.172015','49','Horas_totales object (49)',3,'',28,2),(1018,'2024-09-03 15:03:20.173194','48','Horas_totales object (48)',3,'',28,2),(1019,'2024-09-03 15:03:20.174200','47','Horas_totales object (47)',3,'',28,2),(1020,'2024-09-03 15:03:20.176200','46','Horas_totales object (46)',3,'',28,2),(1021,'2024-09-03 15:03:20.177200','45','Horas_totales object (45)',3,'',28,2),(1022,'2024-09-03 15:04:50.194031','547','PIAZZA, JORGE - 29884270 - salida - 2024/09/03 13:00:22',3,'',21,2),(1023,'2024-09-03 15:04:50.196031','546','PIAZZA, JORGE - 29884270 - entrada - 2024/09/03 04:23:47',3,'',21,2),(1024,'2024-09-03 15:04:50.197030','545','GOLINELLI, MARTIN - 29519506 - salida - 2024/09/04 05:21:47',3,'',21,2),(1025,'2024-09-03 15:04:50.199031','544','GOLINELLI, MARTIN - 29519506 - entrada - 2024/09/03 20:41:00',3,'',21,2),(1026,'2024-09-03 15:04:50.199031','543','SANTUCHO, MAXIMILIANO - 31731146 - salida - 2024/09/03 14:33:01',3,'',21,2),(1027,'2024-09-03 15:04:50.201540','542','SANTUCHO, MAXIMILIANO - 31731146 - entrada - 2024/09/03 05:52:47',3,'',21,2),(1028,'2024-09-03 15:04:50.202544','541','BELTRAN, GABRIEL - 38279571 - salida - 2024/09/03 14:09:14',3,'',21,2),(1029,'2024-09-03 15:04:50.203543','540','BELTRAN, GABRIEL - 38279571 - entrada - 2024/09/03 05:48:10',3,'',21,2),(1030,'2024-09-03 15:04:50.205544','539','JARA, RAMIRO - 34965695 - salida - 2024/09/04 05:35:10',3,'',21,2),(1031,'2024-09-03 15:04:50.206544','538','JARA, RAMIRO - 34965695 - entrada - 2024/09/03 20:39:47',3,'',21,2),(1032,'2024-09-03 15:04:50.208545','537','BAINOTTI, JORGE - 35669855 - salida - 2024/09/04 05:04:12',3,'',21,2),(1033,'2024-09-03 15:04:50.209544','536','BAINOTTI, JORGE - 35669855 - entrada - 2024/09/03 20:16:47',3,'',21,2),(1034,'2024-09-03 15:04:50.210629','535','BALDAZAR, RAUL - 14281172 - salida - 2024/09/03 05:23:59',3,'',21,2),(1035,'2024-09-03 15:04:50.211830','534','BALDAZAR, RAUL - 14281172 - entrada - 2024/09/02 20:43:48',3,'',21,2),(1036,'2024-09-03 15:04:50.212837','533','ALMENARA, LIHUEN ANDRES - 41484063 - salida - 2024/09/04 05:25:57',3,'',21,2),(1037,'2024-09-03 15:04:50.213836','532','ALMENARA, LIHUEN ANDRES - 41484063 - entrada - 2024/09/03 20:43:24',3,'',21,2),(1038,'2024-09-03 15:04:50.215835','531','CALDERON, CARLOS - 25040357 - salida - 2024/09/03 05:39:27',3,'',21,2),(1039,'2024-09-03 15:04:50.216835','530','CALDERON, CARLOS - 25040357 - entrada - 2024/09/02 20:47:15',3,'',21,2),(1040,'2024-09-03 15:04:50.217835','529','MASSAFARA, BRAIAN - 41888232 - salida - 2024/09/03 13:11:23',3,'',21,2),(1041,'2024-09-03 15:04:50.218835','528','MASSAFARA, BRAIAN - 41888232 - entrada - 2024/09/03 04:36:20',3,'',21,2),(1042,'2024-09-03 15:04:50.220337','527','GAUNA, LUCIANO - 29161251 - salida - 2024/09/04 05:24:04',3,'',21,2),(1043,'2024-09-03 15:04:50.221341','526','GAUNA, LUCIANO - 29161251 - entrada - 2024/09/03 20:35:17',3,'',21,2),(1044,'2024-09-03 15:04:50.222340','525','PIZARRO, LEANDRO E. - 39610329 - salida - 2024/09/03 16:15:23',3,'',21,2),(1045,'2024-09-03 15:04:50.224340','524','PIZARRO, LEANDRO E. - 39610329 - entrada - 2024/09/03 07:23:46',3,'',21,2),(1046,'2024-09-03 15:04:57.753292','68','Horas_totales object (68)',3,'',28,2),(1047,'2024-09-03 15:04:57.754292','67','Horas_totales object (67)',3,'',28,2),(1048,'2024-09-03 15:04:57.756291','66','Horas_totales object (66)',3,'',28,2),(1049,'2024-09-03 15:04:57.757291','65','Horas_totales object (65)',3,'',28,2),(1050,'2024-09-03 15:04:57.758291','64','Horas_totales object (64)',3,'',28,2),(1051,'2024-09-03 15:04:57.760291','63','Horas_totales object (63)',3,'',28,2),(1052,'2024-09-03 15:04:57.768496','62','Horas_totales object (62)',3,'',28,2),(1053,'2024-09-03 15:04:57.770497','61','Horas_totales object (61)',3,'',28,2),(1054,'2024-09-03 15:04:57.771602','60','Horas_totales object (60)',3,'',28,2),(1055,'2024-09-03 15:04:57.773602','59','Horas_totales object (59)',3,'',28,2),(1056,'2024-09-03 15:04:57.774602','58','Horas_totales object (58)',3,'',28,2),(1057,'2024-09-03 15:04:57.775604','57','Horas_totales object (57)',3,'',28,2),(1058,'2024-09-03 15:05:02.593751','100','Horas_trabajadas object (100)',3,'',26,2),(1059,'2024-09-03 15:05:02.594751','99','Horas_trabajadas object (99)',3,'',26,2),(1060,'2024-09-03 15:05:02.596025','98','Horas_trabajadas object (98)',3,'',26,2),(1061,'2024-09-03 15:05:02.597741','97','Horas_trabajadas object (97)',3,'',26,2),(1062,'2024-09-03 15:05:02.598749','96','Horas_trabajadas object (96)',3,'',26,2),(1063,'2024-09-03 15:05:02.600253','95','Horas_trabajadas object (95)',3,'',26,2),(1064,'2024-09-03 15:05:02.601258','94','Horas_trabajadas object (94)',3,'',26,2),(1065,'2024-09-03 15:05:02.602257','93','Horas_trabajadas object (93)',3,'',26,2),(1066,'2024-09-03 15:05:02.604260','92','Horas_trabajadas object (92)',3,'',26,2),(1067,'2024-09-03 15:05:02.605258','91','Horas_trabajadas object (91)',3,'',26,2),(1068,'2024-09-03 15:05:02.606260','90','Horas_trabajadas object (90)',3,'',26,2),(1069,'2024-09-03 15:05:02.607259','89','Horas_trabajadas object (89)',3,'',26,2),(1070,'2024-09-03 15:05:02.609258','88','Horas_trabajadas object (88)',3,'',26,2),(1071,'2024-09-03 15:05:02.610258','87','Horas_trabajadas object (87)',3,'',26,2),(1072,'2024-09-03 15:05:02.611484','86','Horas_trabajadas object (86)',3,'',26,2),(1073,'2024-09-03 15:05:02.613484','85','Horas_trabajadas object (85)',3,'',26,2),(1074,'2024-09-03 15:05:02.613842','84','Horas_trabajadas object (84)',3,'',26,2),(1075,'2024-09-03 15:05:02.614990','83','Horas_trabajadas object (83)',3,'',26,2),(1076,'2024-09-03 15:05:02.616996','82','Horas_trabajadas object (82)',3,'',26,2),(1077,'2024-09-03 15:05:06.910218','76','Horas_extras object (76)',3,'',27,2),(1078,'2024-09-03 15:05:06.912227','75','Horas_extras object (75)',3,'',27,2),(1079,'2024-09-03 15:05:06.913224','74','Horas_extras object (74)',3,'',27,2),(1080,'2024-09-03 15:05:06.915225','73','Horas_extras object (73)',3,'',27,2),(1081,'2024-09-03 15:05:06.916549','72','Horas_extras object (72)',3,'',27,2),(1082,'2024-09-03 15:05:06.917333','71','Horas_extras object (71)',3,'',27,2),(1083,'2024-09-03 15:05:06.918891','70','Horas_extras object (70)',3,'',27,2),(1084,'2024-09-03 15:05:06.920398','69','Horas_extras object (69)',3,'',27,2),(1085,'2024-09-03 15:05:06.921406','68','Horas_extras object (68)',3,'',27,2),(1086,'2024-09-03 15:05:06.923404','67','Horas_extras object (67)',3,'',27,2),(1087,'2024-09-03 15:05:06.924403','66','Horas_extras object (66)',3,'',27,2),(1088,'2024-09-03 15:05:06.926404','65','Horas_extras object (65)',3,'',27,2),(1089,'2024-09-03 15:05:06.927405','64','Horas_extras object (64)',3,'',27,2),(1090,'2024-09-03 15:05:06.929404','63','Horas_extras object (63)',3,'',27,2),(1091,'2024-09-03 15:05:06.930405','62','Horas_extras object (62)',3,'',27,2),(1092,'2024-09-03 15:05:06.932459','61','Horas_extras object (61)',3,'',27,2),(1093,'2024-09-03 15:05:06.933458','60','Horas_extras object (60)',3,'',27,2),(1094,'2024-09-03 15:05:06.934458','59','Horas_extras object (59)',3,'',27,2),(1095,'2024-09-03 15:05:06.935781','58','Horas_extras object (58)',3,'',27,2),(1096,'2024-09-03 15:06:30.398572','160','ALMENARA, LIHUEN ANDRES - 41484063',2,'[{\"changed\": {\"fields\": [\"Areas\"]}}]',14,2),(1097,'2024-09-03 15:07:12.030402','548','ALMENARA, LIHUEN ANDRES - 41484063 - entrada - 2024/09/03 20:04:25',1,'[{\"added\": {}}]',21,2),(1098,'2024-09-03 15:07:23.716574','549','ALMENARA, LIHUEN ANDRES - 41484063 - salida - 2024/09/04 05:07:20',1,'[{\"added\": {}}]',21,2),(1099,'2024-09-03 15:22:48.196013','549','ALMENARA, LIHUEN ANDRES - 41484063 - salida - 2024/09/04 05:07:20',3,'',21,2),(1100,'2024-09-03 15:23:05.693609','550','ALMENARA, LIHUEN ANDRES - 41484063 - salida - 2024/09/04 05:23:02',1,'[{\"added\": {}}]',21,2),(1101,'2024-09-03 15:23:21.520793','550','ALMENARA, LIHUEN ANDRES - 41484063 - salida - 2024/09/04 05:23:02',3,'',21,2),(1102,'2024-09-03 15:23:26.303538','69','Horas_totales object (69)',3,'',28,2),(1103,'2024-09-03 15:23:30.061474','102','Horas_trabajadas object (102)',3,'',26,2),(1104,'2024-09-03 15:23:30.063355','101','Horas_trabajadas object (101)',3,'',26,2),(1105,'2024-09-03 15:23:33.992719','78','Horas_extras object (78)',3,'',27,2),(1106,'2024-09-03 15:23:33.994718','77','Horas_extras object (77)',3,'',27,2),(1107,'2024-09-03 15:23:53.470182','551','ALMENARA, LIHUEN ANDRES - 41484063 - salida - 2024/09/04 05:23:50',1,'[{\"added\": {}}]',21,2),(1108,'2024-09-03 15:24:42.720088','551','ALMENARA, LIHUEN ANDRES - 41484063 - salida - 2024/09/04 05:23:50',3,'',21,2),(1109,'2024-09-03 15:24:54.874854','552','ALMENARA, LIHUEN ANDRES - 41484063 - salida - 2024/09/04 05:24:52',1,'[{\"added\": {}}]',21,2),(1110,'2024-09-03 15:25:08.779271','552','ALMENARA, LIHUEN ANDRES - 41484063 - salida - 2024/09/04 05:24:52',3,'',21,2),(1111,'2024-09-03 15:25:08.780775','548','ALMENARA, LIHUEN ANDRES - 41484063 - entrada - 2024/09/03 20:04:25',3,'',21,2),(1112,'2024-09-03 15:25:21.603926','553','PIZARRO, LEANDRO E. - 39610329 - entrada - 2024/09/03 20:03:00',1,'[{\"added\": {}}]',21,2),(1113,'2024-09-03 15:25:35.213313','554','PIZARRO, LEANDRO E. - 39610329 - salida - 2024/09/04 05:25:30',1,'[{\"added\": {}}]',21,2),(1114,'2024-09-03 15:49:25.589794','555','MASSAFARA, BRAIAN - 41888232 - entrada - 2024/09/03 04:47:00',1,'[{\"added\": {}}]',21,2),(1115,'2024-09-03 15:49:39.414417','556','MASSAFARA, BRAIAN - 41888232 - salida - 2024/09/03 13:24:00',1,'[{\"added\": {}}]',21,2),(1116,'2024-09-03 15:53:03.347441','556','MASSAFARA, BRAIAN - 41888232 - salida - 2024/09/03 13:24:00',3,'',21,2),(1117,'2024-09-03 15:53:03.349443','555','MASSAFARA, BRAIAN - 41888232 - entrada - 2024/09/03 04:47:00',3,'',21,2),(1118,'2024-09-03 15:53:03.350442','554','PIZARRO, LEANDRO E. - 39610329 - salida - 2024/09/04 05:25:30',3,'',21,2),(1119,'2024-09-03 15:53:03.351948','553','PIZARRO, LEANDRO E. - 39610329 - entrada - 2024/09/03 20:03:00',3,'',21,2),(1120,'2024-09-03 15:53:08.071689','107','Horas_trabajadas object (107)',3,'',26,2),(1121,'2024-09-03 15:53:08.073771','106','Horas_trabajadas object (106)',3,'',26,2),(1122,'2024-09-03 15:53:08.076773','105','Horas_trabajadas object (105)',3,'',26,2),(1123,'2024-09-03 15:53:08.077773','104','Horas_trabajadas object (104)',3,'',26,2),(1124,'2024-09-03 15:53:08.079771','103','Horas_trabajadas object (103)',3,'',26,2),(1125,'2024-09-03 15:53:12.134722','83','Horas_extras object (83)',3,'',27,2),(1126,'2024-09-03 15:53:12.136969','82','Horas_extras object (82)',3,'',27,2),(1127,'2024-09-03 15:53:12.137967','81','Horas_extras object (81)',3,'',27,2),(1128,'2024-09-03 15:53:12.138865','80','Horas_extras object (80)',3,'',27,2),(1129,'2024-09-03 15:53:12.140410','79','Horas_extras object (79)',3,'',27,2),(1130,'2024-09-03 15:53:17.587074','72','Horas_totales object (72)',3,'',28,2),(1131,'2024-09-03 15:53:17.588074','71','Horas_totales object (71)',3,'',28,2),(1132,'2024-09-03 15:53:17.590075','70','Horas_totales object (70)',3,'',28,2),(1133,'2024-09-03 15:53:38.496141','557','PIZARRO, LEANDRO E. - 39610329 - entrada - 2024/09/03 20:50:00',1,'[{\"added\": {}}]',21,2),(1134,'2024-09-03 15:53:53.170402','558','PIZARRO, LEANDRO E. - 39610329 - salida - 2024/09/04 05:04:47',1,'[{\"added\": {}}]',21,2),(1135,'2024-09-03 15:54:50.142993','559','MASSAFARA, BRAIAN - 41888232 - entrada - 2024/09/03 04:57:04',1,'[{\"added\": {}}]',21,2),(1136,'2024-09-03 15:55:01.430017','560','MASSAFARA, BRAIAN - 41888232 - salida - 2024/09/03 13:44:57',1,'[{\"added\": {}}]',21,2),(1137,'2024-09-03 15:56:06.965570','561','PIZARRO, LEANDRO E. - 39610329 - entrada - 2024/09/02 20:01:14',1,'[{\"added\": {}}]',21,2),(1138,'2024-09-03 15:56:21.214718','562','PIZARRO, LEANDRO E. - 39610329 - salida - 2024/09/03 04:23:47',1,'[{\"added\": {}}]',21,2),(1139,'2024-09-03 15:57:30.106956','563','BELTRAN, GABRIEL - 38279571 - entrada - 2024/09/03 05:23:47',1,'[{\"added\": {}}]',21,2),(1140,'2024-09-03 15:57:44.009776','564','BELTRAN, GABRIEL - 38279571 - salida - 2024/09/03 14:07:37',1,'[{\"added\": {}}]',21,2),(1141,'2024-09-03 15:57:57.711010','564','BELTRAN, GABRIEL - 38279571 - salida - 2024/09/03 13:07:37',2,'[{\"changed\": {\"fields\": [\"Hora fichada\"]}}]',21,2),(1142,'2024-09-04 15:33:06.701528','566','PIZARRO, LEANDRO E. - 39610329 - salida - 2024/09/04 19:33:01',1,'[{\"added\": {}}]',21,2),(1143,'2024-09-04 15:34:36.740758','566','PIZARRO, LEANDRO E. - 39610329 - salida - 2024/09/04 19:33:01',3,'',21,2),(1144,'2024-09-04 15:34:36.742758','565','PIZARRO, LEANDRO E. - 39610329 - entrada - 2024/09/04 14:57:29',3,'',21,2),(1145,'2024-09-04 15:34:36.743757','564','BELTRAN, GABRIEL - 38279571 - salida - 2024/09/03 13:07:37',3,'',21,2),(1146,'2024-09-04 15:34:36.745758','563','BELTRAN, GABRIEL - 38279571 - entrada - 2024/09/03 05:23:47',3,'',21,2),(1147,'2024-09-04 15:34:36.746759','562','PIZARRO, LEANDRO E. - 39610329 - salida - 2024/09/03 04:23:47',3,'',21,2),(1148,'2024-09-04 15:34:36.748758','561','PIZARRO, LEANDRO E. - 39610329 - entrada - 2024/09/02 20:01:14',3,'',21,2),(1149,'2024-09-04 15:34:36.749758','560','MASSAFARA, BRAIAN - 41888232 - salida - 2024/09/03 13:44:57',3,'',21,2),(1150,'2024-09-04 15:34:36.750759','559','MASSAFARA, BRAIAN - 41888232 - entrada - 2024/09/03 04:57:04',3,'',21,2),(1151,'2024-09-04 15:34:36.751757','558','PIZARRO, LEANDRO E. - 39610329 - salida - 2024/09/04 05:04:47',3,'',21,2),(1152,'2024-09-04 15:34:36.754451','557','PIZARRO, LEANDRO E. - 39610329 - entrada - 2024/09/03 20:50:00',3,'',21,2),(1153,'2024-09-04 15:34:41.055693','112','Horas_trabajadas object (112)',3,'',26,2),(1154,'2024-09-04 15:34:41.057170','111','Horas_trabajadas object (111)',3,'',26,2),(1155,'2024-09-04 15:34:41.058320','110','Horas_trabajadas object (110)',3,'',26,2),(1156,'2024-09-04 15:34:41.059325','109','Horas_trabajadas object (109)',3,'',26,2),(1157,'2024-09-04 15:34:41.061325','108','Horas_trabajadas object (108)',3,'',26,2),(1158,'2024-09-04 15:34:45.743514','88','Horas_extras object (88)',3,'',27,2),(1159,'2024-09-04 15:34:45.744633','87','Horas_extras object (87)',3,'',27,2),(1160,'2024-09-04 15:34:45.745638','86','Horas_extras object (86)',3,'',27,2),(1161,'2024-09-04 15:34:45.747638','85','Horas_extras object (85)',3,'',27,2),(1162,'2024-09-04 15:34:45.748534','84','Horas_extras object (84)',3,'',27,2),(1163,'2024-09-04 15:34:51.936653','75','Horas_totales object (75)',3,'',28,2),(1164,'2024-09-04 15:34:51.938376','74','Horas_totales object (74)',3,'',28,2),(1165,'2024-09-04 15:34:51.939383','73','Horas_totales object (73)',3,'',28,2),(1166,'2024-09-04 15:35:08.914491','567','PIZARRO, LEANDRO E. - 39610329 - entrada - 2024/09/04 07:23:24',1,'[{\"added\": {}}]',21,2),(1167,'2024-09-04 15:35:21.452408','568','PIZARRO, LEANDRO E. - 39610329 - salida - 2024/09/04 16:35:18',1,'[{\"added\": {}}]',21,2),(1168,'2024-09-04 15:35:49.291548','569','CORONEL, ROMINA - 39176825 - entrada - 2024/09/04 14:57:43',1,'[{\"added\": {}}]',21,2),(1169,'2024-09-04 15:36:10.183008','570','CORONEL, ROMINA - 39176825 - salida - 2024/09/04 19:36:05',1,'[{\"added\": {}}]',21,2),(1170,'2024-09-04 15:36:57.079453','571','BALDAZAR, RAUL - 14281172 - entrada - 2024/09/04 20:36:53',1,'[{\"added\": {}}]',21,2),(1171,'2024-09-04 15:37:13.717598','572','BALDAZAR, RAUL - 14281172 - salida - 2024/09/05 05:14:31',1,'[{\"added\": {}}]',21,2),(1172,'2024-09-11 11:19:56.177997','238','TESTA, ENZO NICOLAS - 43230436',2,'[{\"changed\": {\"fields\": [\"Areas\"]}}]',14,2),(1173,'2024-09-11 11:20:10.815656','238','TESTA, ENZO NICOLAS - 43230436',2,'[{\"changed\": {\"fields\": [\"Titulo tecnico\"]}}]',14,2),(1174,'2024-09-11 11:55:08.733194','1','Hores',2,'[{\"changed\": {\"fields\": [\"Name\"]}}]',42,2),(1175,'2024-09-11 11:55:16.005126','1','Django',2,'[{\"changed\": {\"fields\": [\"Name\"]}}]',42,2),(1176,'2024-09-11 12:01:50.566261','2','HORES',1,'[{\"added\": {}}]',42,2),(1177,'2024-09-11 12:01:53.819801','2','HORES',2,'[{\"changed\": {\"fields\": [\"Active\"]}}]',42,2),(1178,'2024-09-11 12:01:53.821803','1','Django',2,'[{\"changed\": {\"fields\": [\"Active\"]}}]',42,2),(1179,'2024-09-11 12:02:02.083581','2','HORES',2,'[{\"changed\": {\"fields\": [\"Active\"]}}]',42,2),(1180,'2024-09-11 12:02:02.085580','1','Django',2,'[{\"changed\": {\"fields\": [\"Active\"]}}]',42,2),(1181,'2024-09-11 12:02:51.020852','2','HORES',2,'[{\"changed\": {\"fields\": [\"Background color\", \"Text color\", \"Link color\"]}}]',42,2),(1182,'2024-09-11 12:03:31.871849','2','HORES',2,'[{\"changed\": {\"fields\": [\"Name\"]}}]',42,2),(1183,'2024-09-11 12:04:08.485526','2','HORES',2,'[{\"changed\": {\"fields\": [\"Text color\", \"Link color\"]}}]',42,2),(1184,'2024-09-11 12:04:52.084515','2','HORES',2,'[{\"changed\": {\"fields\": [\"Background color\"]}}]',42,2),(1185,'2024-09-11 12:06:07.515167','2','HORES',2,'[{\"changed\": {\"fields\": [\"Color\", \"Background color\", \"Text color\"]}}]',42,2),(1186,'2024-09-11 12:14:50.816054','2','HORES',2,'[]',42,2),(1187,'2024-09-11 12:15:38.080816','2','HORES',2,'[{\"changed\": {\"fields\": [\"Link hover color\"]}}]',42,2),(1188,'2024-09-11 12:17:37.369868','2','HORES',2,'[{\"changed\": {\"fields\": [\"Background color\"]}}]',42,2),(1189,'2024-09-11 12:18:01.647092','2','HORES',2,'[{\"changed\": {\"fields\": [\"Background color\"]}}]',42,2),(1190,'2024-09-11 12:18:20.667561','2','HORES',2,'[{\"changed\": {\"fields\": [\"Background color\"]}}]',42,2),(1191,'2024-09-11 12:18:39.723512','2','HORES',2,'[{\"changed\": {\"fields\": [\"Background color\"]}}]',42,2),(1192,'2024-09-11 12:20:15.197776','2','HORES',2,'[{\"changed\": {\"fields\": [\"Background color\"]}}]',42,2),(1193,'2024-09-11 12:21:31.792410','2','HORES',2,'[{\"changed\": {\"fields\": [\"Sticky pagination\"]}}]',42,2),(1194,'2024-09-11 12:22:02.500056','2','HORES',2,'[{\"changed\": {\"fields\": [\"Sticky submit\"]}}]',42,2),(1195,'2024-09-11 12:22:31.320130','2','HORES',2,'[{\"changed\": {\"fields\": [\"Background color\"]}}]',42,2),(1196,'2024-09-11 12:23:03.126982','2','HORES',2,'[{\"changed\": {\"fields\": [\"Fieldsets as tabs\"]}}]',42,2),(1197,'2024-09-11 12:24:16.285885','2','HORES',2,'[{\"changed\": {\"fields\": [\"Fieldsets as tabs\", \"Inlines as tabs\"]}}]',42,2),(1198,'2024-09-11 12:24:50.511756','2','HORES',2,'[{\"changed\": {\"fields\": [\"Inlines as tabs\"]}}]',42,2),(1199,'2024-09-11 12:25:38.199071','2','HORES',2,'[{\"changed\": {\"fields\": [\"Link color\"]}}]',42,2),(1200,'2024-09-11 12:25:45.464938','2','HORES',2,'[{\"changed\": {\"fields\": [\"Link color\"]}}]',42,2),(1201,'2024-09-11 12:28:53.569220','2','HORES',2,'[{\"changed\": {\"fields\": [\"Background color\"]}}]',42,2),(1202,'2024-09-11 12:29:02.766619','2','HORES',2,'[{\"changed\": {\"fields\": [\"Background color\"]}}]',42,2),(1203,'2024-09-11 12:29:45.973011','2','HORES',2,'[{\"changed\": {\"fields\": [\"Background color\", \"Link hover color\"]}}]',42,2),(1204,'2024-09-11 12:30:05.561688','2','HORES',2,'[{\"changed\": {\"fields\": [\"Name\"]}}]',42,2),(1205,'2024-09-11 12:30:28.308765','2','HORES',2,'[{\"changed\": {\"fields\": [\"Name\"]}}]',42,2),(1206,'2024-09-11 12:31:27.994687','2','HORES',2,'[{\"changed\": {\"fields\": [\"Control\", \"Display\"]}}]',42,2),(1207,'2024-09-11 12:32:12.781117','2','HORES',2,'[{\"changed\": {\"fields\": [\"Control\", \"Display\"]}}]',42,2),(1208,'2024-09-11 12:34:05.129882','2','HORES',2,'[{\"changed\": {\"fields\": [\"Background color\"]}}]',42,2),(1209,'2024-09-11 15:54:21.368287','2','HORES',2,'[{\"changed\": {\"fields\": [\"Max width\", \"Max height\"]}}]',42,2),(1210,'2024-09-11 15:58:26.823394','2','HORES',2,'[{\"changed\": {\"fields\": [\"Link color\"]}}]',42,2),(1211,'2024-09-12 08:12:20.957430','576','PIZARRO, LEANDRO E. - 39610329 - salida - 2024/09/12 08:12:18',1,'[{\"added\": {}}]',21,2),(1212,'2024-09-12 08:43:50.800978','585','PIZARRO, LEANDRO E. - 39610329 - entrada - 2024/09/12 08:16:20',3,'',21,2),(1213,'2024-09-12 14:40:49.320179','142','PIZARRO, LEANDRO E. - 39610329',2,'[{\"changed\": {\"fields\": [\"Foto\"]}}]',14,2),(1214,'2024-09-12 14:41:08.285508','142','PIZARRO, LEANDRO E. - 39610329',2,'[{\"changed\": {\"fields\": [\"Foto\"]}}]',14,2),(1215,'2024-09-12 15:03:29.058511','21','Sábado: 05:00 - 13:00',1,'[{\"added\": {}}]',30,2),(1216,'2024-09-12 15:03:58.868831','15','Sábado',1,'[{\"added\": {}}]',29,2),(1217,'2024-09-12 15:04:02.387137','297','MORANGE, AGUSTIN - 46512137',2,'[{\"changed\": {\"fields\": [\"Areas\"]}}]',14,2),(1222,'2024-09-13 08:16:30.547027','587','MASSAFARA, BRAIAN - 41888232 - entrada - 2024/09/13 04:16:24',1,'[{\"added\": {}}]',21,2),(1223,'2024-09-13 08:16:47.978895','588','MASSAFARA, BRAIAN - 41888232 - salida - 2024/09/13 13:16:43',1,'[{\"added\": {}}]',21,2),(1224,'2024-09-13 08:19:04.252712','589','BAINOTTI, JORGE - 35669855 - entrada - 2024/09/13 06:36:23',1,'[{\"added\": {}}]',21,2),(1225,'2024-09-13 08:19:31.771438','590','BAINOTTI, JORGE - 35669855 - salida - 2024/09/13 13:23:13',1,'[{\"added\": {}}]',21,2),(1226,'2024-09-13 08:20:52.491892','591','BAINOTTI, JORGE - 35669855 - entrada - 2024/09/13 14:23:23',1,'[{\"added\": {}}]',21,2),(1227,'2024-09-13 08:21:12.694306','592','BAINOTTI, JORGE - 35669855 - salida - 2024/09/13 18:05:14',1,'[{\"added\": {}}]',21,2),(1228,'2024-09-13 08:22:32.719385','593','BALDAZAR, RAUL - 14281172 - entrada - 2024/09/13 20:14:23',1,'[{\"added\": {}}]',21,2),(1229,'2024-09-13 08:22:45.547722','594','BALDAZAR, RAUL - 14281172 - salida - 2024/09/14 05:22:40',1,'[{\"added\": {}}]',21,2),(1230,'2024-09-20 08:26:12.822490','115','PIZARRO, LEANDRO E. - 39610329 - 2024-09-11 - ✅ Presente',2,'[{\"changed\": {\"fields\": [\"Descripcion\"]}}]',32,2),(1231,'2024-10-07 15:24:12.851785','668','PIZARRO, LEANDRO E. - 39610329 - entrada - 2024/10/07 15:25:57',2,'[{\"changed\": {\"fields\": [\"Hora fichada\"]}}]',21,2),(1232,'2024-10-07 15:33:52.960832','79','Horas_totales object (79)',2,'[{\"changed\": {\"fields\": [\"Horas normales\"]}}]',28,2),(1233,'2024-10-29 08:09:28.104047','142','PIZARRO, LEANDRO E. - 39610329',2,'[{\"deleted\": {\"name\": \"licencia\", \"object\": \"Licencia licencias/Captura_de_pantalla_6.png para LEANDRO (3 d\\u00edas)\"}}, {\"deleted\": {\"name\": \"licencia\", \"object\": \"Licencia licencias/Lista_de_Productos_2.pdf para LEANDRO (11 d\\u00edas)\"}}, {\"deleted\": {\"name\": \"licencia\", \"object\": \"Licencia licencias/Errores_Bobinas.pdf para LEANDRO (8 d\\u00edas)\"}}]',14,2),(1234,'2024-10-29 08:12:05.006032','1','BALDAZAR, RAUL - 14281172',2,'[{\"changed\": {\"fields\": [\"Areas\"]}}, {\"deleted\": {\"name\": \"licencia\", \"object\": \"Licencia licencias/Imagen_de_WhatsApp_2024-08-08_a_las_10.46.03_55ef60be.jpg para RAUL (62 d\\u00edas)\"}}]',14,2),(1235,'2024-10-30 10:20:30.590454','3','Rafael',3,'',4,2),(1236,'2024-10-30 10:20:50.253429','5','Rafael',1,'[{\"added\": {}}]',4,2),(1237,'2024-10-30 10:21:47.550399','5','Rafael',2,'[{\"changed\": {\"fields\": [\"Staff status\"]}}]',4,2),(1238,'2024-10-30 10:21:56.967599','5','Rafael',2,'[]',4,2),(1239,'2024-10-30 10:22:48.231016','5','Rafael',2,'[{\"changed\": {\"fields\": [\"Groups\"]}}]',4,2),(1240,'2024-10-30 10:25:42.692940','120','BALDAZAR, RAUL - 14281172 - 2024-09-14 - ❌ Ausente',2,'[{\"changed\": {\"fields\": [\"Estado justificacion\", \"Descripcion\"]}}]',32,2),(1241,'2024-10-30 10:26:17.198160','5','Rafael',2,'[{\"changed\": {\"fields\": [\"Superuser status\"]}}]',4,2),(1242,'2024-11-01 08:25:49.720367','697','PIZARRO, LEANDRO E. - 39610329 - salida - 2024/11/01 08:21:46',3,'',21,2),(1243,'2024-11-01 08:25:49.724217','696','PIZARRO, LEANDRO E. - 39610329 - entrada - 2024/11/01 08:21:41',3,'',21,2),(1244,'2024-11-01 08:25:49.726279','695','PIZARRO, LEANDRO E. - 39610329 - salida - 2024/11/01 08:21:38',3,'',21,2),(1245,'2024-11-01 08:25:49.728024','694','PIZARRO, LEANDRO E. - 39610329 - entrada_transitoria - 2024/11/01 08:21:35',3,'',21,2),(1246,'2024-11-01 08:25:49.729945','693','PIZARRO, LEANDRO E. - 39610329 - salida_transitoria - 2024/11/01 08:21:31',3,'',21,2),(1247,'2024-11-01 08:25:49.731477','692','PIZARRO, LEANDRO E. - 39610329 - entrada - 2024/11/01 08:21:25',3,'',21,2),(1248,'2024-11-01 08:25:49.733214','691','PIZARRO, LEANDRO E. - 39610329 - salida - 2024/11/01 08:21:23',3,'',21,2),(1249,'2024-11-01 08:25:49.734760','690','PIZARRO, LEANDRO E. - 39610329 - entrada_transitoria - 2024/11/01 08:21:18',3,'',21,2),(1250,'2024-11-01 08:25:49.736522','689','PIZARRO, LEANDRO E. - 39610329 - salida_transitoria - 2024/10/30 10:23:44',3,'',21,2),(1251,'2024-11-01 08:25:49.738431','688','PIZARRO, LEANDRO E. - 39610329 - entrada - 2024/10/30 10:23:42',3,'',21,2),(1252,'2024-11-01 08:25:49.740081','687','PIZARRO, LEANDRO E. - 39610329 - salida - 2024/10/30 10:23:39',3,'',21,2),(1253,'2024-11-01 08:25:49.741861','686','PIZARRO, LEANDRO E. - 39610329 - entrada_transitoria - 2024/10/30 10:23:35',3,'',21,2),(1254,'2024-11-01 08:25:49.744297','685','PIZARRO, LEANDRO E. - 39610329 - salida_transitoria - 2024/10/30 10:16:52',3,'',21,2),(1255,'2024-11-01 08:25:49.746218','684','PIZARRO, LEANDRO E. - 39610329 - entrada - 2024/10/30 10:16:45',3,'',21,2),(1256,'2024-11-01 08:25:49.747946','683','PIZARRO, LEANDRO E. - 39610329 - salida - 2024/10/30 10:16:41',3,'',21,2),(1257,'2024-11-01 08:25:49.749567','682','PIZARRO, LEANDRO E. - 39610329 - entrada_transitoria - 2024/10/30 10:16:37',3,'',21,2),(1258,'2024-11-01 08:25:49.751242','681','PIZARRO, LEANDRO E. - 39610329 - salida_transitoria - 2024/10/29 09:19:27',3,'',21,2),(1259,'2024-11-01 08:25:49.753011','680','PIZARRO, LEANDRO E. - 39610329 - entrada - 2024/10/29 09:19:21',3,'',21,2),(1260,'2024-11-01 08:25:49.755053','679','PIZARRO, LEANDRO E. - 39610329 - salida - 2024/10/29 09:19:18',3,'',21,2),(1261,'2024-11-01 08:25:49.756588','678','PIZARRO, LEANDRO E. - 39610329 - entrada_transitoria - 2024/10/29 08:04:14',3,'',21,2),(1262,'2024-11-01 08:25:49.758904','677','PIZARRO, LEANDRO E. - 39610329 - salida_transitoria - 2024/10/29 08:04:10',3,'',21,2),(1263,'2024-11-01 08:25:49.760663','676','PIZARRO, LEANDRO E. - 39610329 - entrada - 2024/10/29 08:04:08',3,'',21,2),(1264,'2024-11-01 08:25:49.762329','675','PIZARRO, LEANDRO E. - 39610329 - salida - 2024/10/29 08:04:05',3,'',21,2),(1265,'2024-11-01 08:25:49.763890','674','PIZARRO, LEANDRO E. - 39610329 - entrada_transitoria - 2024/10/29 08:04:02',3,'',21,2),(1266,'2024-11-01 08:25:49.765779','673','PIZARRO, LEANDRO E. - 39610329 - salida_transitoria - 2024/10/29 08:03:58',3,'',21,2),(1267,'2024-11-01 08:25:49.767697','672','PIZARRO, LEANDRO E. - 39610329 - entrada - 2024/10/29 08:01:11',3,'',21,2),(1268,'2024-11-01 08:25:49.769391','671','PIZARRO, LEANDRO E. - 39610329 - salida - 2024/10/29 08:01:08',3,'',21,2),(1269,'2024-11-01 08:25:49.771232','670','PIZARRO, LEANDRO E. - 39610329 - entrada_transitoria - 2024/10/29 08:01:03',3,'',21,2),(1270,'2024-11-01 08:25:49.773168','669','PIZARRO, LEANDRO E. - 39610329 - salida_transitoria - 2024/10/29 08:01:00',3,'',21,2),(1271,'2024-11-01 08:25:49.775077','668','PIZARRO, LEANDRO E. - 39610329 - entrada - 2024/10/07 15:25:57',3,'',21,2),(1272,'2024-11-01 08:25:49.776716','667','PIZARRO, LEANDRO E. - 39610329 - entrada - 2024/10/07 15:10:54',3,'',21,2),(1273,'2024-11-01 08:25:49.778450','666','PIZARRO, LEANDRO E. - 39610329 - salida - 2024/10/07 15:10:21',3,'',21,2),(1274,'2024-11-01 08:25:49.780131','665','PIZARRO, LEANDRO E. - 39610329 - entrada_transitoria - 2024/10/07 15:10:16',3,'',21,2),(1275,'2024-11-01 08:25:49.781767','664','PIZARRO, LEANDRO E. - 39610329 - salida_transitoria - 2024/10/07 15:10:10',3,'',21,2),(1276,'2024-11-01 08:25:49.784828','663','PIZARRO, LEANDRO E. - 39610329 - entrada - 2024/10/07 15:05:12',3,'',21,2),(1277,'2024-11-01 08:25:49.786722','662','PIZARRO, LEANDRO E. - 39610329 - salida - 2024/10/07 15:04:52',3,'',21,2),(1278,'2024-11-01 08:25:49.788723','661','PIZARRO, LEANDRO E. - 39610329 - entrada_transitoria - 2024/10/07 15:04:49',3,'',21,2),(1279,'2024-11-01 08:25:49.790500','660','PIZARRO, LEANDRO E. - 39610329 - salida_transitoria - 2024/10/07 15:03:29',3,'',21,2),(1280,'2024-11-01 08:25:49.792298','659','PIZARRO, LEANDRO E. - 39610329 - entrada - 2024/10/07 15:02:16',3,'',21,2),(1281,'2024-11-01 08:25:49.794311','658','PIZARRO, LEANDRO E. - 39610329 - salida - 2024/10/07 15:02:13',3,'',21,2),(1282,'2024-11-01 08:25:49.796138','657','PIZARRO, LEANDRO E. - 39610329 - entrada_transitoria - 2024/10/07 12:41:33',3,'',21,2),(1283,'2024-11-01 08:25:49.797960','656','PIZARRO, LEANDRO E. - 39610329 - salida_transitoria - 2024/10/07 12:41:29',3,'',21,2),(1284,'2024-11-01 08:25:49.799597','655','PIZARRO, LEANDRO E. - 39610329 - salida_transitoria - 2024/10/07 12:39:39',3,'',21,2),(1285,'2024-11-01 08:25:49.801444','654','PIZARRO, LEANDRO E. - 39610329 - entrada - 2024/10/07 12:38:36',3,'',21,2),(1286,'2024-11-01 08:25:49.803293','653','PIZARRO, LEANDRO E. - 39610329 - salida - 2024/10/07 12:38:32',3,'',21,2),(1287,'2024-11-01 08:25:49.805114','652','PIZARRO, LEANDRO E. - 39610329 - entrada_transitoria - 2024/10/07 12:38:27',3,'',21,2),(1288,'2024-11-01 08:25:49.806806','651','PIZARRO, LEANDRO E. - 39610329 - salida_transitoria - 2024/10/07 12:38:19',3,'',21,2),(1289,'2024-11-01 08:25:49.808588','650','PIZARRO, LEANDRO E. - 39610329 - entrada - 2024/10/07 12:37:58',3,'',21,2),(1290,'2024-11-01 08:25:49.810268','649','PIZARRO, LEANDRO E. - 39610329 - salida - 2024/10/07 12:37:54',3,'',21,2),(1291,'2024-11-01 08:25:49.812131','648','PIZARRO, LEANDRO E. - 39610329 - entrada_transitoria - 2024/10/07 12:37:49',3,'',21,2),(1292,'2024-11-01 08:25:49.813807','647','PIZARRO, LEANDRO E. - 39610329 - salida_transitoria - 2024/10/07 12:37:45',3,'',21,2),(1293,'2024-11-01 08:25:49.815547','646','PIZARRO, LEANDRO E. - 39610329 - entrada - 2024/10/07 12:35:29',3,'',21,2),(1294,'2024-11-01 08:25:49.817176','645','PIZARRO, LEANDRO E. - 39610329 - entrada_transitoria - 2024/10/07 12:34:53',3,'',21,2),(1295,'2024-11-01 08:25:49.819463','644','PIZARRO, LEANDRO E. - 39610329 - salida_transitoria - 2024/10/07 12:34:48',3,'',21,2),(1296,'2024-11-01 08:25:49.821387','643','PIZARRO, LEANDRO E. - 39610329 - entrada - 2024/10/07 12:29:55',3,'',21,2),(1297,'2024-11-01 08:25:49.823281','642','PIZARRO, LEANDRO E. - 39610329 - entrada - 2024/10/07 12:29:46',3,'',21,2),(1298,'2024-11-01 08:25:49.825208','641','PIZARRO, LEANDRO E. - 39610329 - salida - 2024/10/07 12:29:44',3,'',21,2),(1299,'2024-11-01 08:25:49.826945','640','PIZARRO, LEANDRO E. - 39610329 - entrada_transitoria - 2024/10/07 12:29:40',3,'',21,2),(1300,'2024-11-01 08:25:49.828489','639','PIZARRO, LEANDRO E. - 39610329 - salida_transitoria - 2024/10/07 12:29:19',3,'',21,2),(1301,'2024-11-01 08:25:49.830181','638','PIZARRO, LEANDRO E. - 39610329 - salida_transitoria - 2024/10/07 12:20:26',3,'',21,2),(1302,'2024-11-01 08:25:49.831818','637','PIZARRO, LEANDRO E. - 39610329 - entrada - 2024/10/07 12:20:14',3,'',21,2),(1303,'2024-11-01 08:25:49.834137','636','PIZARRO, LEANDRO E. - 39610329 - entrada - 2024/10/07 12:19:36',3,'',21,2),(1304,'2024-11-01 08:25:49.836607','635','PIZARRO, LEANDRO E. - 39610329 - salida - 2024/10/07 12:19:12',3,'',21,2),(1305,'2024-11-01 08:25:49.838428','634','PIZARRO, LEANDRO E. - 39610329 - salida - 2024/10/07 12:18:38',3,'',21,2),(1306,'2024-11-01 08:25:49.840015','633','PIZARRO, LEANDRO E. - 39610329 - entrada_transitoria - 2024/10/07 12:18:34',3,'',21,2),(1307,'2024-11-01 08:25:49.841794','632','PIZARRO, LEANDRO E. - 39610329 - salida_transitoria - 2024/10/07 12:18:30',3,'',21,2),(1308,'2024-11-01 08:25:49.843877','631','PIZARRO, LEANDRO E. - 39610329 - entrada - 2024/10/07 12:18:26',3,'',21,2),(1309,'2024-11-01 08:25:49.845557','630','PIZARRO, LEANDRO E. - 39610329 - salida - 2024/10/07 12:18:22',3,'',21,2),(1310,'2024-11-01 08:25:49.847221','629','PIZARRO, LEANDRO E. - 39610329 - entrada_transitoria - 2024/10/07 12:17:37',3,'',21,2),(1311,'2024-11-01 08:25:49.850515','628','PIZARRO, LEANDRO E. - 39610329 - entrada - 2024/10/07 11:37:28',3,'',21,2),(1312,'2024-11-01 08:25:49.852577','627','PIZARRO, LEANDRO E. - 39610329 - salida - 2024/10/07 11:37:18',3,'',21,2),(1313,'2024-11-01 08:25:49.854354','626','PIZARRO, LEANDRO E. - 39610329 - entrada_transitoria - 2024/10/07 10:46:47',3,'',21,2),(1314,'2024-11-01 08:25:49.855933','625','PIZARRO, LEANDRO E. - 39610329 - salida_transitoria - 2024/10/07 10:40:43',3,'',21,2),(1315,'2024-11-01 08:25:49.857577','624','PIZARRO, LEANDRO E. - 39610329 - entrada - 2024/10/07 08:55:24',3,'',21,2),(1316,'2024-11-01 08:25:49.859428','623','PIZARRO, LEANDRO E. - 39610329 - salida - 2024/10/07 08:49:25',3,'',21,2),(1317,'2024-11-01 08:25:49.861059','622','PIZARRO, LEANDRO E. - 39610329 - entrada_transitoria - 2024/10/07 08:49:22',3,'',21,2),(1318,'2024-11-01 08:25:49.862857','621','PIZARRO, LEANDRO E. - 39610329 - salida_transitoria - 2024/10/07 08:44:04',3,'',21,2),(1319,'2024-11-01 08:25:49.866030','620','PIZARRO, LEANDRO E. - 39610329 - entrada - 2024/10/07 08:44:01',3,'',21,2),(1320,'2024-11-01 08:25:49.868072','619','PIZARRO, LEANDRO E. - 39610329 - salida - 2024/10/07 08:43:56',3,'',21,2),(1321,'2024-11-01 08:25:49.870412','618','PIZARRO, LEANDRO E. - 39610329 - entrada_transitoria - 2024/10/07 08:38:53',3,'',21,2),(1322,'2024-11-01 08:25:49.872150','617','PIZARRO, LEANDRO E. - 39610329 - salida_transitoria - 2024/10/07 08:38:48',3,'',21,2),(1323,'2024-11-01 08:25:49.873929','616','PIZARRO, LEANDRO E. - 39610329 - entrada - 2024/10/04 11:02:35',3,'',21,2),(1324,'2024-11-01 08:25:49.875619','615','PIZARRO, LEANDRO E. - 39610329 - salida - 2024/10/04 11:02:29',3,'',21,2),(1325,'2024-11-01 08:25:49.877305','614','PIZARRO, LEANDRO E. - 39610329 - entrada - 2024/10/04 11:01:54',3,'',21,2),(1326,'2024-11-01 08:25:49.885983','613','PIZARRO, LEANDRO E. - 39610329 - salida - 2024/10/04 11:01:51',3,'',21,2),(1327,'2024-11-01 08:25:49.888225','612','PIZARRO, LEANDRO E. - 39610329 - entrada_transitoria - 2024/10/04 11:01:48',3,'',21,2),(1328,'2024-11-01 08:25:49.889918','611','PIZARRO, LEANDRO E. - 39610329 - salida_transitoria - 2024/10/04 10:51:58',3,'',21,2),(1329,'2024-11-01 08:25:49.891648','610','PIZARRO, LEANDRO E. - 39610329 - entrada - 2024/10/04 10:02:29',3,'',21,2),(1330,'2024-11-01 08:25:49.894457','609','PIZARRO, LEANDRO E. - 39610329 - salida - 2024/10/04 09:46:18',3,'',21,2),(1331,'2024-11-01 08:25:49.896241','608','PIZARRO, LEANDRO E. - 39610329 - entrada - 2024/10/04 09:46:05',3,'',21,2),(1332,'2024-11-01 08:25:49.897907','607','PIZARRO, LEANDRO E. - 39610329 - salida - 2024/10/04 09:43:56',3,'',21,2),(1333,'2024-11-01 08:25:49.899507','606','PIZARRO, LEANDRO E. - 39610329 - entrada - 2024/10/04 09:43:52',3,'',21,2),(1334,'2024-11-01 08:25:49.901143','605','PIZARRO, LEANDRO E. - 39610329 - salida - 2024/10/04 09:43:26',3,'',21,2),(1335,'2024-11-01 08:25:49.902842','604','PIZARRO, LEANDRO E. - 39610329 - entrada - 2024/10/04 09:43:22',3,'',21,2),(1336,'2024-11-01 08:25:49.904356','603','PIZARRO, LEANDRO E. - 39610329 - salida - 2024/10/04 09:43:20',3,'',21,2),(1337,'2024-11-01 08:25:49.906119','602','PIZARRO, LEANDRO E. - 39610329 - entrada_transitoria - 2024/10/04 09:43:17',3,'',21,2),(1338,'2024-11-01 08:25:49.907972','601','PIZARRO, LEANDRO E. - 39610329 - salida_transitoria - 2024/10/04 09:43:13',3,'',21,2),(1339,'2024-11-01 08:25:49.909984','600','PIZARRO, LEANDRO E. - 39610329 - entrada - 2024/10/04 09:43:10',3,'',21,2),(1340,'2024-11-01 08:25:49.912087','599','PIZARRO, LEANDRO E. - 39610329 - salida - 2024/09/24 15:50:12',3,'',21,2),(1341,'2024-11-01 08:25:49.913728','598','PIZARRO, LEANDRO E. - 39610329 - entrada - 2024/09/24 15:50:09',3,'',21,2),(1342,'2024-11-01 08:26:25.142151','82','Horas_totales object (82)',3,'',28,2),(1343,'2024-11-01 08:26:25.144089','81','Horas_totales object (81)',3,'',28,2),(1344,'2024-11-01 08:26:25.146700','80','Horas_totales object (80)',3,'',28,2),(1345,'2024-11-01 08:26:25.148451','79','Horas_totales object (79)',3,'',28,2),(1346,'2024-11-01 08:26:25.150198','78','Horas_totales object (78)',3,'',28,2),(1347,'2024-11-01 08:26:25.151794','77','Horas_totales object (77)',3,'',28,2),(1348,'2024-11-01 08:26:25.153387','76','Horas_totales object (76)',3,'',28,2),(1349,'2024-11-01 08:26:33.642997','128','Horas_trabajadas object (128)',3,'',26,2),(1350,'2024-11-01 08:26:33.644963','127','Horas_trabajadas object (127)',3,'',26,2),(1351,'2024-11-01 08:26:33.646766','126','Horas_trabajadas object (126)',3,'',26,2),(1352,'2024-11-01 08:26:33.648500','125','Horas_trabajadas object (125)',3,'',26,2),(1353,'2024-11-01 08:26:33.650380','124','Horas_trabajadas object (124)',3,'',26,2),(1354,'2024-11-01 08:26:33.652451','123','Horas_trabajadas object (123)',3,'',26,2),(1355,'2024-11-01 08:26:33.654213','122','Horas_trabajadas object (122)',3,'',26,2),(1356,'2024-11-01 08:26:33.656221','121','Horas_trabajadas object (121)',3,'',26,2),(1357,'2024-11-01 08:26:33.657993','120','Horas_trabajadas object (120)',3,'',26,2),(1358,'2024-11-01 08:26:33.659867','119','Horas_trabajadas object (119)',3,'',26,2),(1359,'2024-11-01 08:26:33.661675','118','Horas_trabajadas object (118)',3,'',26,2),(1360,'2024-11-01 08:26:33.663251','117','Horas_trabajadas object (117)',3,'',26,2),(1361,'2024-11-01 08:26:33.664909','116','Horas_trabajadas object (116)',3,'',26,2),(1362,'2024-11-01 08:26:33.666934','115','Horas_trabajadas object (115)',3,'',26,2),(1363,'2024-11-01 08:26:33.668452','114','Horas_trabajadas object (114)',3,'',26,2),(1364,'2024-11-01 08:26:33.670093','113','Horas_trabajadas object (113)',3,'',26,2),(1365,'2024-11-01 08:26:38.964595','104','Horas_extras object (104)',3,'',27,2),(1366,'2024-11-01 08:26:38.966627','103','Horas_extras object (103)',3,'',27,2),(1367,'2024-11-01 08:26:38.968387','102','Horas_extras object (102)',3,'',27,2),(1368,'2024-11-01 08:26:38.970346','101','Horas_extras object (101)',3,'',27,2),(1369,'2024-11-01 08:26:38.972270','100','Horas_extras object (100)',3,'',27,2),(1370,'2024-11-01 08:26:38.974027','99','Horas_extras object (99)',3,'',27,2),(1371,'2024-11-01 08:26:38.975917','98','Horas_extras object (98)',3,'',27,2),(1372,'2024-11-01 08:26:38.977918','97','Horas_extras object (97)',3,'',27,2),(1373,'2024-11-01 08:26:38.979787','96','Horas_extras object (96)',3,'',27,2),(1374,'2024-11-01 08:26:38.981571','95','Horas_extras object (95)',3,'',27,2),(1375,'2024-11-01 08:26:38.984737','94','Horas_extras object (94)',3,'',27,2),(1376,'2024-11-01 08:26:38.991344','93','Horas_extras object (93)',3,'',27,2),(1377,'2024-11-01 08:26:38.993829','92','Horas_extras object (92)',3,'',27,2),(1378,'2024-11-01 08:26:38.995609','91','Horas_extras object (91)',3,'',27,2),(1379,'2024-11-01 08:26:38.997339','90','Horas_extras object (90)',3,'',27,2),(1380,'2024-11-01 08:26:38.999599','89','Horas_extras object (89)',3,'',27,2),(1381,'2024-11-01 08:28:01.020785','597','PIZARRO, LEANDRO E. - 39610329 - salida - 2024/09/24 15:50:06',3,'',21,2),(1382,'2024-11-01 08:28:01.022498','596','PIZARRO, LEANDRO E. - 39610329 - entrada_transitoria - 2024/09/24 15:50:02',3,'',21,2),(1383,'2024-11-01 08:28:01.024066','595','PIZARRO, LEANDRO E. - 39610329 - salida_transitoria - 2024/09/24 15:49:53',3,'',21,2),(1384,'2024-11-01 08:28:01.025896','594','BALDAZAR, RAUL - 14281172 - salida - 2024/09/14 05:22:40',3,'',21,2),(1385,'2024-11-01 08:28:01.027371','593','BALDAZAR, RAUL - 14281172 - entrada - 2024/09/13 20:14:23',3,'',21,2),(1386,'2024-11-01 08:28:01.028954','592','BAINOTTI, JORGE - 35669855 - salida - 2024/09/13 18:05:14',3,'',21,2),(1387,'2024-11-01 08:28:01.030382','591','BAINOTTI, JORGE - 35669855 - entrada - 2024/09/13 14:23:23',3,'',21,2),(1388,'2024-11-01 08:28:01.031920','590','BAINOTTI, JORGE - 35669855 - salida - 2024/09/13 13:23:13',3,'',21,2),(1389,'2024-11-01 08:28:01.033365','589','BAINOTTI, JORGE - 35669855 - entrada - 2024/09/13 06:36:23',3,'',21,2),(1390,'2024-11-01 08:28:01.035049','588','MASSAFARA, BRAIAN - 41888232 - salida - 2024/09/13 13:16:43',3,'',21,2),(1391,'2024-11-01 08:28:01.036818','587','MASSAFARA, BRAIAN - 41888232 - entrada - 2024/09/13 04:16:24',3,'',21,2),(1392,'2024-11-01 08:28:01.038500','586','PIZARRO, LEANDRO E. - 39610329 - entrada - 2024/09/12 08:44:00',3,'',21,2),(1393,'2024-11-01 08:28:01.040027','584','PIZARRO, LEANDRO E. - 39610329 - salida - 2024/09/12 08:16:10',3,'',21,2),(1394,'2024-11-01 08:28:01.041490','583','PIZARRO, LEANDRO E. - 39610329 - entrada_transitoria - 2024/09/12 08:16:05',3,'',21,2),(1395,'2024-11-01 08:28:01.043073','582','PIZARRO, LEANDRO E. - 39610329 - salida_transitoria - 2024/09/12 08:12:50',3,'',21,2),(1396,'2024-11-01 08:28:01.044629','581','PIZARRO, LEANDRO E. - 39610329 - entrada - 2024/09/12 08:12:48',3,'',21,2),(1397,'2024-11-01 08:28:01.046092','580','PIZARRO, LEANDRO E. - 39610329 - salida - 2024/09/12 08:12:45',3,'',21,2),(1398,'2024-11-01 08:28:01.047624','579','PIZARRO, LEANDRO E. - 39610329 - entrada_transitoria - 2024/09/12 08:12:42',3,'',21,2),(1399,'2024-11-01 08:28:01.049135','578','PIZARRO, LEANDRO E. - 39610329 - salida_transitoria - 2024/09/12 08:12:39',3,'',21,2),(1400,'2024-11-01 08:28:01.050755','577','PIZARRO, LEANDRO E. - 39610329 - entrada - 2024/09/12 08:12:36',3,'',21,2),(1401,'2024-11-01 08:28:01.052267','576','PIZARRO, LEANDRO E. - 39610329 - salida - 2024/09/12 08:12:18',3,'',21,2),(1402,'2024-11-01 08:28:01.053808','575','PIZARRO, LEANDRO E. - 39610329 - entrada_transitoria - 2024/09/11 11:15:45',3,'',21,2),(1403,'2024-11-01 08:28:01.055575','574','PIZARRO, LEANDRO E. - 39610329 - salida_transitoria - 2024/09/11 11:15:41',3,'',21,2),(1404,'2024-11-01 08:28:01.057356','573','PIZARRO, LEANDRO E. - 39610329 - entrada - 2024/09/11 11:15:37',3,'',21,2),(1405,'2024-11-01 08:28:01.059151','572','BALDAZAR, RAUL - 14281172 - salida - 2024/09/05 05:14:31',3,'',21,2),(1406,'2024-11-01 08:28:01.060887','571','BALDAZAR, RAUL - 14281172 - entrada - 2024/09/04 20:36:53',3,'',21,2),(1407,'2024-11-01 08:28:01.062305','570','CORONEL, ROMINA - 39176825 - salida - 2024/09/04 19:36:05',3,'',21,2),(1408,'2024-11-01 08:28:01.064006','569','CORONEL, ROMINA - 39176825 - entrada - 2024/09/04 14:57:43',3,'',21,2),(1409,'2024-11-01 08:28:01.065917','568','PIZARRO, LEANDRO E. - 39610329 - salida - 2024/09/04 16:35:18',3,'',21,2),(1410,'2024-11-01 08:28:01.067733','567','PIZARRO, LEANDRO E. - 39610329 - entrada - 2024/09/04 07:23:24',3,'',21,2),(1411,'2024-11-01 09:32:51.484442','698','PIZARRO, LEANDRO E. - 39610329 - entrada - 2024/11/01 07:42:27',2,'[{\"changed\": {\"fields\": [\"Hora fichada\"]}}]',21,2),(1412,'2024-11-01 09:33:19.501724','87','Horas_totales object (87)',3,'',28,2),(1413,'2024-11-01 09:33:19.504084','86','Horas_totales object (86)',3,'',28,2),(1414,'2024-11-01 09:33:19.506410','85','Horas_totales object (85)',3,'',28,2),(1415,'2024-11-01 09:33:19.508912','84','Horas_totales object (84)',3,'',28,2),(1416,'2024-11-01 09:33:19.510811','83','Horas_totales object (83)',3,'',28,2),(1417,'2024-11-01 09:33:35.299401','139','Horas_trabajadas object (139)',3,'',26,2),(1418,'2024-11-01 09:33:35.301641','138','Horas_trabajadas object (138)',3,'',26,2),(1419,'2024-11-01 09:33:35.303388','137','Horas_trabajadas object (137)',3,'',26,2),(1420,'2024-11-01 09:33:35.305104','136','Horas_trabajadas object (136)',3,'',26,2),(1421,'2024-11-01 09:33:35.306912','135','Horas_trabajadas object (135)',3,'',26,2),(1422,'2024-11-01 09:33:35.308728','134','Horas_trabajadas object (134)',3,'',26,2),(1423,'2024-11-01 09:33:35.310324','133','Horas_trabajadas object (133)',3,'',26,2),(1424,'2024-11-01 09:33:35.312085','132','Horas_trabajadas object (132)',3,'',26,2),(1425,'2024-11-01 09:33:35.313695','131','Horas_trabajadas object (131)',3,'',26,2),(1426,'2024-11-01 09:33:35.315432','130','Horas_trabajadas object (130)',3,'',26,2),(1427,'2024-11-01 09:33:35.317055','129','Horas_trabajadas object (129)',3,'',26,2),(1428,'2024-11-01 09:34:11.359054','116','Horas_extras object (116)',3,'',27,2),(1429,'2024-11-01 09:34:11.361190','115','Horas_extras object (115)',3,'',27,2),(1430,'2024-11-01 09:34:11.362790','114','Horas_extras object (114)',3,'',27,2),(1431,'2024-11-01 09:34:11.364485','113','Horas_extras object (113)',3,'',27,2),(1432,'2024-11-01 09:34:11.366950','112','Horas_extras object (112)',3,'',27,2),(1433,'2024-11-01 09:34:11.368806','111','Horas_extras object (111)',3,'',27,2),(1434,'2024-11-01 09:34:11.370429','110','Horas_extras object (110)',3,'',27,2),(1435,'2024-11-01 09:34:11.371980','109','Horas_extras object (109)',3,'',27,2),(1436,'2024-11-01 09:34:11.373623','108','Horas_extras object (108)',3,'',27,2),(1437,'2024-11-01 09:34:11.375227','107','Horas_extras object (107)',3,'',27,2),(1438,'2024-11-01 09:34:11.376672','106','Horas_extras object (106)',3,'',27,2),(1439,'2024-11-01 09:34:11.378213','105','Horas_extras object (105)',3,'',27,2),(1440,'2024-11-01 10:34:31.472194','125','PIZARRO, LEANDRO E. - 39610329 - 2024-10-30 - ❌ Ausente',2,'[{\"changed\": {\"fields\": [\"Estado justificacion\", \"Descripcion\"]}}]',32,2),(1441,'2024-11-01 10:34:42.019868','142','PIZARRO, LEANDRO E. - 39610329',2,'[{\"deleted\": {\"name\": \"licencia\", \"object\": \"Licencia licencias/Imagen_de_WhatsApp_2024-08-08_a_las_10.46.03_55ef60be_H6kLFVS.jpg para LEANDRO (13 d\\u00edas)\"}}]',14,2),(1442,'2024-11-01 10:54:53.808722','699','PIZARRO, LEANDRO E. - 39610329 - salida - 2024/11/01 10:54:49',1,'[{\"added\": {}}]',21,2),(1443,'2024-11-01 10:55:33.128657','700','BALDAZAR, RAUL - 14281172 - entrada - 2024/11/01 20:35:00',1,'[{\"added\": {}}]',21,2),(1444,'2024-11-01 10:55:54.965069','701','BALDAZAR, RAUL - 14281172 - salida - 2024/11/02 05:23:00',1,'[{\"added\": {}}]',21,2),(1445,'2024-11-01 10:57:45.911503','142','PIZARRO, LEANDRO E. - 39610329',2,'[]',14,2),(1446,'2024-11-01 10:58:57.452494','2','Leandro',2,'[{\"changed\": {\"fields\": [\"User permissions\"]}}]',4,2),(1447,'2024-11-01 11:00:07.468934','701','BALDAZAR, RAUL - 14281172 - salida - 2024/11/02 05:23:00',3,'',21,2),(1448,'2024-11-01 11:00:07.471225','700','BALDAZAR, RAUL - 14281172 - entrada - 2024/11/01 20:35:00',3,'',21,2),(1449,'2024-11-01 11:00:07.473029','699','PIZARRO, LEANDRO E. - 39610329 - salida - 2024/11/01 10:54:49',3,'',21,2),(1450,'2024-11-01 11:00:07.475139','698','PIZARRO, LEANDRO E. - 39610329 - entrada - 2024/11/01 07:42:27',3,'',21,2),(1451,'2024-11-01 11:00:12.744269','89','Horas_totales object (89)',3,'',28,2),(1452,'2024-11-01 11:00:12.746147','88','Horas_totales object (88)',3,'',28,2),(1453,'2024-11-01 11:00:17.191779','142','Horas_trabajadas object (142)',3,'',26,2),(1454,'2024-11-01 11:00:17.194395','141','Horas_trabajadas object (141)',3,'',26,2),(1455,'2024-11-01 11:00:17.196650','140','Horas_trabajadas object (140)',3,'',26,2),(1456,'2024-11-01 11:00:25.410999','119','Horas_extras object (119)',3,'',27,2),(1457,'2024-11-01 11:00:25.413358','118','Horas_extras object (118)',3,'',27,2),(1458,'2024-11-01 11:00:25.415042','117','Horas_extras object (117)',3,'',27,2),(1459,'2024-11-01 11:00:50.254862','702','PIZARRO, LEANDRO E. - 39610329 - entrada - 2024/11/01 07:51:12',1,'[{\"added\": {}}]',21,2),(1460,'2024-11-01 11:01:15.181537','703','PIZARRO, LEANDRO E. - 39610329 - salida_transitoria - 2024/11/01 11:01:10',1,'[{\"added\": {}}]',21,2),(1461,'2024-11-01 11:01:49.897362','704','PIZARRO, LEANDRO E. - 39610329 - entrada_transitoria - 2024/11/01 11:30:44',1,'[{\"added\": {}}]',21,2),(1462,'2024-11-01 11:02:09.062752','705','PIZARRO, LEANDRO E. - 39610329 - salida - 2024/11/01 16:02:01',1,'[{\"added\": {}}]',21,2),(1463,'2024-11-01 11:02:32.103393','2','Leandro',2,'[{\"changed\": {\"fields\": [\"User permissions\"]}}]',4,2),(1464,'2024-11-01 11:12:33.893406','22','Informatica: 08:00 - 16:00',1,'[{\"added\": {}}]',30,2),(1465,'2024-11-01 11:12:48.350704','16','Informatica',1,'[{\"added\": {}}]',29,2),(1466,'2024-11-01 11:15:33.248332','16','Informatica',3,'',29,2),(1467,'2024-11-01 11:15:39.360320','22','Informatica: 08:00 - 16:00',3,'',30,2),(1468,'2024-11-01 11:32:47.360636','706','PIZARRO, LEANDRO E. - 39610329 - entrada - 2024/11/01 11:31:55',3,'',21,2),(1469,'2024-11-01 11:32:47.362812','705','PIZARRO, LEANDRO E. - 39610329 - salida - 2024/11/01 16:02:01',3,'',21,2),(1470,'2024-11-01 11:32:47.364785','704','PIZARRO, LEANDRO E. - 39610329 - entrada_transitoria - 2024/11/01 11:30:44',3,'',21,2),(1471,'2024-11-01 11:32:47.366546','703','PIZARRO, LEANDRO E. - 39610329 - salida_transitoria - 2024/11/01 11:01:10',3,'',21,2),(1472,'2024-11-01 11:32:47.368251','702','PIZARRO, LEANDRO E. - 39610329 - entrada - 2024/11/01 07:51:12',3,'',21,2),(1473,'2024-11-01 11:32:59.566310','143','Horas_trabajadas object (143)',3,'',26,2),(1474,'2024-11-01 11:33:03.382118','120','Horas_extras object (120)',3,'',27,2),(1475,'2024-11-01 11:33:15.038172','90','Horas_totales object (90)',3,'',28,2),(1476,'2024-11-01 11:35:00.791918','128','BALDAZAR, RAUL - 14281172 - 2024-11-02 - ❌ Ausente',3,'',32,2),(1477,'2024-11-01 11:35:00.793988','127','BALDAZAR, RAUL - 14281172 - 2024-11-01 - ❌ Ausente',3,'',32,2),(1478,'2024-12-11 11:17:58.672723','2','HORES',2,'[{\"changed\": {\"fields\": [\"Logo\"]}}]',42,2),(1479,'2024-12-11 15:59:20.975998','733','PIZARRO, LEANDRO E. - 39610329 - entrada - 2024/12/11 15:59:19',1,'[{\"added\": {}}]',21,2),(1480,'2024-12-14 11:39:44.762505','2','HORES',2,'[{\"changed\": {\"fields\": [\"Logo\"]}}]',42,2),(1481,'2024-12-14 11:46:28.546061','735','PIZARRO, LEANDRO E. - 39610329 - entrada - 2024/12/14 11:42:20',3,'',21,2),(1482,'2024-12-14 11:46:28.546089','734','PIZARRO, LEANDRO E. - 39610329 - salida_transitoria - 2024/12/11 16:00:12',3,'',21,2),(1483,'2024-12-14 11:46:28.546101','733','PIZARRO, LEANDRO E. - 39610329 - entrada - 2024/12/11 15:59:19',3,'',21,2),(1484,'2024-12-14 11:46:28.546111','732','PIZARRO, LEANDRO E. - 39610329 - salida - 2024/12/11 13:06:20',3,'',21,2),(1485,'2024-12-14 11:46:28.546120','731','PIZARRO, LEANDRO E. - 39610329 - entrada_transitoria - 2024/12/11 13:06:18',3,'',21,2),(1486,'2024-12-14 11:46:28.546130','730','PIZARRO, LEANDRO E. - 39610329 - salida_transitoria - 2024/12/11 13:06:13',3,'',21,2),(1487,'2024-12-14 11:46:28.546140','729','PIZARRO, LEANDRO E. - 39610329 - entrada - 2024/12/11 11:23:08',3,'',21,2),(1488,'2024-12-14 11:46:28.546153','728','PIZARRO, LEANDRO E. - 39610329 - salida - 2024/12/11 11:23:05',3,'',21,2),(1489,'2024-12-14 11:46:28.546163','727','PIZARRO, LEANDRO E. - 39610329 - entrada_transitoria - 2024/12/11 11:23:02',3,'',21,2),(1490,'2024-12-14 11:46:28.546177','726','PIZARRO, LEANDRO E. - 39610329 - salida_transitoria - 2024/11/13 09:54:34',3,'',21,2),(1491,'2024-12-14 11:46:28.546186','725','PIZARRO, LEANDRO E. - 39610329 - entrada - 2024/11/13 09:54:03',3,'',21,2),(1492,'2024-12-14 11:46:28.546196','724','PIZARRO, LEANDRO E. - 39610329 - salida - 2024/11/13 09:54:01',3,'',21,2),(1493,'2024-12-14 11:46:28.546204','723','PIZARRO, LEANDRO E. - 39610329 - entrada_transitoria - 2024/11/13 09:53:59',3,'',21,2),(1494,'2024-12-14 11:46:28.546212','722','PIZARRO, LEANDRO E. - 39610329 - salida_transitoria - 2024/11/13 09:53:56',3,'',21,2),(1495,'2024-12-14 11:46:28.546221','721','PIZARRO, LEANDRO E. - 39610329 - entrada - 2024/11/13 09:53:52',3,'',21,2),(1496,'2024-12-14 11:46:28.546229','720','PIZARRO, LEANDRO E. - 39610329 - salida - 2024/11/08 11:33:11',3,'',21,2),(1497,'2024-12-14 11:46:28.546237','719','PIZARRO, LEANDRO E. - 39610329 - entrada - 2024/11/08 11:32:55',3,'',21,2),(1498,'2024-12-14 11:46:28.546245','718','PIZARRO, LEANDRO E. - 39610329 - salida - 2024/11/05 09:23:33',3,'',21,2),(1499,'2024-12-14 11:46:28.546254','717','PIZARRO, LEANDRO E. - 39610329 - entrada_transitoria - 2024/11/05 09:23:30',3,'',21,2),(1500,'2024-12-14 11:46:28.546261','716','PIZARRO, LEANDRO E. - 39610329 - salida_transitoria - 2024/11/05 09:23:26',3,'',21,2),(1501,'2024-12-14 11:46:28.546269','715','PIZARRO, LEANDRO E. - 39610329 - entrada - 2024/11/05 09:23:23',3,'',21,2),(1502,'2024-12-14 11:46:28.546278','714','PIZARRO, LEANDRO E. - 39610329 - salida - 2024/11/01 11:34:31',3,'',21,2),(1503,'2024-12-14 11:46:28.546286','713','PIZARRO, LEANDRO E. - 39610329 - entrada_transitoria - 2024/11/01 11:34:29',3,'',21,2),(1504,'2024-12-14 11:46:28.546294','712','PIZARRO, LEANDRO E. - 39610329 - salida_transitoria - 2024/11/01 11:34:26',3,'',21,2),(1505,'2024-12-14 11:46:28.546301','711','PIZARRO, LEANDRO E. - 39610329 - entrada - 2024/11/01 11:34:24',3,'',21,2),(1506,'2024-12-14 11:46:28.546309','710','PIZARRO, LEANDRO E. - 39610329 - salida - 2024/11/01 11:33:51',3,'',21,2),(1507,'2024-12-14 11:46:28.546317','709','PIZARRO, LEANDRO E. - 39610329 - entrada_transitoria - 2024/11/01 11:33:47',3,'',21,2),(1508,'2024-12-14 11:46:28.546325','708','PIZARRO, LEANDRO E. - 39610329 - salida_transitoria - 2024/11/01 11:33:45',3,'',21,2),(1509,'2024-12-14 11:46:28.546332','707','PIZARRO, LEANDRO E. - 39610329 - entrada - 2024/11/01 11:33:37',3,'',21,2),(1510,'2024-12-14 11:47:01.026754','736','PIZARRO, LEANDRO E. - 39610329 - entrada - 2024/12/14 04:57:23',1,'[{\"added\": {}}]',21,2),(1511,'2024-12-14 11:47:20.112550','737','PIZARRO, LEANDRO E. - 39610329 - salida - 2024/12/14 13:03:15',1,'[{\"added\": {}}]',21,2),(1512,'2024-12-14 11:48:02.072862','91','Horas_totales object (91)',3,'',28,2),(1513,'2024-12-14 11:48:09.673644','148','Horas_trabajadas object (148)',3,'',26,2),(1514,'2024-12-14 11:48:09.673669','147','Horas_trabajadas object (147)',3,'',26,2),(1515,'2024-12-14 11:48:09.673678','146','Horas_trabajadas object (146)',3,'',26,2),(1516,'2024-12-14 11:48:09.673685','145','Horas_trabajadas object (145)',3,'',26,2),(1517,'2024-12-14 11:48:09.673693','144','Horas_trabajadas object (144)',3,'',26,2),(1518,'2024-12-14 11:48:14.973366','126','Horas_extras object (126)',3,'',27,2),(1519,'2024-12-14 11:48:14.973394','125','Horas_extras object (125)',3,'',27,2),(1520,'2024-12-14 11:48:14.973406','124','Horas_extras object (124)',3,'',27,2),(1521,'2024-12-14 11:48:14.973415','123','Horas_extras object (123)',3,'',27,2),(1522,'2024-12-14 11:48:14.973422','122','Horas_extras object (122)',3,'',27,2),(1523,'2024-12-14 11:48:14.973429','121','Horas_extras object (121)',3,'',27,2),(1524,'2024-12-14 11:48:55.872628','738','BELTRAN, GABRIEL - 38279571 - entrada - 2024/12/14 04:48:49',1,'[{\"added\": {}}]',21,2),(1525,'2024-12-14 11:49:14.203157','739','BELTRAN, GABRIEL - 38279571 - salida - 2024/12/14 13:03:06',1,'[{\"added\": {}}]',21,2),(1526,'2024-12-14 11:59:01.331144','740','PIZARRO, LEANDRO E. - 39610329 - entrada - 2024/12/13 06:57:21',1,'[{\"added\": {}}]',21,2),(1527,'2024-12-14 11:59:26.138411','741','PIZARRO, LEANDRO E. - 39610329 - salida - 2024/12/13 16:03:55',1,'[{\"added\": {}}]',21,2),(1528,'2024-12-14 12:01:58.980614','742','PIZARRO, LEANDRO E. - 39610329 - entrada - 2024/12/14 12:01:00',3,'',21,2),(1529,'2024-12-14 12:01:58.980640','737','PIZARRO, LEANDRO E. - 39610329 - salida - 2024/12/14 13:03:15',3,'',21,2),(1530,'2024-12-14 12:01:58.980651','736','PIZARRO, LEANDRO E. - 39610329 - entrada - 2024/12/14 04:57:23',3,'',21,2),(1531,'2024-12-14 12:02:59.570060','151','Horas_trabajadas object (151)',3,'',26,2),(1532,'2024-12-14 12:02:59.570141','149','Horas_trabajadas object (149)',3,'',26,2),(1533,'2024-12-14 12:03:09.994403','129','Horas_extras object (129)',3,'',27,2),(1534,'2024-12-14 12:03:09.994429','128','Horas_extras object (128)',3,'',27,2),(1535,'2024-12-14 12:03:33.573117','92','Horas_totales object (92)',3,'',28,2),(1536,'2024-12-14 12:03:46.024261','746','PIZARRO, LEANDRO E. - 39610329 - salida - 2024/12/14 12:02:21',3,'',21,2),(1537,'2024-12-14 12:03:46.024286','745','PIZARRO, LEANDRO E. - 39610329 - entrada - 2024/12/14 12:02:18',3,'',21,2),(1538,'2024-12-14 12:03:46.024298','744','PIZARRO, LEANDRO E. - 39610329 - salida - 2024/12/14 12:02:09',3,'',21,2),(1539,'2024-12-14 12:03:46.024309','743','PIZARRO, LEANDRO E. - 39610329 - entrada - 2024/12/14 12:02:06',3,'',21,2),(1540,'2024-12-14 12:03:46.024319','741','PIZARRO, LEANDRO E. - 39610329 - salida - 2024/12/13 16:03:55',3,'',21,2),(1541,'2024-12-14 12:03:46.024329','740','PIZARRO, LEANDRO E. - 39610329 - entrada - 2024/12/13 06:57:21',3,'',21,2),(1542,'2024-12-14 12:14:09.832601','779','BELTRAN, GABRIEL - 38279571 - 2024-12-14 - ✅ Presente',3,'',32,2),(1543,'2024-12-14 12:14:09.832634','778','PIZARRO, LEANDRO E. - 39610329 - 2024-12-14 - ✅ Presente',3,'',32,2),(1544,'2024-12-14 12:14:09.832650','777','MORANGE, AGUSTIN - 46512137 - 2024-12-13 - ❌ Ausente',3,'',32,2),(1545,'2024-12-14 12:14:09.832665','776','PIERMARINI, FACUNDO FABIAN - 41484145 - 2024-12-13 - ❌ Ausente',3,'',32,2),(1546,'2024-12-14 12:14:09.832677','775','GOLINELLI, BLAS - 37232833 - 2024-12-13 - ❌ Ausente',3,'',32,2),(1547,'2024-12-14 12:14:09.832691','774','FUSI, LUCAS ALEJANDRO - 43675844 - 2024-12-13 - ❌ Ausente',3,'',32,2),(1548,'2024-12-14 12:14:09.832702','773','CROGNALI, LEONARLO DAVID - 44898882 - 2024-12-13 - ❌ Ausente',3,'',32,2),(1549,'2024-12-14 12:14:09.832714','772','GIMENEZ, BENJAMIN JOSUE - 45937356 - 2024-12-13 - ❌ Ausente',3,'',32,2),(1550,'2024-12-14 12:14:09.832725','771','FUENTES, FRANCISCO LUIS - 44296925 - 2024-12-13 - ❌ Ausente',3,'',32,2),(1551,'2024-12-14 12:14:09.832737','770','BURGOS, FACUNDO SEBASTIAN - 41280065 - 2024-12-13 - ❌ Ausente',3,'',32,2),(1552,'2024-12-14 12:14:09.832748','769','JARA, DANIEL ELIAS - 38164470 - 2024-12-13 - ❌ Ausente',3,'',32,2),(1553,'2024-12-14 12:14:09.832759','768','DOMINGUEZ, FERNANDO ARIEL - 24726499 - 2024-12-13 - ❌ Ausente',3,'',32,2),(1554,'2024-12-14 12:14:09.832769','767','BAIOCCHI, SANTIAGO NICOLAS - 37232760 - 2024-12-13 - ❌ Ausente',3,'',32,2),(1555,'2024-12-14 12:14:09.832780','766','BELTRAN, GERMAN - 39326346 - 2024-12-13 - ❌ Ausente',3,'',32,2),(1556,'2024-12-14 12:14:09.832789','765','RODRIGUEZ, TICIANO - 45836980 - 2024-12-13 - ❌ Ausente',3,'',32,2),(1557,'2024-12-14 12:14:09.832799','764','VILLALBA, RICARDO ALFREDO - 35669686 - 2024-12-13 - ❌ Ausente',3,'',32,2),(1558,'2024-12-14 12:14:09.832808','763','TURRIN, AXEL ARIEL - 38158188 - 2024-12-13 - ❌ Ausente',3,'',32,2),(1559,'2024-12-14 12:14:09.832822','762','LAZO, MATIAS - 45352705 - 2024-12-13 - ❌ Ausente',3,'',32,2),(1560,'2024-12-14 12:14:09.832831','761','WYSS, TOBIAS - 45836909 - 2024-12-13 - ❌ Ausente',3,'',32,2),(1561,'2024-12-14 12:14:09.832842','760','VILLEGAS, EMMANUEL - 36707330 - 2024-12-13 - ❌ Ausente',3,'',32,2),(1562,'2024-12-14 12:14:09.832852','759','ARGUELLO, HUGO FABRICIO - 38279585 - 2024-12-13 - ❌ Ausente',3,'',32,2),(1563,'2024-12-14 12:14:09.832862','758','SAAB, AGUSTIN GABRIEL - 37627901 - 2024-12-13 - ❌ Ausente',3,'',32,2),(1564,'2024-12-14 12:14:09.832873','757','JARA, DIEGO - 28816742 - 2024-12-13 - ❌ Ausente',3,'',32,2),(1565,'2024-12-14 12:14:09.832883','756','DI CROCE, JESSICA - 43015155 - 2024-12-13 - ❌ Ausente',3,'',32,2),(1566,'2024-12-14 12:14:09.832894','755','ALBA, GERARDO - 43675993 - 2024-12-13 - ❌ Ausente',3,'',32,2),(1567,'2024-12-14 12:14:09.832904','754','CEBALLOS, FERNANDO - 39610460 - 2024-12-13 - ❌ Ausente',3,'',32,2),(1568,'2024-12-14 12:14:09.832914','753','FIOL, JORGE LISANDRO - 38279683 - 2024-12-13 - ❌ Ausente',3,'',32,2),(1569,'2024-12-14 12:14:09.832923','752','TESTA, ENZO NICOLAS - 43230436 - 2024-12-13 - ❌ Ausente',3,'',32,2),(1570,'2024-12-14 12:14:09.832936','751','CABRAL, FACUNDO JULIAN - 43607689 - 2024-12-13 - ❌ Ausente',3,'',32,2),(1571,'2024-12-14 12:14:09.832945','750','GIUSTI, JULIO - 41484043 - 2024-12-13 - ❌ Ausente',3,'',32,2),(1572,'2024-12-14 12:14:09.833040','749','MARIZZA, JORGE - 40678625 - 2024-12-13 - ❌ Ausente',3,'',32,2),(1573,'2024-12-14 12:14:09.833069','748','BELTRAN, GABRIEL - 38279571 - 2024-12-13 - ❌ Ausente',3,'',32,2),(1574,'2024-12-14 12:14:09.833082','747','ARNAUD, JERONIMO - 43134653 - 2024-12-13 - ❌ Ausente',3,'',32,2),(1575,'2024-12-14 12:14:09.833094','746','QUINTEROS, BRUNO AGUSTIN - 42696371 - 2024-12-13 - ❌ Ausente',3,'',32,2),(1576,'2024-12-14 12:14:09.833106','745','FERRERI, MILTON - 40299956 - 2024-12-13 - ❌ Ausente',3,'',32,2),(1577,'2024-12-14 12:14:09.833116','744','LOMELLO, GONZALO - 30287386 - 2024-12-13 - ❌ Ausente',3,'',32,2),(1578,'2024-12-14 12:14:09.833126','743','CORONEL, ROMINA - 39176825 - 2024-12-13 - ❌ Ausente',3,'',32,2),(1579,'2024-12-14 12:14:09.833137','742','MASSAFARA, BRAIAN - 41888232 - 2024-12-13 - ❌ Ausente',3,'',32,2),(1580,'2024-12-14 12:14:09.833148','741','LOPEZ, RAYMUNDO - 37232850 - 2024-12-13 - ❌ Ausente',3,'',32,2),(1581,'2024-12-14 12:14:09.833158','740','MANIAS, LUCAS GABRIEL - 40026647 - 2024-12-13 - ❌ Ausente',3,'',32,2),(1582,'2024-12-14 12:14:09.833168','739','ACEVEDO, JULIETA - 40314005 - 2024-12-13 - ❌ Ausente',3,'',32,2),(1583,'2024-12-14 12:14:09.833242','738','ALLASIA, DAMIAN - 39824996 - 2024-12-13 - ❌ Ausente',3,'',32,2),(1584,'2024-12-14 12:14:09.833261','737','GOMEZ, FRANCISCO - 41994218 - 2024-12-13 - ❌ Ausente',3,'',32,2),(1585,'2024-12-14 12:14:09.833274','736','MOLINERO, JOAQUIN - 41280170 - 2024-12-13 - ❌ Ausente',3,'',32,2),(1586,'2024-12-14 12:14:09.833286','735','MARUCCO, NOELIA - 32599619 - 2024-12-13 - ❌ Ausente',3,'',32,2),(1587,'2024-12-14 12:14:09.833298','734','MATULICH, JOSE - 37850500 - 2024-12-13 - ❌ Ausente',3,'',32,2),(1588,'2024-12-14 12:14:09.833311','733','RODRIGUEZ, GASTON - 37165416 - 2024-12-13 - ❌ Ausente',3,'',32,2),(1589,'2024-12-14 12:14:09.833321','732','AVENDAÑO, DAREL - 40678696 - 2024-12-13 - ❌ Ausente',3,'',32,2),(1590,'2024-12-14 12:14:09.833331','731','MARIA, GONZALO - 38159134 - 2024-12-13 - ❌ Ausente',3,'',32,2),(1591,'2024-12-14 12:14:09.833343','730','FERREYRA, TOMAS - 40026784 - 2024-12-13 - ❌ Ausente',3,'',32,2),(1592,'2024-12-14 12:14:09.833359','729','ALMENARA, LIHUEN ANDRES - 41484063 - 2024-12-13 - ❌ Ausente',3,'',32,2),(1593,'2024-12-14 12:14:09.833370','728','ROJAS, OSCAR - 62778461 - 2024-12-13 - ❌ Ausente',3,'',32,2),(1594,'2024-12-14 12:14:09.833380','727','MORALES, LUCIANO N. - 36707429 - 2024-12-13 - ❌ Ausente',3,'',32,2),(1595,'2024-12-14 12:14:09.833389','726','MONTI, CHRISTIAN - 36707055 - 2024-12-13 - ❌ Ausente',3,'',32,2),(1596,'2024-12-14 12:14:09.833399','725','PIZARRO, LEANDRO E. - 39610329 - 2024-12-13 - ❌ Ausente',3,'',32,2),(1597,'2024-12-14 12:14:09.833409','724','ZABALA, CARLOS F. - 37233007 - 2024-12-13 - ❌ Ausente',3,'',32,2),(1598,'2024-12-14 12:14:09.833419','723','GOLINELLI, MARTIN - 29519506 - 2024-12-13 - ❌ Ausente',3,'',32,2),(1599,'2024-12-14 12:14:09.833429','722','VIDELA, MAURICIO - 27673387 - 2024-12-13 - ❌ Ausente',3,'',32,2),(1600,'2024-12-14 12:14:09.833439','721','MATEUCI, SILVINA BELEN - 34965669 - 2024-12-13 - ❌ Ausente',3,'',32,2),(1601,'2024-12-14 12:14:09.833450','720','CANTARUTTI, FERNANDO - 37627948 - 2024-12-13 - ❌ Ausente',3,'',32,2),(1602,'2024-12-14 12:14:09.833462','719','DECO, RAFAEL EZEQUIEL - 39022473 - 2024-12-13 - ❌ Ausente',3,'',32,2),(1603,'2024-12-14 12:14:09.833474','718','VIOLA, HERNÁN MANUEL - 38279671 - 2024-12-13 - ❌ Ausente',3,'',32,2),(1604,'2024-12-14 12:14:09.833484','717','MARTINEZ, CARLOS - 13108031 - 2024-12-13 - ❌ Ausente',3,'',32,2),(1605,'2024-12-14 12:14:09.833494','716','SANTUCHO, MAXIMILIANO - 31731146 - 2024-12-13 - ❌ Ausente',3,'',32,2),(1606,'2024-12-14 12:14:09.833503','715','LOPEZ, DANILO - 33349984 - 2024-12-13 - ❌ Ausente',3,'',32,2),(1607,'2024-12-14 12:14:09.833513','714','DIAZ, LUCAS - 33920821 - 2024-12-13 - ❌ Ausente',3,'',32,2),(1608,'2024-12-14 12:14:09.833524','713','PIAZZA, JORGE - 29884270 - 2024-12-13 - ❌ Ausente',3,'',32,2),(1609,'2024-12-14 12:14:09.833534','712','PEREZ, NICOLAS - 28757702 - 2024-12-13 - ❌ Ausente',3,'',32,2),(1610,'2024-12-14 12:14:09.833543','711','LIOI, VICTOR - 22384294 - 2024-12-13 - ❌ Ausente',3,'',32,2),(1611,'2024-12-14 12:14:09.833553','710','JARA, RAMIRO - 34965695 - 2024-12-13 - ❌ Ausente',3,'',32,2),(1612,'2024-12-14 12:14:09.833562','709','GAUNA, LUCIANO - 29161251 - 2024-12-13 - ❌ Ausente',3,'',32,2),(1613,'2024-12-14 12:14:09.833576','708','CALDERON, CARLOS - 25040357 - 2024-12-13 - ❌ Ausente',3,'',32,2),(1614,'2024-12-14 12:14:09.833587','707','BAINOTTI, JORGE - 35669855 - 2024-12-13 - ❌ Ausente',3,'',32,2),(1615,'2024-12-14 12:14:09.833596','706','BALDAZAR, RAUL - 14281172 - 2024-12-13 - ❌ Ausente',3,'',32,2),(1616,'2024-12-14 12:14:09.833606','705','MORANGE, AGUSTIN - 46512137 - 2024-12-12 - ❌ Ausente',3,'',32,2),(1617,'2024-12-14 12:14:09.833617','704','PIERMARINI, FACUNDO FABIAN - 41484145 - 2024-12-12 - ❌ Ausente',3,'',32,2),(1618,'2024-12-14 12:14:09.833627','703','GOLINELLI, BLAS - 37232833 - 2024-12-12 - ❌ Ausente',3,'',32,2),(1619,'2024-12-14 12:14:09.833638','702','FUSI, LUCAS ALEJANDRO - 43675844 - 2024-12-12 - ❌ Ausente',3,'',32,2),(1620,'2024-12-14 12:14:09.833649','701','CROGNALI, LEONARLO DAVID - 44898882 - 2024-12-12 - ❌ Ausente',3,'',32,2),(1621,'2024-12-14 12:14:09.833658','700','GIMENEZ, BENJAMIN JOSUE - 45937356 - 2024-12-12 - ❌ Ausente',3,'',32,2),(1622,'2024-12-14 12:14:09.833668','699','FUENTES, FRANCISCO LUIS - 44296925 - 2024-12-12 - ❌ Ausente',3,'',32,2),(1623,'2024-12-14 12:14:09.833678','698','BURGOS, FACUNDO SEBASTIAN - 41280065 - 2024-12-12 - ❌ Ausente',3,'',32,2),(1624,'2024-12-14 12:14:09.833688','697','JARA, DANIEL ELIAS - 38164470 - 2024-12-12 - ❌ Ausente',3,'',32,2),(1625,'2024-12-14 12:14:09.833698','696','DOMINGUEZ, FERNANDO ARIEL - 24726499 - 2024-12-12 - ❌ Ausente',3,'',32,2),(1626,'2024-12-14 12:14:09.833708','695','BAIOCCHI, SANTIAGO NICOLAS - 37232760 - 2024-12-12 - ❌ Ausente',3,'',32,2),(1627,'2024-12-14 12:14:09.833718','694','BELTRAN, GERMAN - 39326346 - 2024-12-12 - ❌ Ausente',3,'',32,2),(1628,'2024-12-14 12:14:09.833728','693','RODRIGUEZ, TICIANO - 45836980 - 2024-12-12 - ❌ Ausente',3,'',32,2),(1629,'2024-12-14 12:14:09.833737','692','VILLALBA, RICARDO ALFREDO - 35669686 - 2024-12-12 - ❌ Ausente',3,'',32,2),(1630,'2024-12-14 12:14:09.833749','691','TURRIN, AXEL ARIEL - 38158188 - 2024-12-12 - ❌ Ausente',3,'',32,2),(1631,'2024-12-14 12:14:09.833759','690','LAZO, MATIAS - 45352705 - 2024-12-12 - ❌ Ausente',3,'',32,2),(1632,'2024-12-14 12:14:09.833769','689','WYSS, TOBIAS - 45836909 - 2024-12-12 - ❌ Ausente',3,'',32,2),(1633,'2024-12-14 12:14:09.833778','688','VILLEGAS, EMMANUEL - 36707330 - 2024-12-12 - ❌ Ausente',3,'',32,2),(1634,'2024-12-14 12:14:09.833789','687','ARGUELLO, HUGO FABRICIO - 38279585 - 2024-12-12 - ❌ Ausente',3,'',32,2),(1635,'2024-12-14 12:14:09.833799','686','SAAB, AGUSTIN GABRIEL - 37627901 - 2024-12-12 - ❌ Ausente',3,'',32,2),(1636,'2024-12-14 12:14:09.833809','685','JARA, DIEGO - 28816742 - 2024-12-12 - ❌ Ausente',3,'',32,2),(1637,'2024-12-14 12:14:09.833819','684','DI CROCE, JESSICA - 43015155 - 2024-12-12 - ❌ Ausente',3,'',32,2),(1638,'2024-12-14 12:14:09.833829','683','ALBA, GERARDO - 43675993 - 2024-12-12 - ❌ Ausente',3,'',32,2),(1639,'2024-12-14 12:14:09.833838','682','CEBALLOS, FERNANDO - 39610460 - 2024-12-12 - ❌ Ausente',3,'',32,2),(1640,'2024-12-14 12:14:09.833848','681','FIOL, JORGE LISANDRO - 38279683 - 2024-12-12 - ❌ Ausente',3,'',32,2),(1641,'2024-12-14 12:14:09.833858','680','TESTA, ENZO NICOLAS - 43230436 - 2024-12-12 - ❌ Ausente',3,'',32,2),(1642,'2024-12-14 12:14:34.284777','679','CABRAL, FACUNDO JULIAN - 43607689 - 2024-12-12 - ❌ Ausente',3,'',32,2),(1643,'2024-12-14 12:14:34.284810','678','GIUSTI, JULIO - 41484043 - 2024-12-12 - ❌ Ausente',3,'',32,2),(1644,'2024-12-14 12:14:34.284825','677','MARIZZA, JORGE - 40678625 - 2024-12-12 - ❌ Ausente',3,'',32,2),(1645,'2024-12-14 12:14:34.284838','676','BELTRAN, GABRIEL - 38279571 - 2024-12-12 - ❌ Ausente',3,'',32,2),(1646,'2024-12-14 12:14:34.284849','675','ARNAUD, JERONIMO - 43134653 - 2024-12-12 - ❌ Ausente',3,'',32,2),(1647,'2024-12-14 12:14:34.284862','674','QUINTEROS, BRUNO AGUSTIN - 42696371 - 2024-12-12 - ❌ Ausente',3,'',32,2),(1648,'2024-12-14 12:14:34.284874','673','FERRERI, MILTON - 40299956 - 2024-12-12 - ❌ Ausente',3,'',32,2),(1649,'2024-12-14 12:14:34.284888','672','LOMELLO, GONZALO - 30287386 - 2024-12-12 - ❌ Ausente',3,'',32,2),(1650,'2024-12-14 12:14:34.284900','671','CORONEL, ROMINA - 39176825 - 2024-12-12 - ❌ Ausente',3,'',32,2),(1651,'2024-12-14 12:14:34.284911','670','MASSAFARA, BRAIAN - 41888232 - 2024-12-12 - ❌ Ausente',3,'',32,2),(1652,'2024-12-14 12:14:34.284921','669','LOPEZ, RAYMUNDO - 37232850 - 2024-12-12 - ❌ Ausente',3,'',32,2),(1653,'2024-12-14 12:14:34.284931','668','MANIAS, LUCAS GABRIEL - 40026647 - 2024-12-12 - ❌ Ausente',3,'',32,2),(1654,'2024-12-14 12:14:34.284941','667','ACEVEDO, JULIETA - 40314005 - 2024-12-12 - ❌ Ausente',3,'',32,2),(1655,'2024-12-14 12:14:34.284952','666','ALLASIA, DAMIAN - 39824996 - 2024-12-12 - ❌ Ausente',3,'',32,2),(1656,'2024-12-14 12:14:34.284961','665','GOMEZ, FRANCISCO - 41994218 - 2024-12-12 - ❌ Ausente',3,'',32,2),(1657,'2024-12-14 12:14:34.284971','664','MOLINERO, JOAQUIN - 41280170 - 2024-12-12 - ❌ Ausente',3,'',32,2),(1658,'2024-12-14 12:14:34.285017','663','MARUCCO, NOELIA - 32599619 - 2024-12-12 - ❌ Ausente',3,'',32,2),(1659,'2024-12-14 12:14:34.285032','662','MATULICH, JOSE - 37850500 - 2024-12-12 - ❌ Ausente',3,'',32,2),(1660,'2024-12-14 12:14:34.285045','661','RODRIGUEZ, GASTON - 37165416 - 2024-12-12 - ❌ Ausente',3,'',32,2),(1661,'2024-12-14 12:14:34.285056','660','AVENDAÑO, DAREL - 40678696 - 2024-12-12 - ❌ Ausente',3,'',32,2),(1662,'2024-12-14 12:14:34.285066','659','MARIA, GONZALO - 38159134 - 2024-12-12 - ❌ Ausente',3,'',32,2),(1663,'2024-12-14 12:14:34.285078','658','FERREYRA, TOMAS - 40026784 - 2024-12-12 - ❌ Ausente',3,'',32,2),(1664,'2024-12-14 12:14:34.285089','657','ALMENARA, LIHUEN ANDRES - 41484063 - 2024-12-12 - ❌ Ausente',3,'',32,2),(1665,'2024-12-14 12:14:34.285100','656','ROJAS, OSCAR - 62778461 - 2024-12-12 - ❌ Ausente',3,'',32,2),(1666,'2024-12-14 12:14:34.285110','655','MORALES, LUCIANO N. - 36707429 - 2024-12-12 - ❌ Ausente',3,'',32,2),(1667,'2024-12-14 12:14:34.285120','654','MONTI, CHRISTIAN - 36707055 - 2024-12-12 - ❌ Ausente',3,'',32,2),(1668,'2024-12-14 12:14:34.285130','653','PIZARRO, LEANDRO E. - 39610329 - 2024-12-12 - ❌ Ausente',3,'',32,2),(1669,'2024-12-14 12:14:34.285140','652','ZABALA, CARLOS F. - 37233007 - 2024-12-12 - ❌ Ausente',3,'',32,2),(1670,'2024-12-14 12:14:34.285150','651','GOLINELLI, MARTIN - 29519506 - 2024-12-12 - ❌ Ausente',3,'',32,2),(1671,'2024-12-14 12:14:34.285160','650','VIDELA, MAURICIO - 27673387 - 2024-12-12 - ❌ Ausente',3,'',32,2),(1672,'2024-12-14 12:14:34.285172','649','MATEUCI, SILVINA BELEN - 34965669 - 2024-12-12 - ❌ Ausente',3,'',32,2),(1673,'2024-12-14 12:14:34.285182','648','CANTARUTTI, FERNANDO - 37627948 - 2024-12-12 - ❌ Ausente',3,'',32,2),(1674,'2024-12-14 12:14:34.285192','647','DECO, RAFAEL EZEQUIEL - 39022473 - 2024-12-12 - ❌ Ausente',3,'',32,2),(1675,'2024-12-14 12:14:34.285202','646','VIOLA, HERNÁN MANUEL - 38279671 - 2024-12-12 - ❌ Ausente',3,'',32,2),(1676,'2024-12-14 12:14:34.285212','645','MARTINEZ, CARLOS - 13108031 - 2024-12-12 - ❌ Ausente',3,'',32,2),(1677,'2024-12-14 12:14:34.285223','644','SANTUCHO, MAXIMILIANO - 31731146 - 2024-12-12 - ❌ Ausente',3,'',32,2),(1678,'2024-12-14 12:14:34.285233','643','LOPEZ, DANILO - 33349984 - 2024-12-12 - ❌ Ausente',3,'',32,2),(1679,'2024-12-14 12:14:34.285243','642','DIAZ, LUCAS - 33920821 - 2024-12-12 - ❌ Ausente',3,'',32,2),(1680,'2024-12-14 12:14:34.285252','641','PIAZZA, JORGE - 29884270 - 2024-12-12 - ❌ Ausente',3,'',32,2),(1681,'2024-12-14 12:14:34.285262','640','PEREZ, NICOLAS - 28757702 - 2024-12-12 - ❌ Ausente',3,'',32,2),(1682,'2024-12-14 12:14:34.285271','639','LIOI, VICTOR - 22384294 - 2024-12-12 - ❌ Ausente',3,'',32,2),(1683,'2024-12-14 12:14:34.285281','638','JARA, RAMIRO - 34965695 - 2024-12-12 - ❌ Ausente',3,'',32,2),(1684,'2024-12-14 12:14:34.285293','637','GAUNA, LUCIANO - 29161251 - 2024-12-12 - ❌ Ausente',3,'',32,2),(1685,'2024-12-14 12:14:34.285306','636','CALDERON, CARLOS - 25040357 - 2024-12-12 - ❌ Ausente',3,'',32,2),(1686,'2024-12-14 12:14:34.285320','635','BAINOTTI, JORGE - 35669855 - 2024-12-12 - ❌ Ausente',3,'',32,2),(1687,'2024-12-14 12:14:34.285330','634','BALDAZAR, RAUL - 14281172 - 2024-12-12 - ❌ Ausente',3,'',32,2),(1688,'2024-12-14 12:14:34.285341','633','MORANGE, AGUSTIN - 46512137 - 2024-12-11 - ❌ Ausente',3,'',32,2),(1689,'2024-12-14 12:14:34.285352','632','PIERMARINI, FACUNDO FABIAN - 41484145 - 2024-12-11 - ❌ Ausente',3,'',32,2),(1690,'2024-12-14 12:14:34.285364','631','GOLINELLI, BLAS - 37232833 - 2024-12-11 - ❌ Ausente',3,'',32,2),(1691,'2024-12-14 12:14:34.285381','630','FUSI, LUCAS ALEJANDRO - 43675844 - 2024-12-11 - ❌ Ausente',3,'',32,2),(1692,'2024-12-14 12:14:34.285393','629','CROGNALI, LEONARLO DAVID - 44898882 - 2024-12-11 - ❌ Ausente',3,'',32,2),(1693,'2024-12-14 12:14:34.285403','628','GIMENEZ, BENJAMIN JOSUE - 45937356 - 2024-12-11 - ❌ Ausente',3,'',32,2),(1694,'2024-12-14 12:14:34.285413','627','FUENTES, FRANCISCO LUIS - 44296925 - 2024-12-11 - ❌ Ausente',3,'',32,2),(1695,'2024-12-14 12:14:34.285424','626','BURGOS, FACUNDO SEBASTIAN - 41280065 - 2024-12-11 - ❌ Ausente',3,'',32,2),(1696,'2024-12-14 12:14:34.285434','625','JARA, DANIEL ELIAS - 38164470 - 2024-12-11 - ❌ Ausente',3,'',32,2),(1697,'2024-12-14 12:14:34.285444','624','DOMINGUEZ, FERNANDO ARIEL - 24726499 - 2024-12-11 - ❌ Ausente',3,'',32,2),(1698,'2024-12-14 12:14:34.285455','623','BAIOCCHI, SANTIAGO NICOLAS - 37232760 - 2024-12-11 - ❌ Ausente',3,'',32,2),(1699,'2024-12-14 12:14:34.285464','622','BELTRAN, GERMAN - 39326346 - 2024-12-11 - ❌ Ausente',3,'',32,2),(1700,'2024-12-14 12:14:34.285475','621','RODRIGUEZ, TICIANO - 45836980 - 2024-12-11 - ❌ Ausente',3,'',32,2),(1701,'2024-12-14 12:14:34.285485','620','VILLALBA, RICARDO ALFREDO - 35669686 - 2024-12-11 - ❌ Ausente',3,'',32,2),(1702,'2024-12-14 12:14:34.285496','619','TURRIN, AXEL ARIEL - 38158188 - 2024-12-11 - ❌ Ausente',3,'',32,2),(1703,'2024-12-14 12:14:34.285506','618','LAZO, MATIAS - 45352705 - 2024-12-11 - ❌ Ausente',3,'',32,2),(1704,'2024-12-14 12:14:34.285516','617','WYSS, TOBIAS - 45836909 - 2024-12-11 - ❌ Ausente',3,'',32,2),(1705,'2024-12-14 12:14:34.285526','616','VILLEGAS, EMMANUEL - 36707330 - 2024-12-11 - ❌ Ausente',3,'',32,2),(1706,'2024-12-14 12:14:34.285537','615','ARGUELLO, HUGO FABRICIO - 38279585 - 2024-12-11 - ❌ Ausente',3,'',32,2),(1707,'2024-12-14 12:14:34.285548','614','SAAB, AGUSTIN GABRIEL - 37627901 - 2024-12-11 - ❌ Ausente',3,'',32,2),(1708,'2024-12-14 12:14:34.285557','613','JARA, DIEGO - 28816742 - 2024-12-11 - ❌ Ausente',3,'',32,2),(1709,'2024-12-14 12:14:34.285567','612','DI CROCE, JESSICA - 43015155 - 2024-12-11 - ❌ Ausente',3,'',32,2),(1710,'2024-12-14 12:14:34.285577','611','ALBA, GERARDO - 43675993 - 2024-12-11 - ❌ Ausente',3,'',32,2),(1711,'2024-12-14 12:14:34.285588','610','CEBALLOS, FERNANDO - 39610460 - 2024-12-11 - ❌ Ausente',3,'',32,2),(1712,'2024-12-14 12:14:34.285598','609','FIOL, JORGE LISANDRO - 38279683 - 2024-12-11 - ❌ Ausente',3,'',32,2),(1713,'2024-12-14 12:14:34.285608','608','TESTA, ENZO NICOLAS - 43230436 - 2024-12-11 - ❌ Ausente',3,'',32,2),(1714,'2024-12-14 12:14:34.285620','607','CABRAL, FACUNDO JULIAN - 43607689 - 2024-12-11 - ❌ Ausente',3,'',32,2),(1715,'2024-12-14 12:14:34.285630','606','GIUSTI, JULIO - 41484043 - 2024-12-11 - ❌ Ausente',3,'',32,2),(1716,'2024-12-14 12:14:34.285642','605','MARIZZA, JORGE - 40678625 - 2024-12-11 - ❌ Ausente',3,'',32,2),(1717,'2024-12-14 12:14:34.285659','604','BELTRAN, GABRIEL - 38279571 - 2024-12-11 - ❌ Ausente',3,'',32,2),(1718,'2024-12-14 12:14:34.285670','603','ARNAUD, JERONIMO - 43134653 - 2024-12-11 - ❌ Ausente',3,'',32,2),(1719,'2024-12-14 12:14:34.285681','602','QUINTEROS, BRUNO AGUSTIN - 42696371 - 2024-12-11 - ❌ Ausente',3,'',32,2),(1720,'2024-12-14 12:14:34.285691','601','FERRERI, MILTON - 40299956 - 2024-12-11 - ❌ Ausente',3,'',32,2),(1721,'2024-12-14 12:14:34.285717','600','LOMELLO, GONZALO - 30287386 - 2024-12-11 - ❌ Ausente',3,'',32,2),(1722,'2024-12-14 12:14:34.285730','599','CORONEL, ROMINA - 39176825 - 2024-12-11 - ❌ Ausente',3,'',32,2),(1723,'2024-12-14 12:14:34.285741','598','MASSAFARA, BRAIAN - 41888232 - 2024-12-11 - ❌ Ausente',3,'',32,2),(1724,'2024-12-14 12:14:34.285752','597','LOPEZ, RAYMUNDO - 37232850 - 2024-12-11 - ❌ Ausente',3,'',32,2),(1725,'2024-12-14 12:14:34.285768','596','MANIAS, LUCAS GABRIEL - 40026647 - 2024-12-11 - ❌ Ausente',3,'',32,2),(1726,'2024-12-14 12:14:34.285783','595','ACEVEDO, JULIETA - 40314005 - 2024-12-11 - ❌ Ausente',3,'',32,2),(1727,'2024-12-14 12:14:34.285797','594','ALLASIA, DAMIAN - 39824996 - 2024-12-11 - ❌ Ausente',3,'',32,2),(1728,'2024-12-14 12:14:34.285812','593','GOMEZ, FRANCISCO - 41994218 - 2024-12-11 - ❌ Ausente',3,'',32,2),(1729,'2024-12-14 12:14:34.285822','592','MOLINERO, JOAQUIN - 41280170 - 2024-12-11 - ❌ Ausente',3,'',32,2),(1730,'2024-12-14 12:14:34.285832','591','MARUCCO, NOELIA - 32599619 - 2024-12-11 - ❌ Ausente',3,'',32,2),(1731,'2024-12-14 12:14:34.285845','590','MATULICH, JOSE - 37850500 - 2024-12-11 - ❌ Ausente',3,'',32,2),(1732,'2024-12-14 12:14:34.285857','589','RODRIGUEZ, GASTON - 37165416 - 2024-12-11 - ❌ Ausente',3,'',32,2),(1733,'2024-12-14 12:14:34.285867','588','AVENDAÑO, DAREL - 40678696 - 2024-12-11 - ❌ Ausente',3,'',32,2),(1734,'2024-12-14 12:14:34.285878','587','MARIA, GONZALO - 38159134 - 2024-12-11 - ❌ Ausente',3,'',32,2),(1735,'2024-12-14 12:14:34.285890','586','FERREYRA, TOMAS - 40026784 - 2024-12-11 - ❌ Ausente',3,'',32,2),(1736,'2024-12-14 12:14:34.285899','585','ALMENARA, LIHUEN ANDRES - 41484063 - 2024-12-11 - ❌ Ausente',3,'',32,2),(1737,'2024-12-14 12:14:34.285908','584','ROJAS, OSCAR - 62778461 - 2024-12-11 - ❌ Ausente',3,'',32,2),(1738,'2024-12-14 12:14:34.285918','583','MORALES, LUCIANO N. - 36707429 - 2024-12-11 - ❌ Ausente',3,'',32,2),(1739,'2024-12-14 12:14:34.285927','582','MONTI, CHRISTIAN - 36707055 - 2024-12-11 - ❌ Ausente',3,'',32,2),(1740,'2024-12-14 12:14:34.285937','581','ZABALA, CARLOS F. - 37233007 - 2024-12-11 - ❌ Ausente',3,'',32,2),(1741,'2024-12-14 12:14:34.285959','580','GOLINELLI, MARTIN - 29519506 - 2024-12-11 - ❌ Ausente',3,'',32,2),(1742,'2024-12-14 12:14:34.285970','579','VIDELA, MAURICIO - 27673387 - 2024-12-11 - ❌ Ausente',3,'',32,2),(1743,'2024-12-14 12:14:34.286005','578','MATEUCI, SILVINA BELEN - 34965669 - 2024-12-11 - ❌ Ausente',3,'',32,2),(1744,'2024-12-14 12:14:34.286022','577','CANTARUTTI, FERNANDO - 37627948 - 2024-12-11 - ❌ Ausente',3,'',32,2),(1745,'2024-12-14 12:14:34.286034','576','DECO, RAFAEL EZEQUIEL - 39022473 - 2024-12-11 - ❌ Ausente',3,'',32,2),(1746,'2024-12-14 12:14:34.286045','575','VIOLA, HERNÁN MANUEL - 38279671 - 2024-12-11 - ❌ Ausente',3,'',32,2),(1747,'2024-12-14 12:14:34.286056','574','MARTINEZ, CARLOS - 13108031 - 2024-12-11 - ❌ Ausente',3,'',32,2),(1748,'2024-12-14 12:14:34.286066','573','SANTUCHO, MAXIMILIANO - 31731146 - 2024-12-11 - ❌ Ausente',3,'',32,2),(1749,'2024-12-14 12:14:34.286077','572','LOPEZ, DANILO - 33349984 - 2024-12-11 - ❌ Ausente',3,'',32,2),(1750,'2024-12-14 12:14:34.286087','571','DIAZ, LUCAS - 33920821 - 2024-12-11 - ❌ Ausente',3,'',32,2),(1751,'2024-12-14 12:14:34.286097','570','PIAZZA, JORGE - 29884270 - 2024-12-11 - ❌ Ausente',3,'',32,2),(1752,'2024-12-14 12:14:34.286107','569','PEREZ, NICOLAS - 28757702 - 2024-12-11 - ❌ Ausente',3,'',32,2),(1753,'2024-12-14 12:14:34.286117','568','LIOI, VICTOR - 22384294 - 2024-12-11 - ❌ Ausente',3,'',32,2),(1754,'2024-12-14 12:14:34.286127','567','JARA, RAMIRO - 34965695 - 2024-12-11 - ❌ Ausente',3,'',32,2),(1755,'2024-12-14 12:14:34.286137','566','GAUNA, LUCIANO - 29161251 - 2024-12-11 - ❌ Ausente',3,'',32,2),(1756,'2024-12-14 12:14:34.286147','565','CALDERON, CARLOS - 25040357 - 2024-12-11 - ❌ Ausente',3,'',32,2),(1757,'2024-12-14 12:14:34.286159','564','BAINOTTI, JORGE - 35669855 - 2024-12-11 - ❌ Ausente',3,'',32,2),(1758,'2024-12-14 12:14:34.286169','563','BALDAZAR, RAUL - 14281172 - 2024-12-11 - ❌ Ausente',3,'',32,2),(1759,'2024-12-14 12:14:34.286180','562','PIZARRO, LEANDRO E. - 39610329 - 2024-12-11 - ❌ Ausente',3,'',32,2),(1760,'2024-12-14 12:14:34.286189','561','MORANGE, AGUSTIN - 46512137 - 2024-11-13 - ❌ Ausente',3,'',32,2),(1761,'2024-12-14 12:14:34.286198','560','PIERMARINI, FACUNDO FABIAN - 41484145 - 2024-11-13 - ❌ Ausente',3,'',32,2),(1762,'2024-12-14 12:14:34.286208','559','GOLINELLI, BLAS - 37232833 - 2024-11-13 - ❌ Ausente',3,'',32,2),(1763,'2024-12-14 12:14:34.286218','558','FUSI, LUCAS ALEJANDRO - 43675844 - 2024-11-13 - ❌ Ausente',3,'',32,2),(1764,'2024-12-14 12:14:34.286228','557','CROGNALI, LEONARLO DAVID - 44898882 - 2024-11-13 - ❌ Ausente',3,'',32,2),(1765,'2024-12-14 12:14:34.286243','556','GIMENEZ, BENJAMIN JOSUE - 45937356 - 2024-11-13 - ❌ Ausente',3,'',32,2),(1766,'2024-12-14 12:14:34.286253','555','FUENTES, FRANCISCO LUIS - 44296925 - 2024-11-13 - ❌ Ausente',3,'',32,2),(1767,'2024-12-14 12:14:34.286264','554','BURGOS, FACUNDO SEBASTIAN - 41280065 - 2024-11-13 - ❌ Ausente',3,'',32,2),(1768,'2024-12-14 12:14:34.286274','553','JARA, DANIEL ELIAS - 38164470 - 2024-11-13 - ❌ Ausente',3,'',32,2),(1769,'2024-12-14 12:14:34.286283','552','DOMINGUEZ, FERNANDO ARIEL - 24726499 - 2024-11-13 - ❌ Ausente',3,'',32,2),(1770,'2024-12-14 12:14:34.286293','551','BAIOCCHI, SANTIAGO NICOLAS - 37232760 - 2024-11-13 - ❌ Ausente',3,'',32,2),(1771,'2024-12-14 12:14:34.286303','550','BELTRAN, GERMAN - 39326346 - 2024-11-13 - ❌ Ausente',3,'',32,2),(1772,'2024-12-14 12:14:34.286313','549','RODRIGUEZ, TICIANO - 45836980 - 2024-11-13 - ❌ Ausente',3,'',32,2),(1773,'2024-12-14 12:14:34.286323','548','VILLALBA, RICARDO ALFREDO - 35669686 - 2024-11-13 - ❌ Ausente',3,'',32,2),(1774,'2024-12-14 12:14:34.286333','547','TURRIN, AXEL ARIEL - 38158188 - 2024-11-13 - ❌ Ausente',3,'',32,2),(1775,'2024-12-14 12:14:34.286344','546','LAZO, MATIAS - 45352705 - 2024-11-13 - ❌ Ausente',3,'',32,2),(1776,'2024-12-14 12:14:34.286355','545','WYSS, TOBIAS - 45836909 - 2024-11-13 - ❌ Ausente',3,'',32,2),(1777,'2024-12-14 12:14:34.286365','544','VILLEGAS, EMMANUEL - 36707330 - 2024-11-13 - ❌ Ausente',3,'',32,2),(1778,'2024-12-14 12:14:34.286376','543','ARGUELLO, HUGO FABRICIO - 38279585 - 2024-11-13 - ❌ Ausente',3,'',32,2),(1779,'2024-12-14 12:14:34.286385','542','SAAB, AGUSTIN GABRIEL - 37627901 - 2024-11-13 - ❌ Ausente',3,'',32,2),(1780,'2024-12-14 12:14:34.286395','541','JARA, DIEGO - 28816742 - 2024-11-13 - ❌ Ausente',3,'',32,2),(1781,'2024-12-14 12:14:34.286405','540','DI CROCE, JESSICA - 43015155 - 2024-11-13 - ❌ Ausente',3,'',32,2),(1782,'2024-12-14 12:14:34.286415','539','ALBA, GERARDO - 43675993 - 2024-11-13 - ❌ Ausente',3,'',32,2),(1783,'2024-12-14 12:14:34.286426','538','CEBALLOS, FERNANDO - 39610460 - 2024-11-13 - ❌ Ausente',3,'',32,2),(1784,'2024-12-14 12:14:34.286436','537','FIOL, JORGE LISANDRO - 38279683 - 2024-11-13 - ❌ Ausente',3,'',32,2),(1785,'2024-12-14 12:14:34.286446','536','TESTA, ENZO NICOLAS - 43230436 - 2024-11-13 - ❌ Ausente',3,'',32,2),(1786,'2024-12-14 12:14:34.286456','535','CABRAL, FACUNDO JULIAN - 43607689 - 2024-11-13 - ❌ Ausente',3,'',32,2),(1787,'2024-12-14 12:14:34.286465','534','GIUSTI, JULIO - 41484043 - 2024-11-13 - ❌ Ausente',3,'',32,2),(1788,'2024-12-14 12:14:34.286475','533','MARIZZA, JORGE - 40678625 - 2024-11-13 - ❌ Ausente',3,'',32,2),(1789,'2024-12-14 12:14:34.286485','532','BELTRAN, GABRIEL - 38279571 - 2024-11-13 - ❌ Ausente',3,'',32,2),(1790,'2024-12-14 12:14:34.286495','531','ARNAUD, JERONIMO - 43134653 - 2024-11-13 - ❌ Ausente',3,'',32,2),(1791,'2024-12-14 12:14:34.286505','530','QUINTEROS, BRUNO AGUSTIN - 42696371 - 2024-11-13 - ❌ Ausente',3,'',32,2),(1792,'2024-12-14 12:14:34.286515','529','FERRERI, MILTON - 40299956 - 2024-11-13 - ❌ Ausente',3,'',32,2),(1793,'2024-12-14 12:14:34.286525','528','LOMELLO, GONZALO - 30287386 - 2024-11-13 - ❌ Ausente',3,'',32,2),(1794,'2024-12-14 12:14:34.286534','527','CORONEL, ROMINA - 39176825 - 2024-11-13 - ❌ Ausente',3,'',32,2),(1795,'2024-12-14 12:14:34.286544','526','MASSAFARA, BRAIAN - 41888232 - 2024-11-13 - ❌ Ausente',3,'',32,2),(1796,'2024-12-14 12:14:34.286554','525','LOPEZ, RAYMUNDO - 37232850 - 2024-11-13 - ❌ Ausente',3,'',32,2),(1797,'2024-12-14 12:14:34.286564','524','MANIAS, LUCAS GABRIEL - 40026647 - 2024-11-13 - ❌ Ausente',3,'',32,2),(1798,'2024-12-14 12:14:34.286575','523','ACEVEDO, JULIETA - 40314005 - 2024-11-13 - ❌ Ausente',3,'',32,2),(1799,'2024-12-14 12:14:34.286584','522','ALLASIA, DAMIAN - 39824996 - 2024-11-13 - ❌ Ausente',3,'',32,2),(1800,'2024-12-14 12:14:34.286593','521','GOMEZ, FRANCISCO - 41994218 - 2024-11-13 - ❌ Ausente',3,'',32,2),(1801,'2024-12-14 12:14:34.286603','520','MOLINERO, JOAQUIN - 41280170 - 2024-11-13 - ❌ Ausente',3,'',32,2),(1802,'2024-12-14 12:14:34.286613','519','MARUCCO, NOELIA - 32599619 - 2024-11-13 - ❌ Ausente',3,'',32,2),(1803,'2024-12-14 12:14:34.286623','518','MATULICH, JOSE - 37850500 - 2024-11-13 - ❌ Ausente',3,'',32,2),(1804,'2024-12-14 12:14:34.286633','517','RODRIGUEZ, GASTON - 37165416 - 2024-11-13 - ❌ Ausente',3,'',32,2),(1805,'2024-12-14 12:14:34.286645','516','AVENDAÑO, DAREL - 40678696 - 2024-11-13 - ❌ Ausente',3,'',32,2),(1806,'2024-12-14 12:14:34.286654','515','MARIA, GONZALO - 38159134 - 2024-11-13 - ❌ Ausente',3,'',32,2),(1807,'2024-12-14 12:14:34.286696','514','FERREYRA, TOMAS - 40026784 - 2024-11-13 - ❌ Ausente',3,'',32,2),(1808,'2024-12-14 12:14:34.286707','513','ALMENARA, LIHUEN ANDRES - 41484063 - 2024-11-13 - ❌ Ausente',3,'',32,2),(1809,'2024-12-14 12:14:34.286717','512','ROJAS, OSCAR - 62778461 - 2024-11-13 - ❌ Ausente',3,'',32,2),(1810,'2024-12-14 12:14:34.286726','511','MORALES, LUCIANO N. - 36707429 - 2024-11-13 - ❌ Ausente',3,'',32,2),(1811,'2024-12-14 12:14:34.286735','510','MONTI, CHRISTIAN - 36707055 - 2024-11-13 - ❌ Ausente',3,'',32,2),(1812,'2024-12-14 12:14:34.286745','509','ZABALA, CARLOS F. - 37233007 - 2024-11-13 - ❌ Ausente',3,'',32,2),(1813,'2024-12-14 12:14:34.286754','508','GOLINELLI, MARTIN - 29519506 - 2024-11-13 - ❌ Ausente',3,'',32,2),(1814,'2024-12-14 12:14:34.286763','507','VIDELA, MAURICIO - 27673387 - 2024-11-13 - ❌ Ausente',3,'',32,2),(1815,'2024-12-14 12:14:34.286773','506','MATEUCI, SILVINA BELEN - 34965669 - 2024-11-13 - ❌ Ausente',3,'',32,2),(1816,'2024-12-14 12:14:34.286782','505','CANTARUTTI, FERNANDO - 37627948 - 2024-11-13 - ❌ Ausente',3,'',32,2),(1817,'2024-12-14 12:14:34.286792','504','DECO, RAFAEL EZEQUIEL - 39022473 - 2024-11-13 - ❌ Ausente',3,'',32,2),(1818,'2024-12-14 12:14:34.286802','503','VIOLA, HERNÁN MANUEL - 38279671 - 2024-11-13 - ❌ Ausente',3,'',32,2),(1819,'2024-12-14 12:14:34.286813','502','MARTINEZ, CARLOS - 13108031 - 2024-11-13 - ❌ Ausente',3,'',32,2),(1820,'2024-12-14 12:14:34.286824','501','SANTUCHO, MAXIMILIANO - 31731146 - 2024-11-13 - ❌ Ausente',3,'',32,2),(1821,'2024-12-14 12:14:34.286835','500','LOPEZ, DANILO - 33349984 - 2024-11-13 - ❌ Ausente',3,'',32,2),(1822,'2024-12-14 12:14:34.286845','499','DIAZ, LUCAS - 33920821 - 2024-11-13 - ❌ Ausente',3,'',32,2),(1823,'2024-12-14 12:14:34.286854','498','PIAZZA, JORGE - 29884270 - 2024-11-13 - ❌ Ausente',3,'',32,2),(1824,'2024-12-14 12:14:34.286864','497','PEREZ, NICOLAS - 28757702 - 2024-11-13 - ❌ Ausente',3,'',32,2),(1825,'2024-12-14 12:14:34.286873','496','LIOI, VICTOR - 22384294 - 2024-11-13 - ❌ Ausente',3,'',32,2),(1826,'2024-12-14 12:14:34.286882','495','JARA, RAMIRO - 34965695 - 2024-11-13 - ❌ Ausente',3,'',32,2),(1827,'2024-12-14 12:14:34.286891','494','GAUNA, LUCIANO - 29161251 - 2024-11-13 - ❌ Ausente',3,'',32,2),(1828,'2024-12-14 12:14:34.286901','493','CALDERON, CARLOS - 25040357 - 2024-11-13 - ❌ Ausente',3,'',32,2),(1829,'2024-12-14 12:14:34.286911','492','BAINOTTI, JORGE - 35669855 - 2024-11-13 - ❌ Ausente',3,'',32,2),(1830,'2024-12-14 12:14:34.286920','491','BALDAZAR, RAUL - 14281172 - 2024-11-13 - ❌ Ausente',3,'',32,2),(1831,'2024-12-14 12:14:34.286930','490','PIZARRO, LEANDRO E. - 39610329 - 2024-11-13 - ❌ Ausente',3,'',32,2),(1832,'2024-12-14 12:14:34.286939','489','MORANGE, AGUSTIN - 46512137 - 2024-11-12 - ❌ Ausente',3,'',32,2),(1833,'2024-12-14 12:14:34.286949','488','PIERMARINI, FACUNDO FABIAN - 41484145 - 2024-11-12 - ❌ Ausente',3,'',32,2),(1834,'2024-12-14 12:14:34.286958','487','GOLINELLI, BLAS - 37232833 - 2024-11-12 - ❌ Ausente',3,'',32,2),(1835,'2024-12-14 12:14:34.286969','486','FUSI, LUCAS ALEJANDRO - 43675844 - 2024-11-12 - ❌ Ausente',3,'',32,2),(1836,'2024-12-14 12:14:34.286990','485','CROGNALI, LEONARLO DAVID - 44898882 - 2024-11-12 - ❌ Ausente',3,'',32,2),(1837,'2024-12-14 12:14:34.287002','484','GIMENEZ, BENJAMIN JOSUE - 45937356 - 2024-11-12 - ❌ Ausente',3,'',32,2),(1838,'2024-12-14 12:14:34.287012','483','FUENTES, FRANCISCO LUIS - 44296925 - 2024-11-12 - ❌ Ausente',3,'',32,2),(1839,'2024-12-14 12:14:34.287021','482','BURGOS, FACUNDO SEBASTIAN - 41280065 - 2024-11-12 - ❌ Ausente',3,'',32,2),(1840,'2024-12-14 12:14:34.287032','481','JARA, DANIEL ELIAS - 38164470 - 2024-11-12 - ❌ Ausente',3,'',32,2),(1841,'2024-12-14 12:14:34.287041','480','DOMINGUEZ, FERNANDO ARIEL - 24726499 - 2024-11-12 - ❌ Ausente',3,'',32,2),(1842,'2024-12-14 12:14:34.287051','479','BAIOCCHI, SANTIAGO NICOLAS - 37232760 - 2024-11-12 - ❌ Ausente',3,'',32,2),(1843,'2024-12-14 12:14:34.287061','478','BELTRAN, GERMAN - 39326346 - 2024-11-12 - ❌ Ausente',3,'',32,2),(1844,'2024-12-14 12:14:34.287072','477','RODRIGUEZ, TICIANO - 45836980 - 2024-11-12 - ❌ Ausente',3,'',32,2),(1845,'2024-12-14 12:14:34.287081','476','VILLALBA, RICARDO ALFREDO - 35669686 - 2024-11-12 - ❌ Ausente',3,'',32,2),(1846,'2024-12-14 12:14:34.287091','475','TURRIN, AXEL ARIEL - 38158188 - 2024-11-12 - ❌ Ausente',3,'',32,2),(1847,'2024-12-14 12:14:34.287100','474','LAZO, MATIAS - 45352705 - 2024-11-12 - ❌ Ausente',3,'',32,2),(1848,'2024-12-14 12:14:34.287110','473','WYSS, TOBIAS - 45836909 - 2024-11-12 - ❌ Ausente',3,'',32,2),(1849,'2024-12-14 12:14:34.287119','472','VILLEGAS, EMMANUEL - 36707330 - 2024-11-12 - ❌ Ausente',3,'',32,2),(1850,'2024-12-14 12:14:34.287128','471','ARGUELLO, HUGO FABRICIO - 38279585 - 2024-11-12 - ❌ Ausente',3,'',32,2),(1851,'2024-12-14 12:14:34.287138','470','SAAB, AGUSTIN GABRIEL - 37627901 - 2024-11-12 - ❌ Ausente',3,'',32,2),(1852,'2024-12-14 12:14:34.287149','469','JARA, DIEGO - 28816742 - 2024-11-12 - ❌ Ausente',3,'',32,2),(1853,'2024-12-14 12:14:34.287158','468','DI CROCE, JESSICA - 43015155 - 2024-11-12 - ❌ Ausente',3,'',32,2),(1854,'2024-12-14 12:14:34.287168','467','ALBA, GERARDO - 43675993 - 2024-11-12 - ❌ Ausente',3,'',32,2),(1855,'2024-12-14 12:14:34.287177','466','CEBALLOS, FERNANDO - 39610460 - 2024-11-12 - ❌ Ausente',3,'',32,2),(1856,'2024-12-14 12:14:34.287186','465','FIOL, JORGE LISANDRO - 38279683 - 2024-11-12 - ❌ Ausente',3,'',32,2),(1857,'2024-12-14 12:14:34.287196','464','TESTA, ENZO NICOLAS - 43230436 - 2024-11-12 - ❌ Ausente',3,'',32,2),(1858,'2024-12-14 12:14:34.287206','463','CABRAL, FACUNDO JULIAN - 43607689 - 2024-11-12 - ❌ Ausente',3,'',32,2),(1859,'2024-12-14 12:14:34.287216','462','GIUSTI, JULIO - 41484043 - 2024-11-12 - ❌ Ausente',3,'',32,2),(1860,'2024-12-14 12:14:34.287227','461','MARIZZA, JORGE - 40678625 - 2024-11-12 - ❌ Ausente',3,'',32,2),(1861,'2024-12-14 12:14:34.287244','460','BELTRAN, GABRIEL - 38279571 - 2024-11-12 - ❌ Ausente',3,'',32,2),(1862,'2024-12-14 12:14:34.287254','459','ARNAUD, JERONIMO - 43134653 - 2024-11-12 - ❌ Ausente',3,'',32,2),(1863,'2024-12-14 12:14:34.287263','458','QUINTEROS, BRUNO AGUSTIN - 42696371 - 2024-11-12 - ❌ Ausente',3,'',32,2),(1864,'2024-12-14 12:14:34.287273','457','FERRERI, MILTON - 40299956 - 2024-11-12 - ❌ Ausente',3,'',32,2),(1865,'2024-12-14 12:14:34.287282','456','LOMELLO, GONZALO - 30287386 - 2024-11-12 - ❌ Ausente',3,'',32,2),(1866,'2024-12-14 12:14:34.287292','455','CORONEL, ROMINA - 39176825 - 2024-11-12 - ❌ Ausente',3,'',32,2),(1867,'2024-12-14 12:14:34.287302','454','MASSAFARA, BRAIAN - 41888232 - 2024-11-12 - ❌ Ausente',3,'',32,2),(1868,'2024-12-14 12:14:34.287313','453','LOPEZ, RAYMUNDO - 37232850 - 2024-11-12 - ❌ Ausente',3,'',32,2),(1869,'2024-12-14 12:14:34.287323','452','MANIAS, LUCAS GABRIEL - 40026647 - 2024-11-12 - ❌ Ausente',3,'',32,2),(1870,'2024-12-14 12:14:34.287333','451','ACEVEDO, JULIETA - 40314005 - 2024-11-12 - ❌ Ausente',3,'',32,2),(1871,'2024-12-14 12:14:34.287342','450','ALLASIA, DAMIAN - 39824996 - 2024-11-12 - ❌ Ausente',3,'',32,2),(1872,'2024-12-14 12:14:34.287351','449','GOMEZ, FRANCISCO - 41994218 - 2024-11-12 - ❌ Ausente',3,'',32,2),(1873,'2024-12-14 12:14:34.287361','448','MOLINERO, JOAQUIN - 41280170 - 2024-11-12 - ❌ Ausente',3,'',32,2),(1874,'2024-12-14 12:14:34.287370','447','MARUCCO, NOELIA - 32599619 - 2024-11-12 - ❌ Ausente',3,'',32,2),(1875,'2024-12-14 12:14:34.287380','446','MATULICH, JOSE - 37850500 - 2024-11-12 - ❌ Ausente',3,'',32,2),(1876,'2024-12-14 12:14:34.287390','445','RODRIGUEZ, GASTON - 37165416 - 2024-11-12 - ❌ Ausente',3,'',32,2),(1877,'2024-12-14 12:14:34.287400','444','AVENDAÑO, DAREL - 40678696 - 2024-11-12 - ❌ Ausente',3,'',32,2),(1878,'2024-12-14 12:14:34.287409','443','MARIA, GONZALO - 38159134 - 2024-11-12 - ❌ Ausente',3,'',32,2),(1879,'2024-12-14 12:14:34.287418','442','FERREYRA, TOMAS - 40026784 - 2024-11-12 - ❌ Ausente',3,'',32,2),(1880,'2024-12-14 12:14:34.287427','441','ALMENARA, LIHUEN ANDRES - 41484063 - 2024-11-12 - ❌ Ausente',3,'',32,2),(1881,'2024-12-14 12:14:34.287436','440','ROJAS, OSCAR - 62778461 - 2024-11-12 - ❌ Ausente',3,'',32,2),(1882,'2024-12-14 12:14:34.287446','439','MORALES, LUCIANO N. - 36707429 - 2024-11-12 - ❌ Ausente',3,'',32,2),(1883,'2024-12-14 12:14:34.287456','438','MONTI, CHRISTIAN - 36707055 - 2024-11-12 - ❌ Ausente',3,'',32,2),(1884,'2024-12-14 12:14:34.287467','437','PIZARRO, LEANDRO E. - 39610329 - 2024-11-12 - ❌ Ausente',3,'',32,2),(1885,'2024-12-14 12:14:34.287476','436','ZABALA, CARLOS F. - 37233007 - 2024-11-12 - ❌ Ausente',3,'',32,2),(1886,'2024-12-14 12:14:34.287485','435','GOLINELLI, MARTIN - 29519506 - 2024-11-12 - ❌ Ausente',3,'',32,2),(1887,'2024-12-14 12:14:34.287494','434','VIDELA, MAURICIO - 27673387 - 2024-11-12 - ❌ Ausente',3,'',32,2),(1888,'2024-12-14 12:14:34.287503','433','MATEUCI, SILVINA BELEN - 34965669 - 2024-11-12 - ❌ Ausente',3,'',32,2),(1889,'2024-12-14 12:14:34.287512','432','CANTARUTTI, FERNANDO - 37627948 - 2024-11-12 - ❌ Ausente',3,'',32,2),(1890,'2024-12-14 12:14:34.287523','431','DECO, RAFAEL EZEQUIEL - 39022473 - 2024-11-12 - ❌ Ausente',3,'',32,2),(1891,'2024-12-14 12:14:34.287532','430','VIOLA, HERNÁN MANUEL - 38279671 - 2024-11-12 - ❌ Ausente',3,'',32,2),(1892,'2024-12-14 12:14:34.287541','429','MARTINEZ, CARLOS - 13108031 - 2024-11-12 - ❌ Ausente',3,'',32,2),(1893,'2024-12-14 12:14:34.287550','428','SANTUCHO, MAXIMILIANO - 31731146 - 2024-11-12 - ❌ Ausente',3,'',32,2),(1894,'2024-12-14 12:14:34.287560','427','LOPEZ, DANILO - 33349984 - 2024-11-12 - ❌ Ausente',3,'',32,2),(1895,'2024-12-14 12:14:34.287569','426','DIAZ, LUCAS - 33920821 - 2024-11-12 - ❌ Ausente',3,'',32,2),(1896,'2024-12-14 12:14:34.287579','425','PIAZZA, JORGE - 29884270 - 2024-11-12 - ❌ Ausente',3,'',32,2),(1897,'2024-12-14 12:14:34.287588','424','PEREZ, NICOLAS - 28757702 - 2024-11-12 - ❌ Ausente',3,'',32,2),(1898,'2024-12-14 12:14:34.287597','423','LIOI, VICTOR - 22384294 - 2024-11-12 - ❌ Ausente',3,'',32,2),(1899,'2024-12-14 12:14:34.287606','422','JARA, RAMIRO - 34965695 - 2024-11-12 - ❌ Ausente',3,'',32,2),(1900,'2024-12-14 12:14:34.287617','421','GAUNA, LUCIANO - 29161251 - 2024-11-12 - ❌ Ausente',3,'',32,2),(1901,'2024-12-14 12:14:34.287627','420','CALDERON, CARLOS - 25040357 - 2024-11-12 - ❌ Ausente',3,'',32,2),(1902,'2024-12-14 12:14:34.287636','419','BAINOTTI, JORGE - 35669855 - 2024-11-12 - ❌ Ausente',3,'',32,2),(1903,'2024-12-14 12:14:34.287645','418','BALDAZAR, RAUL - 14281172 - 2024-11-12 - ❌ Ausente',3,'',32,2),(1904,'2024-12-14 12:14:34.287655','417','MORANGE, AGUSTIN - 46512137 - 2024-11-11 - ❌ Ausente',3,'',32,2),(1905,'2024-12-14 12:14:34.287665','416','PIERMARINI, FACUNDO FABIAN - 41484145 - 2024-11-11 - ❌ Ausente',3,'',32,2),(1906,'2024-12-14 12:14:34.287675','415','GOLINELLI, BLAS - 37232833 - 2024-11-11 - ❌ Ausente',3,'',32,2),(1907,'2024-12-14 12:14:34.287684','414','FUSI, LUCAS ALEJANDRO - 43675844 - 2024-11-11 - ❌ Ausente',3,'',32,2),(1908,'2024-12-14 12:14:34.287694','413','CROGNALI, LEONARLO DAVID - 44898882 - 2024-11-11 - ❌ Ausente',3,'',32,2),(1909,'2024-12-14 12:14:34.287704','412','GIMENEZ, BENJAMIN JOSUE - 45937356 - 2024-11-11 - ❌ Ausente',3,'',32,2),(1910,'2024-12-14 12:14:34.287713','411','FUENTES, FRANCISCO LUIS - 44296925 - 2024-11-11 - ❌ Ausente',3,'',32,2),(1911,'2024-12-14 12:14:34.287724','410','BURGOS, FACUNDO SEBASTIAN - 41280065 - 2024-11-11 - ❌ Ausente',3,'',32,2),(1912,'2024-12-14 12:14:34.287733','409','JARA, DANIEL ELIAS - 38164470 - 2024-11-11 - ❌ Ausente',3,'',32,2),(1913,'2024-12-14 12:14:34.287743','408','DOMINGUEZ, FERNANDO ARIEL - 24726499 - 2024-11-11 - ❌ Ausente',3,'',32,2),(1914,'2024-12-14 12:14:34.287752','407','BAIOCCHI, SANTIAGO NICOLAS - 37232760 - 2024-11-11 - ❌ Ausente',3,'',32,2),(1915,'2024-12-14 12:14:34.287761','406','BELTRAN, GERMAN - 39326346 - 2024-11-11 - ❌ Ausente',3,'',32,2),(1916,'2024-12-14 12:14:34.287771','405','RODRIGUEZ, TICIANO - 45836980 - 2024-11-11 - ❌ Ausente',3,'',32,2),(1917,'2024-12-14 12:14:34.287781','404','VILLALBA, RICARDO ALFREDO - 35669686 - 2024-11-11 - ❌ Ausente',3,'',32,2),(1918,'2024-12-14 12:14:34.287790','403','TURRIN, AXEL ARIEL - 38158188 - 2024-11-11 - ❌ Ausente',3,'',32,2),(1919,'2024-12-14 12:14:34.287800','402','LAZO, MATIAS - 45352705 - 2024-11-11 - ❌ Ausente',3,'',32,2),(1920,'2024-12-14 12:14:34.287809','401','WYSS, TOBIAS - 45836909 - 2024-11-11 - ❌ Ausente',3,'',32,2),(1921,'2024-12-14 12:14:34.287819','400','VILLEGAS, EMMANUEL - 36707330 - 2024-11-11 - ❌ Ausente',3,'',32,2),(1922,'2024-12-14 12:14:34.287829','399','ARGUELLO, HUGO FABRICIO - 38279585 - 2024-11-11 - ❌ Ausente',3,'',32,2),(1923,'2024-12-14 12:14:34.287838','398','SAAB, AGUSTIN GABRIEL - 37627901 - 2024-11-11 - ❌ Ausente',3,'',32,2),(1924,'2024-12-14 12:14:34.287847','397','JARA, DIEGO - 28816742 - 2024-11-11 - ❌ Ausente',3,'',32,2),(1925,'2024-12-14 12:14:34.287857','396','DI CROCE, JESSICA - 43015155 - 2024-11-11 - ❌ Ausente',3,'',32,2),(1926,'2024-12-14 12:14:34.287867','395','ALBA, GERARDO - 43675993 - 2024-11-11 - ❌ Ausente',3,'',32,2),(1927,'2024-12-14 12:14:34.287877','394','CEBALLOS, FERNANDO - 39610460 - 2024-11-11 - ❌ Ausente',3,'',32,2),(1928,'2024-12-14 12:14:34.287886','393','FIOL, JORGE LISANDRO - 38279683 - 2024-11-11 - ❌ Ausente',3,'',32,2),(1929,'2024-12-14 12:14:34.287896','392','TESTA, ENZO NICOLAS - 43230436 - 2024-11-11 - ❌ Ausente',3,'',32,2),(1930,'2024-12-14 12:14:34.287906','391','CABRAL, FACUNDO JULIAN - 43607689 - 2024-11-11 - ❌ Ausente',3,'',32,2),(1931,'2024-12-14 12:14:34.287915','390','GIUSTI, JULIO - 41484043 - 2024-11-11 - ❌ Ausente',3,'',32,2),(1932,'2024-12-14 12:14:34.287925','389','MARIZZA, JORGE - 40678625 - 2024-11-11 - ❌ Ausente',3,'',32,2),(1933,'2024-12-14 12:14:34.287936','388','BELTRAN, GABRIEL - 38279571 - 2024-11-11 - ❌ Ausente',3,'',32,2),(1934,'2024-12-14 12:14:34.287945','387','ARNAUD, JERONIMO - 43134653 - 2024-11-11 - ❌ Ausente',3,'',32,2),(1935,'2024-12-14 12:14:34.287954','386','QUINTEROS, BRUNO AGUSTIN - 42696371 - 2024-11-11 - ❌ Ausente',3,'',32,2),(1936,'2024-12-14 12:14:34.287963','385','FERRERI, MILTON - 40299956 - 2024-11-11 - ❌ Ausente',3,'',32,2),(1937,'2024-12-14 12:14:34.287973','384','LOMELLO, GONZALO - 30287386 - 2024-11-11 - ❌ Ausente',3,'',32,2),(1938,'2024-12-14 12:14:34.287990','383','CORONEL, ROMINA - 39176825 - 2024-11-11 - ❌ Ausente',3,'',32,2),(1939,'2024-12-14 12:14:34.288001','382','MASSAFARA, BRAIAN - 41888232 - 2024-11-11 - ❌ Ausente',3,'',32,2),(1940,'2024-12-14 12:14:34.288010','381','LOPEZ, RAYMUNDO - 37232850 - 2024-11-11 - ❌ Ausente',3,'',32,2),(1941,'2024-12-14 12:14:34.288020','380','MANIAS, LUCAS GABRIEL - 40026647 - 2024-11-11 - ❌ Ausente',3,'',32,2),(1942,'2024-12-14 12:14:34.288029','379','ACEVEDO, JULIETA - 40314005 - 2024-11-11 - ❌ Ausente',3,'',32,2),(1943,'2024-12-14 12:14:34.288039','378','ALLASIA, DAMIAN - 39824996 - 2024-11-11 - ❌ Ausente',3,'',32,2),(1944,'2024-12-14 12:14:34.288048','377','GOMEZ, FRANCISCO - 41994218 - 2024-11-11 - ❌ Ausente',3,'',32,2),(1945,'2024-12-14 12:14:34.288058','376','MOLINERO, JOAQUIN - 41280170 - 2024-11-11 - ❌ Ausente',3,'',32,2),(1946,'2024-12-14 12:14:34.288069','375','MARUCCO, NOELIA - 32599619 - 2024-11-11 - ❌ Ausente',3,'',32,2),(1947,'2024-12-14 12:14:34.288078','374','MATULICH, JOSE - 37850500 - 2024-11-11 - ❌ Ausente',3,'',32,2),(1948,'2024-12-14 12:14:34.288089','373','RODRIGUEZ, GASTON - 37165416 - 2024-11-11 - ❌ Ausente',3,'',32,2),(1949,'2024-12-14 12:14:34.288098','372','AVENDAÑO, DAREL - 40678696 - 2024-11-11 - ❌ Ausente',3,'',32,2),(1950,'2024-12-14 12:14:34.288107','371','MARIA, GONZALO - 38159134 - 2024-11-11 - ❌ Ausente',3,'',32,2),(1951,'2024-12-14 12:14:34.288117','370','FERREYRA, TOMAS - 40026784 - 2024-11-11 - ❌ Ausente',3,'',32,2),(1952,'2024-12-14 12:14:34.288126','369','ALMENARA, LIHUEN ANDRES - 41484063 - 2024-11-11 - ❌ Ausente',3,'',32,2),(1953,'2024-12-14 12:14:34.288136','368','ROJAS, OSCAR - 62778461 - 2024-11-11 - ❌ Ausente',3,'',32,2),(1954,'2024-12-14 12:14:34.288145','367','MORALES, LUCIANO N. - 36707429 - 2024-11-11 - ❌ Ausente',3,'',32,2),(1955,'2024-12-14 12:14:34.288155','366','MONTI, CHRISTIAN - 36707055 - 2024-11-11 - ❌ Ausente',3,'',32,2),(1956,'2024-12-14 12:14:34.288165','365','PIZARRO, LEANDRO E. - 39610329 - 2024-11-11 - ❌ Ausente',3,'',32,2),(1957,'2024-12-14 12:14:34.288183','364','ZABALA, CARLOS F. - 37233007 - 2024-11-11 - ❌ Ausente',3,'',32,2),(1958,'2024-12-14 12:14:34.288192','363','GOLINELLI, MARTIN - 29519506 - 2024-11-11 - ❌ Ausente',3,'',32,2),(1959,'2024-12-14 12:14:34.288201','362','VIDELA, MAURICIO - 27673387 - 2024-11-11 - ❌ Ausente',3,'',32,2),(1960,'2024-12-14 12:14:34.288211','361','MATEUCI, SILVINA BELEN - 34965669 - 2024-11-11 - ❌ Ausente',3,'',32,2),(1961,'2024-12-14 12:14:34.288220','360','CANTARUTTI, FERNANDO - 37627948 - 2024-11-11 - ❌ Ausente',3,'',32,2),(1962,'2024-12-14 12:14:34.288229','359','DECO, RAFAEL EZEQUIEL - 39022473 - 2024-11-11 - ❌ Ausente',3,'',32,2),(1963,'2024-12-14 12:14:34.288243','358','VIOLA, HERNÁN MANUEL - 38279671 - 2024-11-11 - ❌ Ausente',3,'',32,2),(1964,'2024-12-14 12:14:34.288258','357','MARTINEZ, CARLOS - 13108031 - 2024-11-11 - ❌ Ausente',3,'',32,2),(1965,'2024-12-14 12:14:34.288267','356','SANTUCHO, MAXIMILIANO - 31731146 - 2024-11-11 - ❌ Ausente',3,'',32,2),(1966,'2024-12-14 12:14:34.288276','355','LOPEZ, DANILO - 33349984 - 2024-11-11 - ❌ Ausente',3,'',32,2),(1967,'2024-12-14 12:14:34.288286','354','DIAZ, LUCAS - 33920821 - 2024-11-11 - ❌ Ausente',3,'',32,2),(1968,'2024-12-14 12:14:34.288296','353','PIAZZA, JORGE - 29884270 - 2024-11-11 - ❌ Ausente',3,'',32,2),(1969,'2024-12-14 12:14:34.288306','352','PEREZ, NICOLAS - 28757702 - 2024-11-11 - ❌ Ausente',3,'',32,2),(1970,'2024-12-14 12:14:34.288316','351','LIOI, VICTOR - 22384294 - 2024-11-11 - ❌ Ausente',3,'',32,2),(1971,'2024-12-14 12:14:34.288325','350','JARA, RAMIRO - 34965695 - 2024-11-11 - ❌ Ausente',3,'',32,2),(1972,'2024-12-14 12:14:34.288335','349','GAUNA, LUCIANO - 29161251 - 2024-11-11 - ❌ Ausente',3,'',32,2),(1973,'2024-12-14 12:14:34.288345','348','CALDERON, CARLOS - 25040357 - 2024-11-11 - ❌ Ausente',3,'',32,2),(1974,'2024-12-14 12:14:34.288355','347','BAINOTTI, JORGE - 35669855 - 2024-11-11 - ❌ Ausente',3,'',32,2),(1975,'2024-12-14 12:14:34.288364','346','BALDAZAR, RAUL - 14281172 - 2024-11-11 - ❌ Ausente',3,'',32,2),(1976,'2024-12-14 12:14:34.288373','345','MORANGE, AGUSTIN - 46512137 - 2024-11-10 - ❌ Ausente',3,'',32,2),(1977,'2024-12-14 12:14:34.288384','344','PIERMARINI, FACUNDO FABIAN - 41484145 - 2024-11-10 - ❌ Ausente',3,'',32,2),(1978,'2024-12-14 12:14:34.288393','343','GOLINELLI, BLAS - 37232833 - 2024-11-10 - ❌ Ausente',3,'',32,2),(1979,'2024-12-14 12:14:34.288403','342','FUSI, LUCAS ALEJANDRO - 43675844 - 2024-11-10 - ❌ Ausente',3,'',32,2),(1980,'2024-12-14 12:14:34.288434','341','CROGNALI, LEONARLO DAVID - 44898882 - 2024-11-10 - ❌ Ausente',3,'',32,2),(1981,'2024-12-14 12:14:34.288445','340','GIMENEZ, BENJAMIN JOSUE - 45937356 - 2024-11-10 - ❌ Ausente',3,'',32,2),(1982,'2024-12-14 12:14:34.288455','339','FUENTES, FRANCISCO LUIS - 44296925 - 2024-11-10 - ❌ Ausente',3,'',32,2),(1983,'2024-12-14 12:14:34.288465','338','BURGOS, FACUNDO SEBASTIAN - 41280065 - 2024-11-10 - ❌ Ausente',3,'',32,2),(1984,'2024-12-14 12:14:34.288474','337','JARA, DANIEL ELIAS - 38164470 - 2024-11-10 - ❌ Ausente',3,'',32,2),(1985,'2024-12-14 12:14:34.288484','336','DOMINGUEZ, FERNANDO ARIEL - 24726499 - 2024-11-10 - ❌ Ausente',3,'',32,2),(1986,'2024-12-14 12:14:34.288494','335','BAIOCCHI, SANTIAGO NICOLAS - 37232760 - 2024-11-10 - ❌ Ausente',3,'',32,2),(1987,'2024-12-14 12:14:34.288503','334','BELTRAN, GERMAN - 39326346 - 2024-11-10 - ❌ Ausente',3,'',32,2),(1988,'2024-12-14 12:14:34.288514','333','RODRIGUEZ, TICIANO - 45836980 - 2024-11-10 - ❌ Ausente',3,'',32,2),(1989,'2024-12-14 12:14:34.288524','332','VILLALBA, RICARDO ALFREDO - 35669686 - 2024-11-10 - ❌ Ausente',3,'',32,2),(1990,'2024-12-14 12:14:34.288534','331','TURRIN, AXEL ARIEL - 38158188 - 2024-11-10 - ❌ Ausente',3,'',32,2),(1991,'2024-12-14 12:14:34.288544','330','LAZO, MATIAS - 45352705 - 2024-11-10 - ❌ Ausente',3,'',32,2),(1992,'2024-12-14 12:14:34.288553','329','WYSS, TOBIAS - 45836909 - 2024-11-10 - ❌ Ausente',3,'',32,2),(1993,'2024-12-14 12:14:34.288563','328','VILLEGAS, EMMANUEL - 36707330 - 2024-11-10 - ❌ Ausente',3,'',32,2),(1994,'2024-12-14 12:14:34.288572','327','ARGUELLO, HUGO FABRICIO - 38279585 - 2024-11-10 - ❌ Ausente',3,'',32,2),(1995,'2024-12-14 12:14:34.288583','326','SAAB, AGUSTIN GABRIEL - 37627901 - 2024-11-10 - ❌ Ausente',3,'',32,2),(1996,'2024-12-14 12:14:34.288593','325','JARA, DIEGO - 28816742 - 2024-11-10 - ❌ Ausente',3,'',32,2),(1997,'2024-12-14 12:14:34.288604','324','DI CROCE, JESSICA - 43015155 - 2024-11-10 - ❌ Ausente',3,'',32,2),(1998,'2024-12-14 12:14:34.288613','323','ALBA, GERARDO - 43675993 - 2024-11-10 - ❌ Ausente',3,'',32,2),(1999,'2024-12-14 12:14:34.288624','322','CEBALLOS, FERNANDO - 39610460 - 2024-11-10 - ❌ Ausente',3,'',32,2),(2000,'2024-12-14 12:14:34.288634','321','FIOL, JORGE LISANDRO - 38279683 - 2024-11-10 - ❌ Ausente',3,'',32,2),(2001,'2024-12-14 12:14:34.288643','320','TESTA, ENZO NICOLAS - 43230436 - 2024-11-10 - ❌ Ausente',3,'',32,2),(2002,'2024-12-14 12:14:34.288652','319','CABRAL, FACUNDO JULIAN - 43607689 - 2024-11-10 - ❌ Ausente',3,'',32,2),(2003,'2024-12-14 12:14:34.288661','318','GIUSTI, JULIO - 41484043 - 2024-11-10 - ❌ Ausente',3,'',32,2),(2004,'2024-12-14 12:14:34.288670','317','MARIZZA, JORGE - 40678625 - 2024-11-10 - ❌ Ausente',3,'',32,2),(2005,'2024-12-14 12:14:34.288680','316','BELTRAN, GABRIEL - 38279571 - 2024-11-10 - ❌ Ausente',3,'',32,2),(2006,'2024-12-14 12:14:34.288689','315','ARNAUD, JERONIMO - 43134653 - 2024-11-10 - ❌ Ausente',3,'',32,2),(2007,'2024-12-14 12:14:34.288699','314','QUINTEROS, BRUNO AGUSTIN - 42696371 - 2024-11-10 - ❌ Ausente',3,'',32,2),(2008,'2024-12-14 12:14:34.288708','313','FERRERI, MILTON - 40299956 - 2024-11-10 - ❌ Ausente',3,'',32,2),(2009,'2024-12-14 12:14:34.288717','312','LOMELLO, GONZALO - 30287386 - 2024-11-10 - ❌ Ausente',3,'',32,2),(2010,'2024-12-14 12:14:34.288726','311','CORONEL, ROMINA - 39176825 - 2024-11-10 - ❌ Ausente',3,'',32,2),(2011,'2024-12-14 12:14:34.288737','310','MASSAFARA, BRAIAN - 41888232 - 2024-11-10 - ❌ Ausente',3,'',32,2),(2012,'2024-12-14 12:14:34.288748','309','LOPEZ, RAYMUNDO - 37232850 - 2024-11-10 - ❌ Ausente',3,'',32,2),(2013,'2024-12-14 12:14:34.288757','308','MANIAS, LUCAS GABRIEL - 40026647 - 2024-11-10 - ❌ Ausente',3,'',32,2),(2014,'2024-12-14 12:14:34.288767','307','ACEVEDO, JULIETA - 40314005 - 2024-11-10 - ❌ Ausente',3,'',32,2),(2015,'2024-12-14 12:14:34.288776','306','ALLASIA, DAMIAN - 39824996 - 2024-11-10 - ❌ Ausente',3,'',32,2),(2016,'2024-12-14 12:14:34.288785','305','GOMEZ, FRANCISCO - 41994218 - 2024-11-10 - ❌ Ausente',3,'',32,2),(2017,'2024-12-14 12:14:34.288795','304','MOLINERO, JOAQUIN - 41280170 - 2024-11-10 - ❌ Ausente',3,'',32,2),(2018,'2024-12-14 12:14:34.288805','303','MARUCCO, NOELIA - 32599619 - 2024-11-10 - ❌ Ausente',3,'',32,2),(2019,'2024-12-14 12:14:34.288815','302','MATULICH, JOSE - 37850500 - 2024-11-10 - ❌ Ausente',3,'',32,2),(2020,'2024-12-14 12:14:34.288825','301','RODRIGUEZ, GASTON - 37165416 - 2024-11-10 - ❌ Ausente',3,'',32,2),(2021,'2024-12-14 12:14:34.288834','300','AVENDAÑO, DAREL - 40678696 - 2024-11-10 - ❌ Ausente',3,'',32,2),(2022,'2024-12-14 12:14:34.288844','299','MARIA, GONZALO - 38159134 - 2024-11-10 - ❌ Ausente',3,'',32,2),(2023,'2024-12-14 12:14:34.288854','298','FERREYRA, TOMAS - 40026784 - 2024-11-10 - ❌ Ausente',3,'',32,2),(2024,'2024-12-14 12:14:34.288864','297','ALMENARA, LIHUEN ANDRES - 41484063 - 2024-11-10 - ❌ Ausente',3,'',32,2),(2025,'2024-12-14 12:14:34.288874','296','ROJAS, OSCAR - 62778461 - 2024-11-10 - ❌ Ausente',3,'',32,2),(2026,'2024-12-14 12:14:34.288884','295','MORALES, LUCIANO N. - 36707429 - 2024-11-10 - ❌ Ausente',3,'',32,2),(2027,'2024-12-14 12:14:34.288894','294','MONTI, CHRISTIAN - 36707055 - 2024-11-10 - ❌ Ausente',3,'',32,2),(2028,'2024-12-14 12:14:34.288905','293','PIZARRO, LEANDRO E. - 39610329 - 2024-11-10 - ❌ Ausente',3,'',32,2),(2029,'2024-12-14 12:14:34.288913','292','ZABALA, CARLOS F. - 37233007 - 2024-11-10 - ❌ Ausente',3,'',32,2),(2030,'2024-12-14 12:14:34.288922','291','GOLINELLI, MARTIN - 29519506 - 2024-11-10 - ❌ Ausente',3,'',32,2),(2031,'2024-12-14 12:14:34.288933','290','VIDELA, MAURICIO - 27673387 - 2024-11-10 - ❌ Ausente',3,'',32,2),(2032,'2024-12-14 12:14:34.288942','289','MATEUCI, SILVINA BELEN - 34965669 - 2024-11-10 - ❌ Ausente',3,'',32,2),(2033,'2024-12-14 12:14:34.288952','288','CANTARUTTI, FERNANDO - 37627948 - 2024-11-10 - ❌ Ausente',3,'',32,2),(2034,'2024-12-14 12:14:34.288961','287','DECO, RAFAEL EZEQUIEL - 39022473 - 2024-11-10 - ❌ Ausente',3,'',32,2),(2035,'2024-12-14 12:14:34.288971','286','VIOLA, HERNÁN MANUEL - 38279671 - 2024-11-10 - ❌ Ausente',3,'',32,2),(2036,'2024-12-14 12:14:34.288988','285','MARTINEZ, CARLOS - 13108031 - 2024-11-10 - ❌ Ausente',3,'',32,2),(2037,'2024-12-14 12:14:34.288998','284','SANTUCHO, MAXIMILIANO - 31731146 - 2024-11-10 - ❌ Ausente',3,'',32,2),(2038,'2024-12-14 12:14:34.289008','283','LOPEZ, DANILO - 33349984 - 2024-11-10 - ❌ Ausente',3,'',32,2),(2039,'2024-12-14 12:14:34.289017','282','DIAZ, LUCAS - 33920821 - 2024-11-10 - ❌ Ausente',3,'',32,2),(2040,'2024-12-14 12:14:34.289026','281','PIAZZA, JORGE - 29884270 - 2024-11-10 - ❌ Ausente',3,'',32,2),(2041,'2024-12-14 12:14:34.289036','280','PEREZ, NICOLAS - 28757702 - 2024-11-10 - ❌ Ausente',3,'',32,2),(2042,'2024-12-14 12:14:34.289045','279','LIOI, VICTOR - 22384294 - 2024-11-10 - ❌ Ausente',3,'',32,2),(2043,'2024-12-14 12:14:34.289055','278','JARA, RAMIRO - 34965695 - 2024-11-10 - ❌ Ausente',3,'',32,2),(2044,'2024-12-14 12:14:34.289066','277','GAUNA, LUCIANO - 29161251 - 2024-11-10 - ❌ Ausente',3,'',32,2),(2045,'2024-12-14 12:14:34.289075','276','CALDERON, CARLOS - 25040357 - 2024-11-10 - ❌ Ausente',3,'',32,2),(2046,'2024-12-14 12:14:34.289085','275','BAINOTTI, JORGE - 35669855 - 2024-11-10 - ❌ Ausente',3,'',32,2),(2047,'2024-12-14 12:14:34.289094','274','BALDAZAR, RAUL - 14281172 - 2024-11-10 - ❌ Ausente',3,'',32,2),(2048,'2024-12-14 12:14:34.289104','273','MORANGE, AGUSTIN - 46512137 - 2024-11-09 - ❌ Ausente',3,'',32,2),(2049,'2024-12-14 12:14:34.289112','272','PIERMARINI, FACUNDO FABIAN - 41484145 - 2024-11-09 - ❌ Ausente',3,'',32,2),(2050,'2024-12-14 12:14:34.289122','271','GOLINELLI, BLAS - 37232833 - 2024-11-09 - ❌ Ausente',3,'',32,2),(2051,'2024-12-14 12:14:34.289132','270','FUSI, LUCAS ALEJANDRO - 43675844 - 2024-11-09 - ❌ Ausente',3,'',32,2),(2052,'2024-12-14 12:14:34.289142','269','CROGNALI, LEONARLO DAVID - 44898882 - 2024-11-09 - ❌ Ausente',3,'',32,2),(2053,'2024-12-14 12:14:34.289153','268','GIMENEZ, BENJAMIN JOSUE - 45937356 - 2024-11-09 - ❌ Ausente',3,'',32,2),(2054,'2024-12-14 12:14:34.289162','267','FUENTES, FRANCISCO LUIS - 44296925 - 2024-11-09 - ❌ Ausente',3,'',32,2),(2055,'2024-12-14 12:14:34.289171','266','BURGOS, FACUNDO SEBASTIAN - 41280065 - 2024-11-09 - ❌ Ausente',3,'',32,2),(2056,'2024-12-14 12:14:34.289180','265','JARA, DANIEL ELIAS - 38164470 - 2024-11-09 - ❌ Ausente',3,'',32,2),(2057,'2024-12-14 12:14:34.289190','264','DOMINGUEZ, FERNANDO ARIEL - 24726499 - 2024-11-09 - ❌ Ausente',3,'',32,2),(2058,'2024-12-14 12:14:34.289199','263','BAIOCCHI, SANTIAGO NICOLAS - 37232760 - 2024-11-09 - ❌ Ausente',3,'',32,2),(2059,'2024-12-14 12:14:34.289209','262','BELTRAN, GERMAN - 39326346 - 2024-11-09 - ❌ Ausente',3,'',32,2),(2060,'2024-12-14 12:14:34.289219','261','RODRIGUEZ, TICIANO - 45836980 - 2024-11-09 - ❌ Ausente',3,'',32,2),(2061,'2024-12-14 12:14:34.289229','260','VILLALBA, RICARDO ALFREDO - 35669686 - 2024-11-09 - ❌ Ausente',3,'',32,2),(2062,'2024-12-14 12:14:34.289239','259','TURRIN, AXEL ARIEL - 38158188 - 2024-11-09 - ❌ Ausente',3,'',32,2),(2063,'2024-12-14 12:14:34.289291','258','LAZO, MATIAS - 45352705 - 2024-11-09 - ❌ Ausente',3,'',32,2),(2064,'2024-12-14 12:14:34.289304','257','WYSS, TOBIAS - 45836909 - 2024-11-09 - ❌ Ausente',3,'',32,2),(2065,'2024-12-14 12:14:34.289313','256','VILLEGAS, EMMANUEL - 36707330 - 2024-11-09 - ❌ Ausente',3,'',32,2),(2066,'2024-12-14 12:14:34.289323','255','ARGUELLO, HUGO FABRICIO - 38279585 - 2024-11-09 - ❌ Ausente',3,'',32,2),(2067,'2024-12-14 12:14:34.289332','254','SAAB, AGUSTIN GABRIEL - 37627901 - 2024-11-09 - ❌ Ausente',3,'',32,2),(2068,'2024-12-14 12:14:34.289342','253','JARA, DIEGO - 28816742 - 2024-11-09 - ❌ Ausente',3,'',32,2),(2069,'2024-12-14 12:14:34.289351','252','DI CROCE, JESSICA - 43015155 - 2024-11-09 - ❌ Ausente',3,'',32,2),(2070,'2024-12-14 12:14:34.289360','251','ALBA, GERARDO - 43675993 - 2024-11-09 - ❌ Ausente',3,'',32,2),(2071,'2024-12-14 12:14:34.289369','250','CEBALLOS, FERNANDO - 39610460 - 2024-11-09 - ❌ Ausente',3,'',32,2),(2072,'2024-12-14 12:14:34.289378','249','FIOL, JORGE LISANDRO - 38279683 - 2024-11-09 - ❌ Ausente',3,'',32,2),(2073,'2024-12-14 12:14:34.289387','248','TESTA, ENZO NICOLAS - 43230436 - 2024-11-09 - ❌ Ausente',3,'',32,2),(2074,'2024-12-14 12:14:34.289398','247','CABRAL, FACUNDO JULIAN - 43607689 - 2024-11-09 - ❌ Ausente',3,'',32,2),(2075,'2024-12-14 12:14:34.289411','246','GIUSTI, JULIO - 41484043 - 2024-11-09 - ❌ Ausente',3,'',32,2),(2076,'2024-12-14 12:14:34.289420','245','MARIZZA, JORGE - 40678625 - 2024-11-09 - ❌ Ausente',3,'',32,2),(2077,'2024-12-14 12:14:34.289429','244','BELTRAN, GABRIEL - 38279571 - 2024-11-09 - ❌ Ausente',3,'',32,2),(2078,'2024-12-14 12:14:34.289440','243','ARNAUD, JERONIMO - 43134653 - 2024-11-09 - ❌ Ausente',3,'',32,2),(2079,'2024-12-14 12:14:34.289449','242','QUINTEROS, BRUNO AGUSTIN - 42696371 - 2024-11-09 - ❌ Ausente',3,'',32,2),(2080,'2024-12-14 12:14:34.289458','241','FERRERI, MILTON - 40299956 - 2024-11-09 - ❌ Ausente',3,'',32,2),(2081,'2024-12-14 12:14:34.289468','240','LOMELLO, GONZALO - 30287386 - 2024-11-09 - ❌ Ausente',3,'',32,2),(2082,'2024-12-14 12:14:34.289476','239','CORONEL, ROMINA - 39176825 - 2024-11-09 - ❌ Ausente',3,'',32,2),(2083,'2024-12-14 12:14:34.289486','238','MASSAFARA, BRAIAN - 41888232 - 2024-11-09 - ❌ Ausente',3,'',32,2),(2084,'2024-12-14 12:14:34.289495','237','LOPEZ, RAYMUNDO - 37232850 - 2024-11-09 - ❌ Ausente',3,'',32,2),(2085,'2024-12-14 12:14:34.289505','236','MANIAS, LUCAS GABRIEL - 40026647 - 2024-11-09 - ❌ Ausente',3,'',32,2),(2086,'2024-12-14 12:14:34.289514','235','ACEVEDO, JULIETA - 40314005 - 2024-11-09 - ❌ Ausente',3,'',32,2),(2087,'2024-12-14 12:14:34.289524','234','ALLASIA, DAMIAN - 39824996 - 2024-11-09 - ❌ Ausente',3,'',32,2),(2088,'2024-12-14 12:14:34.289533','233','GOMEZ, FRANCISCO - 41994218 - 2024-11-09 - ❌ Ausente',3,'',32,2),(2089,'2024-12-14 12:14:34.289542','232','MOLINERO, JOAQUIN - 41280170 - 2024-11-09 - ❌ Ausente',3,'',32,2),(2090,'2024-12-14 12:14:34.289552','231','MARUCCO, NOELIA - 32599619 - 2024-11-09 - ❌ Ausente',3,'',32,2),(2091,'2024-12-14 12:14:34.289563','230','MATULICH, JOSE - 37850500 - 2024-11-09 - ❌ Ausente',3,'',32,2),(2092,'2024-12-14 12:14:34.289573','229','RODRIGUEZ, GASTON - 37165416 - 2024-11-09 - ❌ Ausente',3,'',32,2),(2093,'2024-12-14 12:14:34.289582','228','AVENDAÑO, DAREL - 40678696 - 2024-11-09 - ❌ Ausente',3,'',32,2),(2094,'2024-12-14 12:14:34.289591','227','MARIA, GONZALO - 38159134 - 2024-11-09 - ❌ Ausente',3,'',32,2),(2095,'2024-12-14 12:14:34.289600','226','FERREYRA, TOMAS - 40026784 - 2024-11-09 - ❌ Ausente',3,'',32,2),(2096,'2024-12-14 12:14:34.289611','225','ALMENARA, LIHUEN ANDRES - 41484063 - 2024-11-09 - ❌ Ausente',3,'',32,2),(2097,'2024-12-14 12:14:34.289621','224','ROJAS, OSCAR - 62778461 - 2024-11-09 - ❌ Ausente',3,'',32,2),(2098,'2024-12-14 12:14:34.289630','223','MORALES, LUCIANO N. - 36707429 - 2024-11-09 - ❌ Ausente',3,'',32,2),(2099,'2024-12-14 12:14:34.289640','222','MONTI, CHRISTIAN - 36707055 - 2024-11-09 - ❌ Ausente',3,'',32,2),(2100,'2024-12-14 12:14:34.289650','221','PIZARRO, LEANDRO E. - 39610329 - 2024-11-09 - ❌ Ausente',3,'',32,2),(2101,'2024-12-14 12:14:34.289659','220','ZABALA, CARLOS F. - 37233007 - 2024-11-09 - ❌ Ausente',3,'',32,2),(2102,'2024-12-14 12:14:34.289668','219','GOLINELLI, MARTIN - 29519506 - 2024-11-09 - ❌ Ausente',3,'',32,2),(2103,'2024-12-14 12:14:34.289678','218','VIDELA, MAURICIO - 27673387 - 2024-11-09 - ❌ Ausente',3,'',32,2),(2104,'2024-12-14 12:14:34.289688','217','MATEUCI, SILVINA BELEN - 34965669 - 2024-11-09 - ❌ Ausente',3,'',32,2),(2105,'2024-12-14 12:14:34.289696','216','CANTARUTTI, FERNANDO - 37627948 - 2024-11-09 - ❌ Ausente',3,'',32,2),(2106,'2024-12-14 12:14:34.289705','215','DECO, RAFAEL EZEQUIEL - 39022473 - 2024-11-09 - ❌ Ausente',3,'',32,2),(2107,'2024-12-14 12:14:34.289716','214','VIOLA, HERNÁN MANUEL - 38279671 - 2024-11-09 - ❌ Ausente',3,'',32,2),(2108,'2024-12-14 12:14:34.289726','213','MARTINEZ, CARLOS - 13108031 - 2024-11-09 - ❌ Ausente',3,'',32,2),(2109,'2024-12-14 12:14:34.289736','212','SANTUCHO, MAXIMILIANO - 31731146 - 2024-11-09 - ❌ Ausente',3,'',32,2),(2110,'2024-12-14 12:14:34.289746','211','LOPEZ, DANILO - 33349984 - 2024-11-09 - ❌ Ausente',3,'',32,2),(2111,'2024-12-14 12:14:34.289755','210','DIAZ, LUCAS - 33920821 - 2024-11-09 - ❌ Ausente',3,'',32,2),(2112,'2024-12-14 12:14:34.289764','209','PIAZZA, JORGE - 29884270 - 2024-11-09 - ❌ Ausente',3,'',32,2),(2113,'2024-12-14 12:14:34.289773','208','PEREZ, NICOLAS - 28757702 - 2024-11-09 - ❌ Ausente',3,'',32,2),(2114,'2024-12-14 12:14:34.289783','207','LIOI, VICTOR - 22384294 - 2024-11-09 - ❌ Ausente',3,'',32,2),(2115,'2024-12-14 12:14:34.289792','206','JARA, RAMIRO - 34965695 - 2024-11-09 - ❌ Ausente',3,'',32,2),(2116,'2024-12-14 12:14:34.289803','205','GAUNA, LUCIANO - 29161251 - 2024-11-09 - ❌ Ausente',3,'',32,2),(2117,'2024-12-14 12:14:34.289813','204','CALDERON, CARLOS - 25040357 - 2024-11-09 - ❌ Ausente',3,'',32,2),(2118,'2024-12-14 12:14:34.289823','203','BAINOTTI, JORGE - 35669855 - 2024-11-09 - ❌ Ausente',3,'',32,2),(2119,'2024-12-14 12:14:34.289832','202','BALDAZAR, RAUL - 14281172 - 2024-11-09 - ❌ Ausente',3,'',32,2),(2120,'2024-12-14 12:14:34.289841','201','MORANGE, AGUSTIN - 46512137 - 2024-11-08 - ❌ Ausente',3,'',32,2),(2121,'2024-12-14 12:14:34.289852','200','PIERMARINI, FACUNDO FABIAN - 41484145 - 2024-11-08 - ❌ Ausente',3,'',32,2),(2122,'2024-12-14 12:14:34.289861','199','GOLINELLI, BLAS - 37232833 - 2024-11-08 - ❌ Ausente',3,'',32,2),(2123,'2024-12-14 12:14:34.289873','198','FUSI, LUCAS ALEJANDRO - 43675844 - 2024-11-08 - ❌ Ausente',3,'',32,2),(2124,'2024-12-14 12:14:34.289884','197','CROGNALI, LEONARLO DAVID - 44898882 - 2024-11-08 - ❌ Ausente',3,'',32,2),(2125,'2024-12-14 12:14:34.289894','196','GIMENEZ, BENJAMIN JOSUE - 45937356 - 2024-11-08 - ❌ Ausente',3,'',32,2),(2126,'2024-12-14 12:14:34.289903','195','FUENTES, FRANCISCO LUIS - 44296925 - 2024-11-08 - ❌ Ausente',3,'',32,2),(2127,'2024-12-14 12:14:34.289913','194','BURGOS, FACUNDO SEBASTIAN - 41280065 - 2024-11-08 - ❌ Ausente',3,'',32,2),(2128,'2024-12-14 12:14:34.289922','193','JARA, DANIEL ELIAS - 38164470 - 2024-11-08 - ❌ Ausente',3,'',32,2),(2129,'2024-12-14 12:14:34.289932','192','DOMINGUEZ, FERNANDO ARIEL - 24726499 - 2024-11-08 - ❌ Ausente',3,'',32,2),(2130,'2024-12-14 12:14:34.289941','191','BAIOCCHI, SANTIAGO NICOLAS - 37232760 - 2024-11-08 - ❌ Ausente',3,'',32,2),(2131,'2024-12-14 12:14:34.289951','190','BELTRAN, GERMAN - 39326346 - 2024-11-08 - ❌ Ausente',3,'',32,2),(2132,'2024-12-14 12:14:34.289960','189','RODRIGUEZ, TICIANO - 45836980 - 2024-11-08 - ❌ Ausente',3,'',32,2),(2133,'2024-12-14 12:14:34.289968','188','VILLALBA, RICARDO ALFREDO - 35669686 - 2024-11-08 - ❌ Ausente',3,'',32,2),(2134,'2024-12-14 12:14:34.289984','187','TURRIN, AXEL ARIEL - 38158188 - 2024-11-08 - ❌ Ausente',3,'',32,2),(2135,'2024-12-14 12:14:34.289995','186','LAZO, MATIAS - 45352705 - 2024-11-08 - ❌ Ausente',3,'',32,2),(2136,'2024-12-14 12:14:34.290004','185','WYSS, TOBIAS - 45836909 - 2024-11-08 - ❌ Ausente',3,'',32,2),(2137,'2024-12-14 12:14:34.290014','184','VILLEGAS, EMMANUEL - 36707330 - 2024-11-08 - ❌ Ausente',3,'',32,2),(2138,'2024-12-14 12:14:34.290024','183','ARGUELLO, HUGO FABRICIO - 38279585 - 2024-11-08 - ❌ Ausente',3,'',32,2),(2139,'2024-12-14 12:14:34.290037','182','SAAB, AGUSTIN GABRIEL - 37627901 - 2024-11-08 - ❌ Ausente',3,'',32,2),(2140,'2024-12-14 12:14:34.290051','181','JARA, DIEGO - 28816742 - 2024-11-08 - ❌ Ausente',3,'',32,2),(2141,'2024-12-14 12:14:34.290064','180','DI CROCE, JESSICA - 43015155 - 2024-11-08 - ❌ Ausente',3,'',32,2),(2142,'2024-12-14 12:14:34.290077','179','ALBA, GERARDO - 43675993 - 2024-11-08 - ❌ Ausente',3,'',32,2),(2143,'2024-12-14 12:14:34.290090','178','CEBALLOS, FERNANDO - 39610460 - 2024-11-08 - ❌ Ausente',3,'',32,2),(2144,'2024-12-14 12:14:34.290104','177','FIOL, JORGE LISANDRO - 38279683 - 2024-11-08 - ❌ Ausente',3,'',32,2),(2145,'2024-12-14 12:14:34.290118','176','TESTA, ENZO NICOLAS - 43230436 - 2024-11-08 - ❌ Ausente',3,'',32,2),(2146,'2024-12-14 12:14:34.290129','175','CABRAL, FACUNDO JULIAN - 43607689 - 2024-11-08 - ❌ Ausente',3,'',32,2),(2147,'2024-12-14 12:14:34.290138','174','GIUSTI, JULIO - 41484043 - 2024-11-08 - ❌ Ausente',3,'',32,2),(2148,'2024-12-14 12:14:34.290147','173','MARIZZA, JORGE - 40678625 - 2024-11-08 - ❌ Ausente',3,'',32,2),(2149,'2024-12-14 12:14:34.290158','172','BELTRAN, GABRIEL - 38279571 - 2024-11-08 - ❌ Ausente',3,'',32,2),(2150,'2024-12-14 12:14:34.290174','171','ARNAUD, JERONIMO - 43134653 - 2024-11-08 - ❌ Ausente',3,'',32,2),(2151,'2024-12-14 12:14:34.290184','170','QUINTEROS, BRUNO AGUSTIN - 42696371 - 2024-11-08 - ❌ Ausente',3,'',32,2),(2152,'2024-12-14 12:14:34.290194','169','FERRERI, MILTON - 40299956 - 2024-11-08 - ❌ Ausente',3,'',32,2),(2153,'2024-12-14 12:14:34.290204','168','LOMELLO, GONZALO - 30287386 - 2024-11-08 - ❌ Ausente',3,'',32,2),(2154,'2024-12-14 12:14:34.290236','167','CORONEL, ROMINA - 39176825 - 2024-11-08 - ❌ Ausente',3,'',32,2),(2155,'2024-12-14 12:14:34.290252','166','MASSAFARA, BRAIAN - 41888232 - 2024-11-08 - ❌ Ausente',3,'',32,2),(2156,'2024-12-14 12:14:34.290261','165','LOPEZ, RAYMUNDO - 37232850 - 2024-11-08 - ❌ Ausente',3,'',32,2),(2157,'2024-12-14 12:14:34.290271','164','MANIAS, LUCAS GABRIEL - 40026647 - 2024-11-08 - ❌ Ausente',3,'',32,2),(2158,'2024-12-14 12:14:34.290281','163','ACEVEDO, JULIETA - 40314005 - 2024-11-08 - ❌ Ausente',3,'',32,2),(2159,'2024-12-14 12:14:34.290292','162','ALLASIA, DAMIAN - 39824996 - 2024-11-08 - ❌ Ausente',3,'',32,2),(2160,'2024-12-14 12:14:34.290302','161','GOMEZ, FRANCISCO - 41994218 - 2024-11-08 - ❌ Ausente',3,'',32,2),(2161,'2024-12-14 12:14:34.290312','160','MOLINERO, JOAQUIN - 41280170 - 2024-11-08 - ❌ Ausente',3,'',32,2),(2162,'2024-12-14 12:14:34.290322','159','MARUCCO, NOELIA - 32599619 - 2024-11-08 - ❌ Ausente',3,'',32,2),(2163,'2024-12-14 12:14:34.290332','158','MATULICH, JOSE - 37850500 - 2024-11-08 - ❌ Ausente',3,'',32,2),(2164,'2024-12-14 12:14:34.290341','157','RODRIGUEZ, GASTON - 37165416 - 2024-11-08 - ❌ Ausente',3,'',32,2),(2165,'2024-12-14 12:14:34.290352','156','AVENDAÑO, DAREL - 40678696 - 2024-11-08 - ❌ Ausente',3,'',32,2),(2166,'2024-12-14 12:14:34.290362','155','MARIA, GONZALO - 38159134 - 2024-11-08 - ❌ Ausente',3,'',32,2),(2167,'2024-12-14 12:14:34.290371','154','FERREYRA, TOMAS - 40026784 - 2024-11-08 - ❌ Ausente',3,'',32,2),(2168,'2024-12-14 12:14:34.290381','153','ALMENARA, LIHUEN ANDRES - 41484063 - 2024-11-08 - ❌ Ausente',3,'',32,2),(2169,'2024-12-14 12:14:34.290390','152','ROJAS, OSCAR - 62778461 - 2024-11-08 - ❌ Ausente',3,'',32,2),(2170,'2024-12-14 12:14:34.290400','151','MORALES, LUCIANO N. - 36707429 - 2024-11-08 - ❌ Ausente',3,'',32,2),(2171,'2024-12-14 12:14:34.290410','150','MONTI, CHRISTIAN - 36707055 - 2024-11-08 - ❌ Ausente',3,'',32,2),(2172,'2024-12-14 12:14:34.290419','149','ZABALA, CARLOS F. - 37233007 - 2024-11-08 - ❌ Ausente',3,'',32,2),(2173,'2024-12-14 12:14:34.290429','148','GOLINELLI, MARTIN - 29519506 - 2024-11-08 - ❌ Ausente',3,'',32,2),(2174,'2024-12-14 12:14:34.290438','147','VIDELA, MAURICIO - 27673387 - 2024-11-08 - ❌ Ausente',3,'',32,2),(2175,'2024-12-14 12:14:34.290447','146','MATEUCI, SILVINA BELEN - 34965669 - 2024-11-08 - ❌ Ausente',3,'',32,2),(2176,'2024-12-14 12:14:34.290457','145','CANTARUTTI, FERNANDO - 37627948 - 2024-11-08 - ❌ Ausente',3,'',32,2),(2177,'2024-12-14 12:14:34.290466','144','DECO, RAFAEL EZEQUIEL - 39022473 - 2024-11-08 - ❌ Ausente',3,'',32,2),(2178,'2024-12-14 12:14:34.290476','143','VIOLA, HERNÁN MANUEL - 38279671 - 2024-11-08 - ❌ Ausente',3,'',32,2),(2179,'2024-12-14 12:14:34.290485','142','MARTINEZ, CARLOS - 13108031 - 2024-11-08 - ❌ Ausente',3,'',32,2),(2180,'2024-12-14 12:14:34.290495','141','SANTUCHO, MAXIMILIANO - 31731146 - 2024-11-08 - ❌ Ausente',3,'',32,2),(2181,'2024-12-14 12:14:34.290506','140','LOPEZ, DANILO - 33349984 - 2024-11-08 - ❌ Ausente',3,'',32,2),(2182,'2024-12-14 12:14:34.290515','139','DIAZ, LUCAS - 33920821 - 2024-11-08 - ❌ Ausente',3,'',32,2),(2183,'2024-12-14 12:14:34.290524','138','PIAZZA, JORGE - 29884270 - 2024-11-08 - ❌ Ausente',3,'',32,2),(2184,'2024-12-14 12:14:34.290533','137','PEREZ, NICOLAS - 28757702 - 2024-11-08 - ❌ Ausente',3,'',32,2),(2185,'2024-12-14 12:14:34.290543','136','LIOI, VICTOR - 22384294 - 2024-11-08 - ❌ Ausente',3,'',32,2),(2186,'2024-12-14 12:14:34.290552','135','JARA, RAMIRO - 34965695 - 2024-11-08 - ❌ Ausente',3,'',32,2),(2187,'2024-12-14 12:14:34.290564','134','GAUNA, LUCIANO - 29161251 - 2024-11-08 - ❌ Ausente',3,'',32,2),(2188,'2024-12-14 12:14:34.290574','133','CALDERON, CARLOS - 25040357 - 2024-11-08 - ❌ Ausente',3,'',32,2),(2189,'2024-12-14 12:14:34.290584','132','BAINOTTI, JORGE - 35669855 - 2024-11-08 - ❌ Ausente',3,'',32,2),(2190,'2024-12-14 12:14:34.290593','131','BALDAZAR, RAUL - 14281172 - 2024-11-08 - ❌ Ausente',3,'',32,2),(2191,'2024-12-14 12:14:34.290602','130','PIZARRO, LEANDRO E. - 39610329 - 2024-11-08 - ❌ Ausente',3,'',32,2),(2192,'2024-12-14 12:14:34.290612','129','PIZARRO, LEANDRO E. - 39610329 - 2024-11-05 - ❌ Ausente',3,'',32,2),(2193,'2024-12-14 12:14:34.290621','126','PIZARRO, LEANDRO E. - 39610329 - 2024-11-01 - ❌ Ausente',3,'',32,2),(2194,'2024-12-14 12:14:34.290630','125','PIZARRO, LEANDRO E. - 39610329 - 2024-10-30 - ❌ Ausente',3,'',32,2),(2195,'2024-12-14 12:14:34.290640','124','PIZARRO, LEANDRO E. - 39610329 - 2024-10-29 - ❌ Ausente',3,'',32,2),(2196,'2024-12-14 12:14:34.290650','123','PIZARRO, LEANDRO E. - 39610329 - 2024-10-07 - ❌ Ausente',3,'',32,2),(2197,'2024-12-14 12:14:34.290659','122','PIZARRO, LEANDRO E. - 39610329 - 2024-10-04 - ❌ Ausente',3,'',32,2),(2198,'2024-12-14 12:14:34.290668','121','PIZARRO, LEANDRO E. - 39610329 - 2024-09-24 - ❌ Ausente',3,'',32,2),(2199,'2024-12-14 12:14:34.290677','120','BALDAZAR, RAUL - 14281172 - 2024-09-14 - ❌ Ausente',3,'',32,2),(2200,'2024-12-14 12:14:34.290686','119','BALDAZAR, RAUL - 14281172 - 2024-09-13 - ❌ Ausente',3,'',32,2),(2201,'2024-12-14 12:14:34.290697','118','BAINOTTI, JORGE - 35669855 - 2024-09-13 - ❌ Ausente',3,'',32,2),(2202,'2024-12-14 12:14:34.290707','117','MASSAFARA, BRAIAN - 41888232 - 2024-09-13 - ❌ Ausente',3,'',32,2),(2203,'2024-12-14 12:14:34.290717','116','PIZARRO, LEANDRO E. - 39610329 - 2024-09-12 - ❌ Ausente',3,'',32,2),(2204,'2024-12-14 12:14:34.290727','115','PIZARRO, LEANDRO E. - 39610329 - 2024-09-11 - ❌ Ausente',3,'',32,2),(2205,'2024-12-14 12:14:34.290736','114','BALDAZAR, RAUL - 14281172 - 2024-09-05 - ❌ Ausente',3,'',32,2),(2206,'2024-12-14 12:14:34.290747','113','BALDAZAR, RAUL - 14281172 - 2024-09-04 - ❌ Ausente',3,'',32,2),(2207,'2024-12-14 12:14:34.290756','112','CORONEL, ROMINA - 39176825 - 2024-09-04 - ❌ Ausente',3,'',32,2),(2208,'2024-12-14 12:14:34.290766','111','PIAZZA, JORGE - 29884270 - 2024-09-03 - ❌ Ausente',3,'',32,2),(2209,'2024-12-14 12:14:34.290775','110','GOLINELLI, MARTIN - 29519506 - 2024-09-04 - ❌ Ausente',3,'',32,2),(2210,'2024-12-14 12:14:34.290786','109','GOLINELLI, MARTIN - 29519506 - 2024-09-03 - ❌ Ausente',3,'',32,2),(2211,'2024-12-14 12:14:34.290795','108','SANTUCHO, MAXIMILIANO - 31731146 - 2024-09-03 - ❌ Ausente',3,'',32,2),(2212,'2024-12-14 12:14:34.290804','107','BELTRAN, GABRIEL - 38279571 - 2024-09-03 - ❌ Ausente',3,'',32,2),(2213,'2024-12-14 12:14:34.290813','106','JARA, RAMIRO - 34965695 - 2024-09-04 - ❌ Ausente',3,'',32,2),(2214,'2024-12-14 12:14:34.290822','105','JARA, RAMIRO - 34965695 - 2024-09-03 - ❌ Ausente',3,'',32,2),(2215,'2024-12-14 12:14:34.290831','104','BAINOTTI, JORGE - 35669855 - 2024-09-04 - ❌ Ausente',3,'',32,2),(2216,'2024-12-14 12:14:34.290841','103','BALDAZAR, RAUL - 14281172 - 2024-09-03 - ❌ Ausente',3,'',32,2),(2217,'2024-12-14 12:14:34.290850','102','BALDAZAR, RAUL - 14281172 - 2024-09-02 - ❌ Ausente',3,'',32,2),(2218,'2024-12-14 12:14:34.290860','101','ALMENARA, LIHUEN ANDRES - 41484063 - 2024-09-04 - ❌ Ausente',3,'',32,2),(2219,'2024-12-14 12:14:34.290871','100','ALMENARA, LIHUEN ANDRES - 41484063 - 2024-09-03 - ❌ Ausente',3,'',32,2),(2220,'2024-12-14 12:14:34.290880','99','CALDERON, CARLOS - 25040357 - 2024-09-03 - ❌ Ausente',3,'',32,2),(2221,'2024-12-14 12:14:34.290889','98','CALDERON, CARLOS - 25040357 - 2024-09-02 - ❌ Ausente',3,'',32,2),(2222,'2024-12-14 12:14:34.290898','97','MASSAFARA, BRAIAN - 41888232 - 2024-09-03 - ❌ Ausente',3,'',32,2),(2223,'2024-12-14 12:14:34.290909','96','BAINOTTI, JORGE - 35669855 - 2024-09-03 - ❌ Ausente',3,'',32,2),(2224,'2024-12-14 12:14:34.290918','95','GAUNA, LUCIANO - 29161251 - 2024-09-04 - ❌ Ausente',3,'',32,2),(2225,'2024-12-14 12:14:34.290928','94','GAUNA, LUCIANO - 29161251 - 2024-09-03 - ❌ Ausente',3,'',32,2),(2226,'2024-12-14 12:14:34.290938','93','PIZARRO, LEANDRO E. - 39610329 - 2024-09-04 - ❌ Ausente',3,'',32,2),(2227,'2024-12-14 12:14:34.290948','92','PIZARRO, LEANDRO E. - 39610329 - 2024-09-03 - ❌ Ausente',3,'',32,2),(2228,'2024-12-14 12:14:34.290957','91','BAINOTTI, JORGE - 35669855 - 2024-09-02 - ❌ Ausente',3,'',32,2),(2229,'2024-12-14 12:14:34.290966','89','BELTRAN, GERMAN - 39326346 - 2024-09-02 - ❌ Ausente',3,'',32,2),(2230,'2024-12-14 12:14:34.290982','88','PIZARRO, LEANDRO E. - 39610329 - 2024-09-02 - ❌ Ausente',3,'',32,2),(2231,'2024-12-14 12:14:34.290994','72','MORANGE, AGUSTIN - 46512137 - 2024-08-26 - ❌ Ausente',3,'',32,2),(2232,'2024-12-14 12:14:34.291004','71','PIERMARINI, FACUNDO FABIAN - 41484145 - 2024-08-26 - ❌ Ausente',3,'',32,2),(2233,'2024-12-14 12:14:34.291014','70','GOLINELLI, BLAS - 37232833 - 2024-08-26 - ❌ Ausente',3,'',32,2),(2234,'2024-12-14 12:14:34.291024','69','FUSI, LUCAS ALEJANDRO - 43675844 - 2024-08-26 - ❌ Ausente',3,'',32,2),(2235,'2024-12-14 12:14:34.291036','68','CROGNALI, LEONARLO DAVID - 44898882 - 2024-08-26 - ❌ Ausente',3,'',32,2),(2236,'2024-12-14 12:14:34.291046','67','GIMENEZ, BENJAMIN JOSUE - 45937356 - 2024-08-26 - ❌ Ausente',3,'',32,2),(2237,'2024-12-14 12:14:34.291057','66','FUENTES, FRANCISCO LUIS - 44296925 - 2024-08-26 - ❌ Ausente',3,'',32,2),(2238,'2024-12-14 12:14:34.291067','65','BURGOS, FACUNDO SEBASTIAN - 41280065 - 2024-08-26 - ❌ Ausente',3,'',32,2),(2239,'2024-12-14 12:14:34.291076','64','JARA, DANIEL ELIAS - 38164470 - 2024-08-26 - ❌ Ausente',3,'',32,2),(2240,'2024-12-14 12:14:34.291086','63','DOMINGUEZ, FERNANDO ARIEL - 24726499 - 2024-08-26 - ❌ Ausente',3,'',32,2),(2241,'2024-12-14 12:14:34.291095','62','BAIOCCHI, SANTIAGO NICOLAS - 37232760 - 2024-08-26 - ❌ Ausente',3,'',32,2),(2242,'2024-12-14 12:14:34.291105','61','BELTRAN, GERMAN - 39326346 - 2024-08-26 - ❌ Ausente',3,'',32,2),(2243,'2024-12-14 12:14:34.291115','60','RODRIGUEZ, TICIANO - 45836980 - 2024-08-26 - ❌ Ausente',3,'',32,2),(2244,'2024-12-14 12:14:34.291125','59','VILLALBA, RICARDO ALFREDO - 35669686 - 2024-08-26 - ❌ Ausente',3,'',32,2),(2245,'2024-12-14 12:14:34.291134','58','TURRIN, AXEL ARIEL - 38158188 - 2024-08-26 - ❌ Ausente',3,'',32,2),(2246,'2024-12-14 12:14:34.291144','57','LAZO, MATIAS - 45352705 - 2024-08-26 - ❌ Ausente',3,'',32,2),(2247,'2024-12-14 12:14:34.291154','56','WYSS, TOBIAS - 45836909 - 2024-08-26 - ❌ Ausente',3,'',32,2),(2248,'2024-12-14 12:14:34.291164','55','VILLEGAS, EMMANUEL - 36707330 - 2024-08-26 - ❌ Ausente',3,'',32,2),(2249,'2024-12-14 12:14:34.291173','54','ARGUELLO, HUGO FABRICIO - 38279585 - 2024-08-26 - ❌ Ausente',3,'',32,2),(2250,'2024-12-14 12:14:34.291183','53','SAAB, AGUSTIN GABRIEL - 37627901 - 2024-08-26 - ❌ Ausente',3,'',32,2),(2251,'2024-12-14 12:14:34.291193','52','JARA, DIEGO - 28816742 - 2024-08-26 - ❌ Ausente',3,'',32,2),(2252,'2024-12-14 12:14:34.291203','51','DI CROCE, JESSICA - 43015155 - 2024-08-26 - ❌ Ausente',3,'',32,2),(2253,'2024-12-14 12:14:34.291213','50','ALBA, GERARDO - 43675993 - 2024-08-26 - ❌ Ausente',3,'',32,2),(2254,'2024-12-14 12:14:34.291222','49','CEBALLOS, FERNANDO - 39610460 - 2024-08-26 - ❌ Ausente',3,'',32,2),(2255,'2024-12-14 12:14:34.291231','48','FIOL, JORGE LISANDRO - 38279683 - 2024-08-26 - ❌ Ausente',3,'',32,2),(2256,'2024-12-14 12:14:34.291240','47','TESTA, ENZO NICOLAS - 43230436 - 2024-08-26 - ❌ Ausente',3,'',32,2),(2257,'2024-12-14 12:14:34.291250','46','CABRAL, FACUNDO JULIAN - 43607689 - 2024-08-26 - ❌ Ausente',3,'',32,2),(2258,'2024-12-14 12:14:34.291259','45','GIUSTI, JULIO - 41484043 - 2024-08-26 - ❌ Ausente',3,'',32,2),(2259,'2024-12-14 12:14:34.291268','44','MARIZZA, JORGE - 40678625 - 2024-08-26 - ❌ Ausente',3,'',32,2),(2260,'2024-12-14 12:14:34.291277','43','BELTRAN, GABRIEL - 38279571 - 2024-08-26 - ❌ Ausente',3,'',32,2),(2261,'2024-12-14 12:14:34.291287','42','ARNAUD, JERONIMO - 43134653 - 2024-08-26 - ❌ Ausente',3,'',32,2),(2262,'2024-12-14 12:14:34.291296','41','QUINTEROS, BRUNO AGUSTIN - 42696371 - 2024-08-26 - ❌ Ausente',3,'',32,2),(2263,'2024-12-14 12:14:34.291306','40','FERRERI, MILTON - 40299956 - 2024-08-26 - ❌ Ausente',3,'',32,2),(2264,'2024-12-14 12:14:34.291315','39','LOMELLO, GONZALO - 30287386 - 2024-08-26 - ❌ Ausente',3,'',32,2),(2265,'2024-12-14 12:14:34.291325','38','CORONEL, ROMINA - 39176825 - 2024-08-26 - ❌ Ausente',3,'',32,2),(2266,'2024-12-14 12:14:34.291335','37','MASSAFARA, BRAIAN - 41888232 - 2024-08-26 - ❌ Ausente',3,'',32,2),(2267,'2024-12-14 12:14:34.291346','36','LOPEZ, RAYMUNDO - 37232850 - 2024-08-26 - ❌ Ausente',3,'',32,2),(2268,'2024-12-14 12:14:34.291357','35','MANIAS, LUCAS GABRIEL - 40026647 - 2024-08-26 - ❌ Ausente',3,'',32,2),(2269,'2024-12-14 12:14:34.291366','34','ACEVEDO, JULIETA - 40314005 - 2024-08-26 - ❌ Ausente',3,'',32,2),(2270,'2024-12-14 12:14:34.291376','33','ALLASIA, DAMIAN - 39824996 - 2024-08-26 - ❌ Ausente',3,'',32,2),(2271,'2024-12-14 12:14:34.291386','32','GOMEZ, FRANCISCO - 41994218 - 2024-08-26 - ❌ Ausente',3,'',32,2),(2272,'2024-12-14 12:14:34.291396','31','MOLINERO, JOAQUIN - 41280170 - 2024-08-26 - ❌ Ausente',3,'',32,2),(2273,'2024-12-14 12:14:34.291406','30','MARUCCO, NOELIA - 32599619 - 2024-08-26 - ❌ Ausente',3,'',32,2),(2274,'2024-12-14 12:14:34.291416','29','MATULICH, JOSE - 37850500 - 2024-08-26 - ❌ Ausente',3,'',32,2),(2275,'2024-12-14 12:14:34.291425','28','RODRIGUEZ, GASTON - 37165416 - 2024-08-26 - ❌ Ausente',3,'',32,2),(2276,'2024-12-14 12:14:34.291435','27','AVENDAÑO, DAREL - 40678696 - 2024-08-26 - ❌ Ausente',3,'',32,2),(2277,'2024-12-14 12:14:34.291445','26','MARIA, GONZALO - 38159134 - 2024-08-26 - ❌ Ausente',3,'',32,2),(2278,'2024-12-14 12:14:34.291454','25','FERREYRA, TOMAS - 40026784 - 2024-08-26 - ❌ Ausente',3,'',32,2),(2279,'2024-12-14 12:14:34.291467','24','ALMENARA, LIHUEN ANDRES - 41484063 - 2024-08-26 - ❌ Ausente',3,'',32,2),(2280,'2024-12-14 12:14:34.291477','23','ROJAS, OSCAR - 62778461 - 2024-08-26 - ❌ Ausente',3,'',32,2),(2281,'2024-12-14 12:14:34.291486','22','MORALES, LUCIANO N. - 36707429 - 2024-08-26 - ❌ Ausente',3,'',32,2),(2282,'2024-12-14 12:14:34.291495','21','MONTI, CHRISTIAN - 36707055 - 2024-08-26 - ❌ Ausente',3,'',32,2),(2283,'2024-12-14 12:14:34.291505','20','PIZARRO, LEANDRO E. - 39610329 - 2024-08-26 - ❌ Ausente',3,'',32,2),(2284,'2024-12-14 12:14:34.291515','19','ZABALA, CARLOS F. - 37233007 - 2024-08-26 - ❌ Ausente',3,'',32,2),(2285,'2024-12-14 12:14:34.291525','18','GOLINELLI, MARTIN - 29519506 - 2024-08-26 - ❌ Ausente',3,'',32,2),(2286,'2024-12-14 12:14:34.291535','17','VIDELA, MAURICIO - 27673387 - 2024-08-26 - ❌ Ausente',3,'',32,2),(2287,'2024-12-14 12:14:34.291544','16','MATEUCI, SILVINA BELEN - 34965669 - 2024-08-26 - ❌ Ausente',3,'',32,2),(2288,'2024-12-14 12:14:34.291553','15','CANTARUTTI, FERNANDO - 37627948 - 2024-08-26 - ❌ Ausente',3,'',32,2),(2289,'2024-12-14 12:14:34.291563','14','DECO, RAFAEL EZEQUIEL - 39022473 - 2024-08-26 - ❌ Ausente',3,'',32,2),(2290,'2024-12-14 12:14:34.291573','13','VIOLA, HERNÁN MANUEL - 38279671 - 2024-08-26 - ❌ Ausente',3,'',32,2),(2291,'2024-12-14 12:14:34.291582','12','MARTINEZ, CARLOS - 13108031 - 2024-08-26 - ❌ Ausente',3,'',32,2),(2292,'2024-12-14 12:14:34.291591','11','SANTUCHO, MAXIMILIANO - 31731146 - 2024-08-26 - ❌ Ausente',3,'',32,2),(2293,'2024-12-14 12:14:34.291601','10','LOPEZ, DANILO - 33349984 - 2024-08-26 - ❌ Ausente',3,'',32,2),(2294,'2024-12-14 12:14:34.291610','9','DIAZ, LUCAS - 33920821 - 2024-08-26 - ❌ Ausente',3,'',32,2),(2295,'2024-12-14 12:14:34.291619','8','PIAZZA, JORGE - 29884270 - 2024-08-26 - ❌ Ausente',3,'',32,2),(2296,'2024-12-14 12:14:34.291629','7','PEREZ, NICOLAS - 28757702 - 2024-08-26 - ❌ Ausente',3,'',32,2),(2297,'2024-12-14 12:14:34.291639','6','LIOI, VICTOR - 22384294 - 2024-08-26 - ❌ Ausente',3,'',32,2),(2298,'2024-12-14 12:14:34.291649','5','JARA, RAMIRO - 34965695 - 2024-08-26 - ❌ Ausente',3,'',32,2),(2299,'2024-12-14 12:14:34.291660','4','GAUNA, LUCIANO - 29161251 - 2024-08-26 - ❌ Ausente',3,'',32,2),(2300,'2024-12-14 12:14:34.291670','3','CALDERON, CARLOS - 25040357 - 2024-08-26 - ❌ Ausente',3,'',32,2),(2301,'2024-12-14 12:14:34.291679','2','BAINOTTI, JORGE - 35669855 - 2024-08-26 - ❌ Ausente',3,'',32,2),(2302,'2024-12-14 12:14:34.291689','1','BALDAZAR, RAUL - 14281172 - 2024-08-26 - ❌ Ausente',3,'',32,2),(2303,'2024-12-14 12:15:27.405411','153','Horas_trabajadas object (153)',3,'',26,2),(2304,'2024-12-14 12:15:27.405431','152','Horas_trabajadas object (152)',3,'',26,2),(2305,'2024-12-14 12:15:32.868149','131','Horas_extras object (131)',3,'',27,2),(2306,'2024-12-14 12:15:32.868169','130','Horas_extras object (130)',3,'',27,2),(2307,'2024-12-14 12:15:43.537800','94','Horas_totales object (94)',3,'',28,2),(2308,'2024-12-14 12:15:54.501604','750','PIZARRO, LEANDRO E. - 39610329 - salida - 2024/12/14 12:04:06',3,'',21,2),(2309,'2024-12-14 12:15:54.501629','749','PIZARRO, LEANDRO E. - 39610329 - entrada - 2024/12/14 12:04:04',3,'',21,2),(2310,'2024-12-14 12:15:54.501641','748','PIZARRO, LEANDRO E. - 39610329 - salida - 2024/12/14 12:04:00',3,'',21,2),(2311,'2024-12-14 12:15:54.501651','747','PIZARRO, LEANDRO E. - 39610329 - entrada - 2024/12/14 12:03:57',3,'',21,2),(2312,'2024-12-14 12:16:28.515051','751','PIZARRO, LEANDRO E. - 39610329 - entrada - 2024/12/13 20:38:50',1,'[{\"added\": {}}]',21,2),(2313,'2024-12-14 12:16:51.766703','752','PIZARRO, LEANDRO E. - 39610329 - salida - 2024/12/14 05:16:37',1,'[{\"added\": {}}]',21,2),(2314,'2024-12-14 12:45:00.540749','752','PIZARRO, LEANDRO E. - 39610329 - salida - 2024/12/14 05:16:37',3,'',21,2),(2315,'2024-12-14 12:45:00.540781','751','PIZARRO, LEANDRO E. - 39610329 - entrada - 2024/12/13 20:38:50',3,'',21,2),(2316,'2024-12-14 12:45:07.241455','155','Horas_trabajadas object (155)',3,'',26,2),(2317,'2024-12-14 12:45:07.241516','154','Horas_trabajadas object (154)',3,'',26,2),(2318,'2024-12-14 12:45:14.450507','133','Horas_extras object (133)',3,'',27,2),(2319,'2024-12-14 12:45:14.450541','132','Horas_extras object (132)',3,'',27,2),(2320,'2024-12-14 12:45:23.215615','95','Horas_totales object (95)',3,'',28,2),(2321,'2024-12-14 12:45:38.693958','781','PIZARRO, LEANDRO E. - 39610329 - 2024-12-14 - ❌ Ausente',3,'',32,2),(2322,'2024-12-14 12:45:38.693991','780','PIZARRO, LEANDRO E. - 39610329 - 2024-12-13 - ❌ Ausente',3,'',32,2),(2323,'2024-12-14 12:46:07.570450','753','PIZARRO, LEANDRO E. - 39610329 - entrada - 2024/12/13 20:35:50',1,'[{\"added\": {}}]',21,2),(2324,'2024-12-14 12:46:24.469778','754','PIZARRO, LEANDRO E. - 39610329 - salida - 2024/12/14 05:02:33',1,'[{\"added\": {}}]',21,2),(2325,'2024-12-14 12:46:59.077689','755','MASSAFARA, BRAIAN - 41888232 - entrada - 2024/12/14 04:38:24',1,'[{\"added\": {}}]',21,2),(2326,'2024-12-14 12:47:18.608441','756','MASSAFARA, BRAIAN - 41888232 - salida - 2024/12/14 13:01:14',1,'[{\"added\": {}}]',21,2),(2327,'2024-12-14 12:49:30.861473','757','PIERMARINI, FACUNDO FABIAN - 41484145 - entrada - 2024/12/13 20:48:13',1,'[{\"added\": {}}]',21,2),(2328,'2024-12-14 12:49:49.832140','758','PIERMARINI, FACUNDO FABIAN - 41484145 - salida - 2024/12/14 05:23:14',1,'[{\"added\": {}}]',21,2),(2329,'2024-12-14 12:50:50.766830','759','BAINOTTI, JORGE - 35669855 - entrada - 2024/12/13 06:50:40',1,'[{\"added\": {}}]',21,2),(2330,'2024-12-14 12:51:19.193531','760','BAINOTTI, JORGE - 35669855 - salida - 2024/12/13 15:33:12',1,'[{\"added\": {}}]',21,2),(2331,'2024-12-14 12:58:33.295504','762','BALDAZAR, RAUL - 14281172 - entrada - 2024/12/13 20:48:47',1,'[{\"added\": {}}]',21,2),(2332,'2024-12-14 12:58:50.108612','763','BALDAZAR, RAUL - 14281172 - salida - 2024/12/14 05:10:20',1,'[{\"added\": {}}]',21,2),(2333,'2024-12-16 09:58:42.414597','764','BALDAZAR, RAUL - 14281172 - entrada - 2024/12/15 20:18:53',1,'[{\"added\": {}}]',21,2),(2334,'2024-12-16 09:59:01.037238','765','BALDAZAR, RAUL - 14281172 - salida - 2024/12/16 05:02:00',1,'[{\"added\": {}}]',21,2),(2335,'2024-12-16 10:01:29.010088','766','MANIAS, LUCAS GABRIEL - 40026647 - entrada - 2024/12/05 20:39:43',1,'[{\"added\": {}}]',21,2),(2336,'2024-12-16 10:01:53.195130','767','MANIAS, LUCAS GABRIEL - 40026647 - salida - 2024/12/13 05:01:00',1,'[{\"added\": {}}]',21,2),(2337,'2024-12-16 10:02:04.171358','766','MANIAS, LUCAS GABRIEL - 40026647 - entrada - 2024/12/12 20:39:43',2,'[{\"changed\": {\"fields\": [\"Hora fichada\"]}}]',21,2),(2338,'2024-12-16 10:29:13.395854','768','PIZARRO, LEANDRO E. - 39610329 - entrada - 2024/12/16 07:59:20',1,'[{\"added\": {}}]',21,2),(2339,'2024-12-16 10:29:29.231643','769','PIZARRO, LEANDRO E. - 39610329 - salida - 2024/12/16 16:19:22',1,'[{\"added\": {}}]',21,2),(2340,'2024-12-16 10:30:12.438986','770','PIZARRO, LEANDRO E. - 39610329 - entrada - 2024/12/17 07:30:05',1,'[{\"added\": {}}]',21,2),(2341,'2024-12-16 10:30:32.869288','771','PIZARRO, LEANDRO E. - 39610329 - salida - 2024/12/17 16:22:25',1,'[{\"added\": {}}]',21,2),(2342,'2024-12-16 11:24:02.743610','771','PIZARRO, LEANDRO E. - 39610329 - salida - 2024/12/17 16:22:25',3,'',21,2),(2343,'2024-12-16 11:24:02.743677','770','PIZARRO, LEANDRO E. - 39610329 - entrada - 2024/12/17 07:30:05',3,'',21,2),(2344,'2024-12-16 11:24:02.743705','769','PIZARRO, LEANDRO E. - 39610329 - salida - 2024/12/16 16:19:22',3,'',21,2),(2345,'2024-12-16 11:24:02.743722','768','PIZARRO, LEANDRO E. - 39610329 - entrada - 2024/12/16 07:59:20',3,'',21,2),(2346,'2024-12-16 12:29:15.704973','778','MASSAFARA, BRAIAN - 41888232 - salida_transitoria - 2024/12/16 11:43:31',2,'[{\"changed\": {\"fields\": [\"Valido\"]}}]',21,2),(2347,'2024-12-16 12:29:20.412213','778','MASSAFARA, BRAIAN - 41888232 - salida_transitoria - 2024/12/16 11:43:31',2,'[{\"changed\": {\"fields\": [\"Valido\"]}}]',21,2),(2348,'2024-12-16 13:01:08.127378','937','PIZARRO, LEANDRO E. - 39610329 - 2024-12-17 - ❌ Ausente',3,'',32,2),(2349,'2024-12-16 13:02:14.177648','779','BALDAZAR, RAUL - 14281172 - entrada - 2024/12/17 05:29:24',1,'[{\"added\": {}}]',21,2),(2350,'2024-12-16 13:02:35.394623','780','BALDAZAR, RAUL - 14281172 - salida - 2024/12/17 13:01:45',1,'[{\"added\": {}}]',21,2),(2351,'2024-12-16 13:03:03.117145','777','MASSAFARA, BRAIAN - 41888232 - salida - 2024/12/16 11:43:25',2,'[{\"changed\": {\"fields\": [\"Valido\"]}}]',21,2),(2352,'2024-12-16 13:03:51.833359','776','MASSAFARA, BRAIAN - 41888232 - entrada - 2024/12/16 04:43:12',2,'[{\"changed\": {\"fields\": [\"Hora fichada\"]}}]',21,2),(2353,'2024-12-16 15:30:02.979687','784','MASSAFARA, BRAIAN - 41888232 - entrada_transitoria - 2024/12/16 15:22:15',3,'',21,2),(2354,'2024-12-16 15:30:02.979718','783','MASSAFARA, BRAIAN - 41888232 - salida_transitoria - 2024/12/16 15:22:10',3,'',21,2),(2355,'2024-12-16 15:30:02.979730','782','MASSAFARA, BRAIAN - 41888232 - entrada - 2024/12/16 15:22:00',3,'',21,2),(2356,'2024-12-16 15:30:02.979740','781','MASSAFARA, BRAIAN - 41888232 - entrada_transitoria - 2024/12/16 15:02:35',3,'',21,2),(2357,'2024-12-16 15:30:02.979750','780','BALDAZAR, RAUL - 14281172 - salida - 2024/12/17 13:01:45',3,'',21,2),(2358,'2024-12-16 15:30:02.979759','779','BALDAZAR, RAUL - 14281172 - entrada - 2024/12/17 05:29:24',3,'',21,2),(2359,'2024-12-16 15:30:02.979769','778','MASSAFARA, BRAIAN - 41888232 - salida_transitoria - 2024/12/16 11:43:31',3,'',21,2),(2360,'2024-12-16 15:30:02.979783','777','MASSAFARA, BRAIAN - 41888232 - salida - 2024/12/16 11:43:25',3,'',21,2),(2361,'2024-12-16 15:30:02.979794','776','MASSAFARA, BRAIAN - 41888232 - entrada - 2024/12/16 04:43:12',3,'',21,2),(2362,'2024-12-16 15:30:02.979804','775','PIZARRO, LEANDRO E. - 39610329 - salida - 2024/12/16 11:38:51',3,'',21,2),(2363,'2024-12-16 15:30:02.979813','774','PIZARRO, LEANDRO E. - 39610329 - entrada_transitoria - 2024/12/16 11:38:47',3,'',21,2),(2364,'2024-12-16 15:30:02.979823','773','PIZARRO, LEANDRO E. - 39610329 - salida_transitoria - 2024/12/16 11:38:44',3,'',21,2),(2365,'2024-12-16 15:30:02.979831','772','PIZARRO, LEANDRO E. - 39610329 - entrada - 2024/12/16 11:24:23',3,'',21,2),(2366,'2024-12-16 15:30:02.979841','767','MANIAS, LUCAS GABRIEL - 40026647 - salida - 2024/12/13 05:01:00',3,'',21,2),(2367,'2024-12-16 15:30:02.979850','766','MANIAS, LUCAS GABRIEL - 40026647 - entrada - 2024/12/12 20:39:43',3,'',21,2),(2368,'2024-12-16 15:30:02.979860','765','BALDAZAR, RAUL - 14281172 - salida - 2024/12/16 05:02:00',3,'',21,2),(2369,'2024-12-16 15:30:02.979872','764','BALDAZAR, RAUL - 14281172 - entrada - 2024/12/15 20:18:53',3,'',21,2),(2370,'2024-12-16 15:30:02.979880','763','BALDAZAR, RAUL - 14281172 - salida - 2024/12/14 05:10:20',3,'',21,2),(2371,'2024-12-16 15:30:02.979889','762','BALDAZAR, RAUL - 14281172 - entrada - 2024/12/13 20:48:47',3,'',21,2),(2372,'2024-12-16 15:30:02.979898','760','BAINOTTI, JORGE - 35669855 - salida - 2024/12/13 15:33:12',3,'',21,2),(2373,'2024-12-16 15:30:02.979906','759','BAINOTTI, JORGE - 35669855 - entrada - 2024/12/13 06:50:40',3,'',21,2),(2374,'2024-12-16 15:30:02.979915','758','PIERMARINI, FACUNDO FABIAN - 41484145 - salida - 2024/12/14 05:23:14',3,'',21,2),(2375,'2024-12-16 15:30:02.979923','757','PIERMARINI, FACUNDO FABIAN - 41484145 - entrada - 2024/12/13 20:48:13',3,'',21,2),(2376,'2024-12-16 15:30:02.979932','756','MASSAFARA, BRAIAN - 41888232 - salida - 2024/12/14 13:01:14',3,'',21,2),(2377,'2024-12-16 15:30:02.979941','755','MASSAFARA, BRAIAN - 41888232 - entrada - 2024/12/14 04:38:24',3,'',21,2),(2378,'2024-12-16 15:30:02.979950','754','PIZARRO, LEANDRO E. - 39610329 - salida - 2024/12/14 05:02:33',3,'',21,2),(2379,'2024-12-16 15:30:02.979958','753','PIZARRO, LEANDRO E. - 39610329 - entrada - 2024/12/13 20:35:50',3,'',21,2),(2380,'2024-12-16 15:30:02.979967','739','BELTRAN, GABRIEL - 38279571 - salida - 2024/12/14 13:03:06',3,'',21,2),(2381,'2024-12-16 15:30:02.979975','738','BELTRAN, GABRIEL - 38279571 - entrada - 2024/12/14 04:48:49',3,'',21,2),(2382,'2024-12-17 08:21:38.280094','793','PIZARRO, LEANDRO E. - 39610329 - entrada_transitoria - 2024/12/17 08:20:12',3,'',21,2),(2383,'2024-12-17 08:21:38.280131','792','PIZARRO, LEANDRO E. - 39610329 - salida_transitoria - 2024/12/17 08:20:10',3,'',21,2),(2384,'2024-12-17 08:21:38.280143','791','PIZARRO, LEANDRO E. - 39610329 - entrada - 2024/12/17 08:20:06',3,'',21,2),(2385,'2024-12-17 08:21:38.280153','790','PIZARRO, LEANDRO E. - 39610329 - salida - 2024/12/17 08:20:01',3,'',21,2),(2386,'2024-12-17 08:21:38.280162','789','PIZARRO, LEANDRO E. - 39610329 - entrada_transitoria - 2024/12/16 15:30:26',3,'',21,2),(2387,'2024-12-17 08:21:38.280172','788','PIZARRO, LEANDRO E. - 39610329 - salida_transitoria - 2024/12/16 15:30:22',3,'',21,2),(2388,'2024-12-17 08:21:38.280181','787','PIZARRO, LEANDRO E. - 39610329 - entrada_transitoria - 2024/12/16 15:30:16',3,'',21,2),(2389,'2024-12-17 08:21:38.280194','786','PIZARRO, LEANDRO E. - 39610329 - salida_transitoria - 2024/12/16 15:30:13',3,'',21,2),(2390,'2024-12-17 08:21:38.280203','785','PIZARRO, LEANDRO E. - 39610329 - entrada - 2024/12/16 15:30:09',3,'',21,2),(2391,'2024-12-17 08:22:00.999290','794','PIZARRO, LEANDRO E. - 39610329 - entrada - 2024/12/17 07:31:54',1,'[{\"added\": {}}]',21,2),(2392,'2024-12-17 08:37:45.830649','798','PIZARRO, LEANDRO E. - 39610329 - salida - 2024/12/17 08:22:30',3,'',21,2),(2393,'2024-12-17 08:37:45.830687','797','PIZARRO, LEANDRO E. - 39610329 - entrada - 2024/12/17 08:22:27',3,'',21,2),(2394,'2024-12-17 08:37:45.830699','796','PIZARRO, LEANDRO E. - 39610329 - entrada_transitoria - 2024/12/17 08:22:22',3,'',21,2),(2395,'2024-12-17 08:37:45.830709','795','PIZARRO, LEANDRO E. - 39610329 - salida_transitoria - 2024/12/17 08:22:18',3,'',21,2),(2396,'2024-12-17 08:37:45.830719','794','PIZARRO, LEANDRO E. - 39610329 - entrada - 2024/12/17 07:31:54',3,'',21,2),(2397,'2024-12-17 08:40:59.663943','803','MASSAFARA, BRAIAN - 41888232 - entrada - 2024/12/17 04:35:28',1,'[{\"added\": {}}]',21,2),(2398,'2024-12-17 08:41:12.761764','804','MASSAFARA, BRAIAN - 41888232 - salida_transitoria - 2024/12/17 08:41:10',1,'[{\"added\": {}}]',21,2),(2399,'2024-12-17 09:05:44.606283','807','MASSAFARA, BRAIAN - 41888232 - entrada - 2024/12/17 08:56:38',3,'',21,2),(2400,'2024-12-17 09:05:44.606350','806','MASSAFARA, BRAIAN - 41888232 - salida_transitoria - 2024/12/17 08:56:29',3,'',21,2),(2401,'2024-12-17 09:05:44.606366','805','MASSAFARA, BRAIAN - 41888232 - entrada_transitoria - 2024/12/17 08:56:20',3,'',21,2),(2402,'2024-12-17 09:05:44.606378','804','MASSAFARA, BRAIAN - 41888232 - salida_transitoria - 2024/12/17 08:41:10',3,'',21,2),(2403,'2024-12-17 09:05:44.606391','803','MASSAFARA, BRAIAN - 41888232 - entrada - 2024/12/17 04:35:28',3,'',21,2),(2404,'2024-12-17 09:05:44.606403','802','PIZARRO, LEANDRO E. - 39610329 - salida - 2024/12/17 08:38:28',3,'',21,2),(2405,'2024-12-17 09:05:44.606416','801','PIZARRO, LEANDRO E. - 39610329 - entrada_transitoria - 2024/12/17 08:38:03',3,'',21,2),(2406,'2024-12-17 09:05:44.606435','800','PIZARRO, LEANDRO E. - 39610329 - salida_transitoria - 2024/12/17 08:38:00',3,'',21,2),(2407,'2024-12-17 09:05:44.606452','799','PIZARRO, LEANDRO E. - 39610329 - entrada - 2024/12/17 08:37:57',3,'',21,2),(2408,'2024-12-17 09:19:30.668296','813','PIZARRO, LEANDRO E. - 39610329 - entrada_transitoria - 2024/12/17 09:07:52',3,'',21,2),(2409,'2024-12-17 09:19:30.668351','812','PIZARRO, LEANDRO E. - 39610329 - salida_transitoria - 2024/12/17 09:07:49',3,'',21,2),(2410,'2024-12-17 09:19:30.668371','811','PIZARRO, LEANDRO E. - 39610329 - entrada_transitoria - 2024/12/17 09:07:47',3,'',21,2),(2411,'2024-12-17 09:19:30.668383','810','PIZARRO, LEANDRO E. - 39610329 - salida_transitoria - 2024/12/17 09:07:44',3,'',21,2),(2412,'2024-12-17 09:19:30.668393','809','PIZARRO, LEANDRO E. - 39610329 - entrada - 2024/12/17 09:05:55',3,'',21,2),(2413,'2024-12-17 09:19:30.668403','808','PIZARRO, LEANDRO E. - 39610329 - entrada - 2024/12/17 09:05:52',3,'',21,2),(2414,'2024-12-17 09:25:30.646468','823','PIZARRO, LEANDRO E. - 39610329 - salida - 2024/12/17 09:20:21',3,'',21,2),(2415,'2024-12-17 09:25:30.646500','822','PIZARRO, LEANDRO E. - 39610329 - entrada_transitoria - 2024/12/17 09:20:19',3,'',21,2),(2416,'2024-12-17 09:25:30.646512','821','PIZARRO, LEANDRO E. - 39610329 - salida_transitoria - 2024/12/17 09:20:15',3,'',21,2),(2417,'2024-12-17 09:25:30.646522','820','PIZARRO, LEANDRO E. - 39610329 - salida - 2024/12/17 09:20:13',3,'',21,2),(2418,'2024-12-17 09:25:30.646531','819','PIZARRO, LEANDRO E. - 39610329 - entrada - 2024/12/17 09:20:11',3,'',21,2),(2419,'2024-12-17 09:25:30.646540','818','PIZARRO, LEANDRO E. - 39610329 - entrada_transitoria - 2024/12/17 09:20:08',3,'',21,2),(2420,'2024-12-17 09:25:30.646549','817','PIZARRO, LEANDRO E. - 39610329 - entrada_transitoria - 2024/12/17 09:20:06',3,'',21,2),(2421,'2024-12-17 09:25:30.646562','816','PIZARRO, LEANDRO E. - 39610329 - salida_transitoria - 2024/12/17 09:19:41',3,'',21,2),(2422,'2024-12-17 09:25:30.646572','815','PIZARRO, LEANDRO E. - 39610329 - salida_transitoria - 2024/12/17 09:19:39',3,'',21,2),(2423,'2024-12-17 09:25:30.646582','814','PIZARRO, LEANDRO E. - 39610329 - entrada - 2024/12/17 09:19:36',3,'',21,2),(2424,'2024-12-17 09:26:03.675023','824','PIZARRO, LEANDRO E. - 39610329 - entrada - 2024/12/17 04:22:00',1,'[{\"added\": {}}]',21,2),(2425,'2024-12-17 09:41:28.081502','829','PIZARRO, LEANDRO E. - 39610329 - entrada - 2024/12/17 09:26:30',3,'',21,2),(2426,'2024-12-17 09:41:28.081537','828','PIZARRO, LEANDRO E. - 39610329 - entrada - 2024/12/17 09:26:27',3,'',21,2),(2427,'2024-12-17 09:41:28.081549','827','PIZARRO, LEANDRO E. - 39610329 - entrada - 2024/12/17 09:26:25',3,'',21,2),(2428,'2024-12-17 09:41:28.081560','826','PIZARRO, LEANDRO E. - 39610329 - entrada - 2024/12/17 09:26:23',3,'',21,2),(2429,'2024-12-17 09:41:28.081569','825','PIZARRO, LEANDRO E. - 39610329 - entrada - 2024/12/17 09:26:13',3,'',21,2),(2430,'2024-12-17 09:41:28.081581','824','PIZARRO, LEANDRO E. - 39610329 - entrada - 2024/12/17 04:22:00',3,'',21,2),(2431,'2024-12-17 09:51:40.316528','831','PIZARRO, LEANDRO E. - 39610329 - entrada - 2024/12/17 09:48:11',3,'',21,2),(2432,'2024-12-17 10:01:05.736101','839','PIZARRO, LEANDRO E. - 39610329 - entrada_transitoria - 2024/12/17 09:52:22',3,'',21,2),(2433,'2024-12-17 10:01:05.736133','838','PIZARRO, LEANDRO E. - 39610329 - salida_transitoria - 2024/12/17 09:52:19',3,'',21,2),(2434,'2024-12-17 10:01:05.736145','837','PIZARRO, LEANDRO E. - 39610329 - salida - 2024/12/17 09:52:11',3,'',21,2),(2435,'2024-12-17 10:01:05.736155','836','PIZARRO, LEANDRO E. - 39610329 - entrada - 2024/12/17 09:52:03',3,'',21,2),(2436,'2024-12-17 10:01:05.736163','835','PIZARRO, LEANDRO E. - 39610329 - salida - 2024/12/17 09:52:01',3,'',21,2),(2437,'2024-12-17 10:01:05.736172','834','PIZARRO, LEANDRO E. - 39610329 - entrada_transitoria - 2024/12/17 09:51:58',3,'',21,2),(2438,'2024-12-17 10:01:05.736181','833','PIZARRO, LEANDRO E. - 39610329 - salida_transitoria - 2024/12/17 09:51:55',3,'',21,2),(2439,'2024-12-17 10:01:05.736194','832','PIZARRO, LEANDRO E. - 39610329 - entrada - 2024/12/17 09:51:44',3,'',21,2),(2440,'2024-12-17 10:01:05.736204','830','PIZARRO, LEANDRO E. - 39610329 - entrada - 2024/12/17 09:41:35',3,'',21,2),(2441,'2024-12-17 10:41:26.983944','850','PIZARRO, LEANDRO E. - 39610329 - salida - 2024/12/17 10:41:13',3,'',21,2),(2442,'2024-12-17 10:41:26.983970','849','PIZARRO, LEANDRO E. - 39610329 - entrada - 2024/12/17 10:41:10',3,'',21,2),(2443,'2024-12-17 10:41:26.983983','848','PIZARRO, LEANDRO E. - 39610329 - salida - 2024/12/17 10:41:07',3,'',21,2),(2444,'2024-12-17 10:41:26.983993','847','PIZARRO, LEANDRO E. - 39610329 - entrada - 2024/12/17 10:41:03',3,'',21,2),(2445,'2024-12-17 10:41:26.984004','846','PIZARRO, LEANDRO E. - 39610329 - salida - 2024/12/17 10:41:00',3,'',21,2),(2446,'2024-12-17 10:41:26.984013','845','PIZARRO, LEANDRO E. - 39610329 - entrada - 2024/12/17 10:40:57',3,'',21,2),(2447,'2024-12-17 10:41:26.984023','844','PIZARRO, LEANDRO E. - 39610329 - salida - 2024/12/17 10:40:43',3,'',21,2),(2448,'2024-12-17 10:41:26.984036','843','PIZARRO, LEANDRO E. - 39610329 - entrada_transitoria - 2024/12/17 10:36:32',3,'',21,2),(2449,'2024-12-17 10:41:26.984045','842','PIZARRO, LEANDRO E. - 39610329 - entrada_transitoria - 2024/12/17 10:01:27',3,'',21,2),(2450,'2024-12-17 10:41:26.984054','841','PIZARRO, LEANDRO E. - 39610329 - salida_transitoria - 2024/12/17 10:01:24',3,'',21,2),(2451,'2024-12-17 10:41:26.984063','840','PIZARRO, LEANDRO E. - 39610329 - entrada - 2024/12/17 10:01:10',3,'',21,2),(2452,'2024-12-17 10:49:31.367424','855','BALDAZAR, RAUL - 14281172 - entrada - 2024/12/16 23:59:25',1,'[{\"added\": {}}]',21,2),(2453,'2024-12-17 11:01:50.721522','1009','MORANGE, AGUSTIN - 46512137 - 2024-12-17 - ❌ Ausente',3,'',32,2),(2454,'2024-12-17 11:01:50.721557','1008','PIERMARINI, FACUNDO FABIAN - 41484145 - 2024-12-17 - ❌ Ausente',3,'',32,2),(2455,'2024-12-17 11:01:50.721573','1007','GOLINELLI, BLAS - 37232833 - 2024-12-17 - ❌ Ausente',3,'',32,2),(2456,'2024-12-17 11:01:50.721585','1006','FUSI, LUCAS ALEJANDRO - 43675844 - 2024-12-17 - ❌ Ausente',3,'',32,2),(2457,'2024-12-17 11:01:50.721598','1005','CROGNALI, LEONARLO DAVID - 44898882 - 2024-12-17 - ❌ Ausente',3,'',32,2),(2458,'2024-12-17 11:01:50.721611','1004','GIMENEZ, BENJAMIN JOSUE - 45937356 - 2024-12-17 - ❌ Ausente',3,'',32,2),(2459,'2024-12-17 11:01:50.721623','1003','FUENTES, FRANCISCO LUIS - 44296925 - 2024-12-17 - ❌ Ausente',3,'',32,2),(2460,'2024-12-17 11:01:50.721637','1002','BURGOS, FACUNDO SEBASTIAN - 41280065 - 2024-12-17 - ❌ Ausente',3,'',32,2),(2461,'2024-12-17 11:01:50.721649','1001','JARA, DANIEL ELIAS - 38164470 - 2024-12-17 - ❌ Ausente',3,'',32,2),(2462,'2024-12-17 11:01:50.721662','1000','DOMINGUEZ, FERNANDO ARIEL - 24726499 - 2024-12-17 - ❌ Ausente',3,'',32,2),(2463,'2024-12-17 11:01:50.721672','999','BAIOCCHI, SANTIAGO NICOLAS - 37232760 - 2024-12-17 - ❌ Ausente',3,'',32,2),(2464,'2024-12-17 11:01:50.721683','998','BELTRAN, GERMAN - 39326346 - 2024-12-17 - ❌ Ausente',3,'',32,2),(2465,'2024-12-17 11:01:50.721694','997','RODRIGUEZ, TICIANO - 45836980 - 2024-12-17 - ❌ Ausente',3,'',32,2),(2466,'2024-12-17 11:01:50.721705','996','VILLALBA, RICARDO ALFREDO - 35669686 - 2024-12-17 - ❌ Ausente',3,'',32,2),(2467,'2024-12-17 11:01:50.721715','995','TURRIN, AXEL ARIEL - 38158188 - 2024-12-17 - ❌ Ausente',3,'',32,2),(2468,'2024-12-17 11:01:50.721725','994','LAZO, MATIAS - 45352705 - 2024-12-17 - ❌ Ausente',3,'',32,2),(2469,'2024-12-17 11:01:50.721735','993','WYSS, TOBIAS - 45836909 - 2024-12-17 - ❌ Ausente',3,'',32,2),(2470,'2024-12-17 11:01:50.721745','992','VILLEGAS, EMMANUEL - 36707330 - 2024-12-17 - ❌ Ausente',3,'',32,2),(2471,'2024-12-17 11:01:50.721755','991','ARGUELLO, HUGO FABRICIO - 38279585 - 2024-12-17 - ❌ Ausente',3,'',32,2),(2472,'2024-12-17 11:01:50.721765','990','SAAB, AGUSTIN GABRIEL - 37627901 - 2024-12-17 - ❌ Ausente',3,'',32,2),(2473,'2024-12-17 11:01:50.722049','989','JARA, DIEGO - 28816742 - 2024-12-17 - ❌ Ausente',3,'',32,2),(2474,'2024-12-17 11:01:50.722160','988','DI CROCE, JESSICA - 43015155 - 2024-12-17 - ❌ Ausente',3,'',32,2),(2475,'2024-12-17 11:01:50.722310','987','ALBA, GERARDO - 43675993 - 2024-12-17 - ❌ Ausente',3,'',32,2),(2476,'2024-12-17 11:01:50.722350','986','CEBALLOS, FERNANDO - 39610460 - 2024-12-17 - ❌ Ausente',3,'',32,2),(2477,'2024-12-17 11:01:50.722376','985','FIOL, JORGE LISANDRO - 38279683 - 2024-12-17 - ❌ Ausente',3,'',32,2),(2478,'2024-12-17 11:01:50.722393','984','TESTA, ENZO NICOLAS - 43230436 - 2024-12-17 - ❌ Ausente',3,'',32,2),(2479,'2024-12-17 11:01:50.722405','983','CABRAL, FACUNDO JULIAN - 43607689 - 2024-12-17 - ❌ Ausente',3,'',32,2),(2480,'2024-12-17 11:01:50.722432','982','GIUSTI, JULIO - 41484043 - 2024-12-17 - ❌ Ausente',3,'',32,2),(2481,'2024-12-17 11:01:50.722443','981','MARIZZA, JORGE - 40678625 - 2024-12-17 - ❌ Ausente',3,'',32,2),(2482,'2024-12-17 11:01:50.722453','980','BELTRAN, GABRIEL - 38279571 - 2024-12-17 - ❌ Ausente',3,'',32,2),(2483,'2024-12-17 11:01:50.722464','979','ARNAUD, JERONIMO - 43134653 - 2024-12-17 - ❌ Ausente',3,'',32,2),(2484,'2024-12-17 11:01:50.722478','978','QUINTEROS, BRUNO AGUSTIN - 42696371 - 2024-12-17 - ❌ Ausente',3,'',32,2),(2485,'2024-12-17 11:01:50.722493','977','FERRERI, MILTON - 40299956 - 2024-12-17 - ❌ Ausente',3,'',32,2),(2486,'2024-12-17 11:01:50.722510','976','LOMELLO, GONZALO - 30287386 - 2024-12-17 - ❌ Ausente',3,'',32,2),(2487,'2024-12-17 11:01:50.722526','975','CORONEL, ROMINA - 39176825 - 2024-12-17 - ❌ Ausente',3,'',32,2),(2488,'2024-12-17 11:01:50.722540','974','MASSAFARA, BRAIAN - 41888232 - 2024-12-17 - ❌ Ausente',3,'',32,2),(2489,'2024-12-17 11:01:50.722555','973','LOPEZ, RAYMUNDO - 37232850 - 2024-12-17 - ❌ Ausente',3,'',32,2),(2490,'2024-12-17 11:01:50.722571','972','MANIAS, LUCAS GABRIEL - 40026647 - 2024-12-17 - ❌ Ausente',3,'',32,2),(2491,'2024-12-17 11:01:50.722591','971','ACEVEDO, JULIETA - 40314005 - 2024-12-17 - ❌ Ausente',3,'',32,2),(2492,'2024-12-17 11:01:50.722609','970','ALLASIA, DAMIAN - 39824996 - 2024-12-17 - ❌ Ausente',3,'',32,2),(2493,'2024-12-17 11:01:50.722625','969','GOMEZ, FRANCISCO - 41994218 - 2024-12-17 - ❌ Ausente',3,'',32,2),(2494,'2024-12-17 11:01:50.722640','968','MOLINERO, JOAQUIN - 41280170 - 2024-12-17 - ❌ Ausente',3,'',32,2),(2495,'2024-12-17 11:01:50.722656','967','MARUCCO, NOELIA - 32599619 - 2024-12-17 - ❌ Ausente',3,'',32,2),(2496,'2024-12-17 11:01:50.722673','966','MATULICH, JOSE - 37850500 - 2024-12-17 - ❌ Ausente',3,'',32,2),(2497,'2024-12-17 11:01:50.722688','965','RODRIGUEZ, GASTON - 37165416 - 2024-12-17 - ❌ Ausente',3,'',32,2),(2498,'2024-12-17 11:01:50.722704','964','AVENDAÑO, DAREL - 40678696 - 2024-12-17 - ❌ Ausente',3,'',32,2),(2499,'2024-12-17 11:01:50.722720','963','MARIA, GONZALO - 38159134 - 2024-12-17 - ❌ Ausente',3,'',32,2),(2500,'2024-12-17 11:01:50.722737','962','FERREYRA, TOMAS - 40026784 - 2024-12-17 - ❌ Ausente',3,'',32,2),(2501,'2024-12-17 11:01:50.722752','961','ALMENARA, LIHUEN ANDRES - 41484063 - 2024-12-17 - ❌ Ausente',3,'',32,2),(2502,'2024-12-17 11:01:50.722768','960','ROJAS, OSCAR - 62778461 - 2024-12-17 - ❌ Ausente',3,'',32,2),(2503,'2024-12-17 11:01:50.722786','959','MORALES, LUCIANO N. - 36707429 - 2024-12-17 - ❌ Ausente',3,'',32,2),(2504,'2024-12-17 11:01:50.722801','958','MONTI, CHRISTIAN - 36707055 - 2024-12-17 - ❌ Ausente',3,'',32,2),(2505,'2024-12-17 11:01:50.722818','957','PIZARRO, LEANDRO E. - 39610329 - 2024-12-17 - ✅ Presente',3,'',32,2),(2506,'2024-12-17 11:01:50.722835','956','ZABALA, CARLOS F. - 37233007 - 2024-12-17 - ❌ Ausente',3,'',32,2),(2507,'2024-12-17 11:01:50.722850','955','GOLINELLI, MARTIN - 29519506 - 2024-12-17 - ❌ Ausente',3,'',32,2),(2508,'2024-12-17 11:01:50.722866','954','VIDELA, MAURICIO - 27673387 - 2024-12-17 - ❌ Ausente',3,'',32,2),(2509,'2024-12-17 11:01:50.722881','953','MATEUCI, SILVINA BELEN - 34965669 - 2024-12-17 - ❌ Ausente',3,'',32,2),(2510,'2024-12-17 11:01:50.722899','952','CANTARUTTI, FERNANDO - 37627948 - 2024-12-17 - ❌ Ausente',3,'',32,2),(2511,'2024-12-17 11:01:50.722915','951','DECO, RAFAEL EZEQUIEL - 39022473 - 2024-12-17 - ❌ Ausente',3,'',32,2),(2512,'2024-12-17 11:01:50.722933','950','VIOLA, HERNÁN MANUEL - 38279671 - 2024-12-17 - ❌ Ausente',3,'',32,2),(2513,'2024-12-17 11:01:50.722949','949','MARTINEZ, CARLOS - 13108031 - 2024-12-17 - ❌ Ausente',3,'',32,2),(2514,'2024-12-17 11:01:50.722966','948','SANTUCHO, MAXIMILIANO - 31731146 - 2024-12-17 - ❌ Ausente',3,'',32,2),(2515,'2024-12-17 11:01:50.722983','947','LOPEZ, DANILO - 33349984 - 2024-12-17 - ❌ Ausente',3,'',32,2),(2516,'2024-12-17 11:01:50.723000','946','DIAZ, LUCAS - 33920821 - 2024-12-17 - ❌ Ausente',3,'',32,2),(2517,'2024-12-17 11:01:50.723018','945','PIAZZA, JORGE - 29884270 - 2024-12-17 - ❌ Ausente',3,'',32,2),(2518,'2024-12-17 11:01:50.723035','944','PEREZ, NICOLAS - 28757702 - 2024-12-17 - ❌ Ausente',3,'',32,2),(2519,'2024-12-17 11:01:50.723052','943','LIOI, VICTOR - 22384294 - 2024-12-17 - ❌ Ausente',3,'',32,2),(2520,'2024-12-17 11:01:50.723067','942','JARA, RAMIRO - 34965695 - 2024-12-17 - ❌ Ausente',3,'',32,2),(2521,'2024-12-17 11:01:50.723082','941','GAUNA, LUCIANO - 29161251 - 2024-12-17 - ❌ Ausente',3,'',32,2),(2522,'2024-12-17 11:01:50.723098','940','CALDERON, CARLOS - 25040357 - 2024-12-17 - ❌ Ausente',3,'',32,2),(2523,'2024-12-17 11:01:50.723115','939','BAINOTTI, JORGE - 35669855 - 2024-12-17 - ❌ Ausente',3,'',32,2),(2524,'2024-12-17 11:01:50.723131','938','BALDAZAR, RAUL - 14281172 - 2024-12-17 - ❌ Ausente',3,'',32,2),(2525,'2024-12-17 11:01:50.723148','936','MANIAS, LUCAS GABRIEL - 40026647 - 2024-12-13 - ❌ Ausente',3,'',32,2),(2526,'2024-12-17 11:01:50.723166','935','MANIAS, LUCAS GABRIEL - 40026647 - 2024-12-05 - ✅ Presente',3,'',32,2),(2527,'2024-12-17 11:01:50.723182','934','MORANGE, AGUSTIN - 46512137 - 2024-12-16 - ❌ Ausente',3,'',32,2),(2528,'2024-12-17 11:01:50.723199','933','PIERMARINI, FACUNDO FABIAN - 41484145 - 2024-12-16 - ❌ Ausente',3,'',32,2),(2529,'2024-12-17 11:01:50.723215','932','GOLINELLI, BLAS - 37232833 - 2024-12-16 - ❌ Ausente',3,'',32,2),(2530,'2024-12-17 11:01:50.723233','931','FUSI, LUCAS ALEJANDRO - 43675844 - 2024-12-16 - ❌ Ausente',3,'',32,2),(2531,'2024-12-17 11:01:50.723252','930','CROGNALI, LEONARLO DAVID - 44898882 - 2024-12-16 - ❌ Ausente',3,'',32,2),(2532,'2024-12-17 11:01:50.723270','929','GIMENEZ, BENJAMIN JOSUE - 45937356 - 2024-12-16 - ❌ Ausente',3,'',32,2),(2533,'2024-12-17 11:01:50.723287','928','FUENTES, FRANCISCO LUIS - 44296925 - 2024-12-16 - ❌ Ausente',3,'',32,2),(2534,'2024-12-17 11:01:50.723303','927','BURGOS, FACUNDO SEBASTIAN - 41280065 - 2024-12-16 - ❌ Ausente',3,'',32,2),(2535,'2024-12-17 11:01:50.723322','926','JARA, DANIEL ELIAS - 38164470 - 2024-12-16 - ❌ Ausente',3,'',32,2),(2536,'2024-12-17 11:01:50.723338','925','DOMINGUEZ, FERNANDO ARIEL - 24726499 - 2024-12-16 - ❌ Ausente',3,'',32,2),(2537,'2024-12-17 11:01:50.723354','924','BAIOCCHI, SANTIAGO NICOLAS - 37232760 - 2024-12-16 - ❌ Ausente',3,'',32,2),(2538,'2024-12-17 11:01:50.723383','923','BELTRAN, GERMAN - 39326346 - 2024-12-16 - ❌ Ausente',3,'',32,2),(2539,'2024-12-17 11:01:50.723404','922','RODRIGUEZ, TICIANO - 45836980 - 2024-12-16 - ❌ Ausente',3,'',32,2),(2540,'2024-12-17 11:01:50.723420','921','VILLALBA, RICARDO ALFREDO - 35669686 - 2024-12-16 - ❌ Ausente',3,'',32,2),(2541,'2024-12-17 11:01:50.723438','920','TURRIN, AXEL ARIEL - 38158188 - 2024-12-16 - ❌ Ausente',3,'',32,2),(2542,'2024-12-17 11:01:50.723455','919','LAZO, MATIAS - 45352705 - 2024-12-16 - ❌ Ausente',3,'',32,2),(2543,'2024-12-17 11:01:50.723475','918','WYSS, TOBIAS - 45836909 - 2024-12-16 - ❌ Ausente',3,'',32,2),(2544,'2024-12-17 11:01:50.723493','917','VILLEGAS, EMMANUEL - 36707330 - 2024-12-16 - ❌ Ausente',3,'',32,2),(2545,'2024-12-17 11:01:50.723510','916','ARGUELLO, HUGO FABRICIO - 38279585 - 2024-12-16 - ❌ Ausente',3,'',32,2),(2546,'2024-12-17 11:01:50.723528','915','SAAB, AGUSTIN GABRIEL - 37627901 - 2024-12-16 - ❌ Ausente',3,'',32,2),(2547,'2024-12-17 11:01:50.723545','914','JARA, DIEGO - 28816742 - 2024-12-16 - ❌ Ausente',3,'',32,2),(2548,'2024-12-17 11:01:50.723567','913','DI CROCE, JESSICA - 43015155 - 2024-12-16 - ❌ Ausente',3,'',32,2),(2549,'2024-12-17 11:01:50.723587','912','ALBA, GERARDO - 43675993 - 2024-12-16 - ❌ Ausente',3,'',32,2),(2550,'2024-12-17 11:01:50.723607','911','CEBALLOS, FERNANDO - 39610460 - 2024-12-16 - ❌ Ausente',3,'',32,2),(2551,'2024-12-17 11:01:50.723626','910','FIOL, JORGE LISANDRO - 38279683 - 2024-12-16 - ❌ Ausente',3,'',32,2),(2552,'2024-12-17 11:01:50.723645','909','TESTA, ENZO NICOLAS - 43230436 - 2024-12-16 - ❌ Ausente',3,'',32,2),(2553,'2024-12-17 11:01:50.723661','908','CABRAL, FACUNDO JULIAN - 43607689 - 2024-12-16 - ❌ Ausente',3,'',32,2),(2554,'2024-12-17 11:01:50.723676','907','GIUSTI, JULIO - 41484043 - 2024-12-16 - ❌ Ausente',3,'',32,2),(2555,'2024-12-17 11:01:50.723688','906','MARIZZA, JORGE - 40678625 - 2024-12-16 - ❌ Ausente',3,'',32,2),(2556,'2024-12-17 11:01:50.723701','905','BELTRAN, GABRIEL - 38279571 - 2024-12-16 - ❌ Ausente',3,'',32,2),(2557,'2024-12-17 11:01:50.723714','904','ARNAUD, JERONIMO - 43134653 - 2024-12-16 - ❌ Ausente',3,'',32,2),(2558,'2024-12-17 11:01:50.723725','903','QUINTEROS, BRUNO AGUSTIN - 42696371 - 2024-12-16 - ❌ Ausente',3,'',32,2),(2559,'2024-12-17 11:01:50.723736','902','FERRERI, MILTON - 40299956 - 2024-12-16 - ❌ Ausente',3,'',32,2),(2560,'2024-12-17 11:01:50.723748','901','LOMELLO, GONZALO - 30287386 - 2024-12-16 - ❌ Ausente',3,'',32,2),(2561,'2024-12-17 11:01:50.723759','900','CORONEL, ROMINA - 39176825 - 2024-12-16 - ❌ Ausente',3,'',32,2),(2562,'2024-12-17 11:01:50.723772','899','MASSAFARA, BRAIAN - 41888232 - 2024-12-16 - ❌ Ausente',3,'',32,2),(2563,'2024-12-17 11:01:50.723789','898','LOPEZ, RAYMUNDO - 37232850 - 2024-12-16 - ❌ Ausente',3,'',32,2),(2564,'2024-12-17 11:01:50.723807','897','MANIAS, LUCAS GABRIEL - 40026647 - 2024-12-16 - ❌ Ausente',3,'',32,2),(2565,'2024-12-17 11:01:50.723823','896','ACEVEDO, JULIETA - 40314005 - 2024-12-16 - ❌ Ausente',3,'',32,2),(2566,'2024-12-17 11:01:50.723839','895','ALLASIA, DAMIAN - 39824996 - 2024-12-16 - ❌ Ausente',3,'',32,2),(2567,'2024-12-17 11:01:50.723856','894','GOMEZ, FRANCISCO - 41994218 - 2024-12-16 - ❌ Ausente',3,'',32,2),(2568,'2024-12-17 11:01:50.723873','893','MOLINERO, JOAQUIN - 41280170 - 2024-12-16 - ❌ Ausente',3,'',32,2),(2569,'2024-12-17 11:01:50.723889','892','MARUCCO, NOELIA - 32599619 - 2024-12-16 - ❌ Ausente',3,'',32,2),(2570,'2024-12-17 11:01:50.723906','891','MATULICH, JOSE - 37850500 - 2024-12-16 - ❌ Ausente',3,'',32,2),(2571,'2024-12-17 11:01:50.723925','890','RODRIGUEZ, GASTON - 37165416 - 2024-12-16 - ❌ Ausente',3,'',32,2),(2572,'2024-12-17 11:01:50.723944','889','AVENDAÑO, DAREL - 40678696 - 2024-12-16 - ❌ Ausente',3,'',32,2),(2573,'2024-12-17 11:01:50.723965','888','MARIA, GONZALO - 38159134 - 2024-12-16 - ❌ Ausente',3,'',32,2),(2574,'2024-12-17 11:01:50.723985','887','FERREYRA, TOMAS - 40026784 - 2024-12-16 - ❌ Ausente',3,'',32,2),(2575,'2024-12-17 11:01:50.724002','886','ALMENARA, LIHUEN ANDRES - 41484063 - 2024-12-16 - ❌ Ausente',3,'',32,2),(2576,'2024-12-17 11:01:50.724019','885','ROJAS, OSCAR - 62778461 - 2024-12-16 - ❌ Ausente',3,'',32,2),(2577,'2024-12-17 11:01:50.724036','884','MORALES, LUCIANO N. - 36707429 - 2024-12-16 - ❌ Ausente',3,'',32,2),(2578,'2024-12-17 11:01:50.724053','883','MONTI, CHRISTIAN - 36707055 - 2024-12-16 - ❌ Ausente',3,'',32,2),(2579,'2024-12-17 11:01:50.724070','882','PIZARRO, LEANDRO E. - 39610329 - 2024-12-16 - ❌ Ausente',3,'',32,2),(2580,'2024-12-17 11:01:50.724089','881','ZABALA, CARLOS F. - 37233007 - 2024-12-16 - ❌ Ausente',3,'',32,2),(2581,'2024-12-17 11:01:50.724106','880','GOLINELLI, MARTIN - 29519506 - 2024-12-16 - ❌ Ausente',3,'',32,2),(2582,'2024-12-17 11:01:50.724125','879','VIDELA, MAURICIO - 27673387 - 2024-12-16 - ❌ Ausente',3,'',32,2),(2583,'2024-12-17 11:01:50.724143','878','MATEUCI, SILVINA BELEN - 34965669 - 2024-12-16 - ❌ Ausente',3,'',32,2),(2584,'2024-12-17 11:01:50.724159','877','CANTARUTTI, FERNANDO - 37627948 - 2024-12-16 - ❌ Ausente',3,'',32,2),(2585,'2024-12-17 11:01:50.724178','876','DECO, RAFAEL EZEQUIEL - 39022473 - 2024-12-16 - ❌ Ausente',3,'',32,2),(2586,'2024-12-17 11:01:50.724203','875','VIOLA, HERNÁN MANUEL - 38279671 - 2024-12-16 - ❌ Ausente',3,'',32,2),(2587,'2024-12-17 11:01:50.724222','874','MARTINEZ, CARLOS - 13108031 - 2024-12-16 - ❌ Ausente',3,'',32,2),(2588,'2024-12-17 11:01:50.724241','873','SANTUCHO, MAXIMILIANO - 31731146 - 2024-12-16 - ❌ Ausente',3,'',32,2),(2589,'2024-12-17 11:01:50.724258','872','LOPEZ, DANILO - 33349984 - 2024-12-16 - ❌ Ausente',3,'',32,2),(2590,'2024-12-17 11:01:50.724274','871','DIAZ, LUCAS - 33920821 - 2024-12-16 - ❌ Ausente',3,'',32,2),(2591,'2024-12-17 11:01:50.724290','870','PIAZZA, JORGE - 29884270 - 2024-12-16 - ❌ Ausente',3,'',32,2),(2592,'2024-12-17 11:01:50.724306','869','PEREZ, NICOLAS - 28757702 - 2024-12-16 - ❌ Ausente',3,'',32,2),(2593,'2024-12-17 11:01:50.724323','868','LIOI, VICTOR - 22384294 - 2024-12-16 - ❌ Ausente',3,'',32,2),(2594,'2024-12-17 11:01:50.724339','867','JARA, RAMIRO - 34965695 - 2024-12-16 - ❌ Ausente',3,'',32,2),(2595,'2024-12-17 11:01:50.724356','866','GAUNA, LUCIANO - 29161251 - 2024-12-16 - ❌ Ausente',3,'',32,2),(2596,'2024-12-17 11:01:50.724447','865','CALDERON, CARLOS - 25040357 - 2024-12-16 - ❌ Ausente',3,'',32,2),(2597,'2024-12-17 11:01:50.724477','864','BAINOTTI, JORGE - 35669855 - 2024-12-16 - ❌ Ausente',3,'',32,2),(2598,'2024-12-17 11:01:50.724496','863','BALDAZAR, RAUL - 14281172 - 2024-12-16 - ✅ Presente',3,'',32,2),(2599,'2024-12-17 11:01:50.724519','862','MORANGE, AGUSTIN - 46512137 - 2024-12-15 - ❌ Ausente',3,'',32,2),(2600,'2024-12-17 11:01:50.724537','861','PIERMARINI, FACUNDO FABIAN - 41484145 - 2024-12-15 - ❌ Ausente',3,'',32,2),(2601,'2024-12-17 11:01:50.724552','860','GOLINELLI, BLAS - 37232833 - 2024-12-15 - ❌ Ausente',3,'',32,2),(2602,'2024-12-17 11:01:50.724571','859','FUSI, LUCAS ALEJANDRO - 43675844 - 2024-12-15 - ❌ Ausente',3,'',32,2),(2603,'2024-12-17 11:01:50.724587','858','CROGNALI, LEONARLO DAVID - 44898882 - 2024-12-15 - ❌ Ausente',3,'',32,2),(2604,'2024-12-17 11:01:50.724605','857','GIMENEZ, BENJAMIN JOSUE - 45937356 - 2024-12-15 - ❌ Ausente',3,'',32,2),(2605,'2024-12-17 11:01:50.724623','856','FUENTES, FRANCISCO LUIS - 44296925 - 2024-12-15 - ❌ Ausente',3,'',32,2),(2606,'2024-12-17 11:01:50.724642','855','BURGOS, FACUNDO SEBASTIAN - 41280065 - 2024-12-15 - ❌ Ausente',3,'',32,2),(2607,'2024-12-17 11:01:50.724658','854','JARA, DANIEL ELIAS - 38164470 - 2024-12-15 - ❌ Ausente',3,'',32,2),(2608,'2024-12-17 11:01:50.724674','853','DOMINGUEZ, FERNANDO ARIEL - 24726499 - 2024-12-15 - ❌ Ausente',3,'',32,2),(2609,'2024-12-17 11:01:50.724689','852','BAIOCCHI, SANTIAGO NICOLAS - 37232760 - 2024-12-15 - ❌ Ausente',3,'',32,2),(2610,'2024-12-17 11:01:50.724704','851','BELTRAN, GERMAN - 39326346 - 2024-12-15 - ❌ Ausente',3,'',32,2),(2611,'2024-12-17 11:01:50.724721','850','RODRIGUEZ, TICIANO - 45836980 - 2024-12-15 - ❌ Ausente',3,'',32,2),(2612,'2024-12-17 11:01:50.724738','849','VILLALBA, RICARDO ALFREDO - 35669686 - 2024-12-15 - ❌ Ausente',3,'',32,2),(2613,'2024-12-17 11:01:50.724753','848','TURRIN, AXEL ARIEL - 38158188 - 2024-12-15 - ❌ Ausente',3,'',32,2),(2614,'2024-12-17 11:01:50.724770','847','LAZO, MATIAS - 45352705 - 2024-12-15 - ❌ Ausente',3,'',32,2),(2615,'2024-12-17 11:01:50.724798','846','WYSS, TOBIAS - 45836909 - 2024-12-15 - ❌ Ausente',3,'',32,2),(2616,'2024-12-17 11:01:50.724813','845','VILLEGAS, EMMANUEL - 36707330 - 2024-12-15 - ❌ Ausente',3,'',32,2),(2617,'2024-12-17 11:01:50.724832','844','ARGUELLO, HUGO FABRICIO - 38279585 - 2024-12-15 - ❌ Ausente',3,'',32,2),(2618,'2024-12-17 11:01:50.724848','843','SAAB, AGUSTIN GABRIEL - 37627901 - 2024-12-15 - ❌ Ausente',3,'',32,2),(2619,'2024-12-17 11:01:50.724866','842','JARA, DIEGO - 28816742 - 2024-12-15 - ❌ Ausente',3,'',32,2),(2620,'2024-12-17 11:01:50.724893','841','DI CROCE, JESSICA - 43015155 - 2024-12-15 - ❌ Ausente',3,'',32,2),(2621,'2024-12-17 11:01:50.724908','840','ALBA, GERARDO - 43675993 - 2024-12-15 - ❌ Ausente',3,'',32,2),(2622,'2024-12-17 11:01:50.724925','839','CEBALLOS, FERNANDO - 39610460 - 2024-12-15 - ❌ Ausente',3,'',32,2),(2623,'2024-12-17 11:01:50.724938','838','FIOL, JORGE LISANDRO - 38279683 - 2024-12-15 - ❌ Ausente',3,'',32,2),(2624,'2024-12-17 11:01:50.724953','837','TESTA, ENZO NICOLAS - 43230436 - 2024-12-15 - ❌ Ausente',3,'',32,2),(2625,'2024-12-17 11:01:50.724965','836','CABRAL, FACUNDO JULIAN - 43607689 - 2024-12-15 - ❌ Ausente',3,'',32,2),(2626,'2024-12-17 11:01:50.724978','835','GIUSTI, JULIO - 41484043 - 2024-12-15 - ❌ Ausente',3,'',32,2),(2627,'2024-12-17 11:01:50.725014','834','MARIZZA, JORGE - 40678625 - 2024-12-15 - ❌ Ausente',3,'',32,2),(2628,'2024-12-17 11:01:50.725026','833','BELTRAN, GABRIEL - 38279571 - 2024-12-15 - ❌ Ausente',3,'',32,2),(2629,'2024-12-17 11:01:50.725037','832','ARNAUD, JERONIMO - 43134653 - 2024-12-15 - ❌ Ausente',3,'',32,2),(2630,'2024-12-17 11:01:50.725048','831','QUINTEROS, BRUNO AGUSTIN - 42696371 - 2024-12-15 - ❌ Ausente',3,'',32,2),(2631,'2024-12-17 11:01:50.725058','830','FERRERI, MILTON - 40299956 - 2024-12-15 - ❌ Ausente',3,'',32,2),(2632,'2024-12-17 11:01:50.725069','829','LOMELLO, GONZALO - 30287386 - 2024-12-15 - ❌ Ausente',3,'',32,2),(2633,'2024-12-17 11:01:50.725079','828','CORONEL, ROMINA - 39176825 - 2024-12-15 - ❌ Ausente',3,'',32,2),(2634,'2024-12-17 11:01:50.725090','827','MASSAFARA, BRAIAN - 41888232 - 2024-12-15 - ❌ Ausente',3,'',32,2),(2635,'2024-12-17 11:01:50.725101','826','LOPEZ, RAYMUNDO - 37232850 - 2024-12-15 - ❌ Ausente',3,'',32,2),(2636,'2024-12-17 11:01:50.725113','825','MANIAS, LUCAS GABRIEL - 40026647 - 2024-12-15 - ❌ Ausente',3,'',32,2),(2637,'2024-12-17 11:01:50.725124','824','ACEVEDO, JULIETA - 40314005 - 2024-12-15 - ❌ Ausente',3,'',32,2),(2638,'2024-12-17 11:01:50.725135','823','ALLASIA, DAMIAN - 39824996 - 2024-12-15 - ❌ Ausente',3,'',32,2),(2639,'2024-12-17 11:01:50.725145','822','GOMEZ, FRANCISCO - 41994218 - 2024-12-15 - ❌ Ausente',3,'',32,2),(2640,'2024-12-17 11:01:50.725155','821','MOLINERO, JOAQUIN - 41280170 - 2024-12-15 - ❌ Ausente',3,'',32,2),(2641,'2024-12-17 11:01:50.725165','820','MARUCCO, NOELIA - 32599619 - 2024-12-15 - ❌ Ausente',3,'',32,2),(2642,'2024-12-17 11:01:50.725176','819','MATULICH, JOSE - 37850500 - 2024-12-15 - ❌ Ausente',3,'',32,2),(2643,'2024-12-17 11:01:50.725187','818','RODRIGUEZ, GASTON - 37165416 - 2024-12-15 - ❌ Ausente',3,'',32,2),(2644,'2024-12-17 11:01:50.725197','817','AVENDAÑO, DAREL - 40678696 - 2024-12-15 - ❌ Ausente',3,'',32,2),(2645,'2024-12-17 11:01:50.725207','816','MARIA, GONZALO - 38159134 - 2024-12-15 - ❌ Ausente',3,'',32,2),(2646,'2024-12-17 11:01:50.725217','815','FERREYRA, TOMAS - 40026784 - 2024-12-15 - ❌ Ausente',3,'',32,2),(2647,'2024-12-17 11:01:50.725228','814','ALMENARA, LIHUEN ANDRES - 41484063 - 2024-12-15 - ❌ Ausente',3,'',32,2),(2648,'2024-12-17 11:01:50.725239','813','ROJAS, OSCAR - 62778461 - 2024-12-15 - ❌ Ausente',3,'',32,2),(2649,'2024-12-17 11:01:50.725249','812','MORALES, LUCIANO N. - 36707429 - 2024-12-15 - ❌ Ausente',3,'',32,2),(2650,'2024-12-17 11:01:50.725265','811','MONTI, CHRISTIAN - 36707055 - 2024-12-15 - ❌ Ausente',3,'',32,2),(2651,'2024-12-17 11:01:50.725275','810','PIZARRO, LEANDRO E. - 39610329 - 2024-12-15 - ❌ Ausente',3,'',32,2),(2652,'2024-12-17 11:01:50.725286','809','ZABALA, CARLOS F. - 37233007 - 2024-12-15 - ❌ Ausente',3,'',32,2),(2653,'2024-12-17 11:01:50.725296','808','GOLINELLI, MARTIN - 29519506 - 2024-12-15 - ❌ Ausente',3,'',32,2),(2654,'2024-12-17 11:01:50.725306','807','VIDELA, MAURICIO - 27673387 - 2024-12-15 - ❌ Ausente',3,'',32,2),(2655,'2024-12-17 11:01:50.725316','806','MATEUCI, SILVINA BELEN - 34965669 - 2024-12-15 - ❌ Ausente',3,'',32,2),(2656,'2024-12-17 11:01:50.725327','805','CANTARUTTI, FERNANDO - 37627948 - 2024-12-15 - ❌ Ausente',3,'',32,2),(2657,'2024-12-17 11:01:50.725336','804','DECO, RAFAEL EZEQUIEL - 39022473 - 2024-12-15 - ❌ Ausente',3,'',32,2),(2658,'2024-12-17 11:01:50.725347','803','VIOLA, HERNÁN MANUEL - 38279671 - 2024-12-15 - ❌ Ausente',3,'',32,2),(2659,'2024-12-17 11:01:50.725357','802','MARTINEZ, CARLOS - 13108031 - 2024-12-15 - ❌ Ausente',3,'',32,2),(2660,'2024-12-17 11:01:50.725405','801','SANTUCHO, MAXIMILIANO - 31731146 - 2024-12-15 - ❌ Ausente',3,'',32,2),(2661,'2024-12-17 11:01:50.725424','800','LOPEZ, DANILO - 33349984 - 2024-12-15 - ❌ Ausente',3,'',32,2),(2662,'2024-12-17 11:01:50.725437','799','DIAZ, LUCAS - 33920821 - 2024-12-15 - ❌ Ausente',3,'',32,2),(2663,'2024-12-17 11:01:50.725448','798','PIAZZA, JORGE - 29884270 - 2024-12-15 - ❌ Ausente',3,'',32,2),(2664,'2024-12-17 11:01:50.725459','797','PEREZ, NICOLAS - 28757702 - 2024-12-15 - ❌ Ausente',3,'',32,2),(2665,'2024-12-17 11:01:50.725469','796','LIOI, VICTOR - 22384294 - 2024-12-15 - ❌ Ausente',3,'',32,2),(2666,'2024-12-17 11:01:50.725479','795','JARA, RAMIRO - 34965695 - 2024-12-15 - ❌ Ausente',3,'',32,2),(2667,'2024-12-17 11:01:50.725489','794','GAUNA, LUCIANO - 29161251 - 2024-12-15 - ❌ Ausente',3,'',32,2),(2668,'2024-12-17 11:01:50.725499','793','CALDERON, CARLOS - 25040357 - 2024-12-15 - ❌ Ausente',3,'',32,2),(2669,'2024-12-17 11:01:50.725509','792','BAINOTTI, JORGE - 35669855 - 2024-12-15 - ❌ Ausente',3,'',32,2),(2670,'2024-12-17 11:01:50.725519','791','BALDAZAR, RAUL - 14281172 - 2024-12-15 - ❌ Ausente',3,'',32,2),(2671,'2024-12-17 11:01:50.725529','790','BALDAZAR, RAUL - 14281172 - 2024-12-14 - ❌ Ausente',3,'',32,2),(2672,'2024-12-17 11:01:50.725539','789','BALDAZAR, RAUL - 14281172 - 2024-12-13 - ❌ Ausente',3,'',32,2),(2673,'2024-12-17 11:01:50.725549','787','BAINOTTI, JORGE - 35669855 - 2024-12-13 - ❌ Ausente',3,'',32,2),(2674,'2024-12-17 11:01:50.725560','786','PIERMARINI, FACUNDO FABIAN - 41484145 - 2024-12-14 - ❌ Ausente',3,'',32,2),(2675,'2024-12-17 11:01:50.725572','785','PIERMARINI, FACUNDO FABIAN - 41484145 - 2024-12-13 - ❌ Ausente',3,'',32,2),(2676,'2024-12-17 11:01:50.725583','784','MASSAFARA, BRAIAN - 41888232 - 2024-12-14 - ❌ Ausente',3,'',32,2),(2677,'2024-12-17 11:01:50.725593','783','PIZARRO, LEANDRO E. - 39610329 - 2024-12-14 - ❌ Ausente',3,'',32,2),(2678,'2024-12-17 11:01:50.725603','782','PIZARRO, LEANDRO E. - 39610329 - 2024-12-13 - ❌ Ausente',3,'',32,2),(2679,'2024-12-17 11:02:02.389990','856','BALDAZAR, RAUL - 14281172 - salida - 2024/12/17 10:50:08',3,'',21,2),(2680,'2024-12-17 11:02:02.390021','855','BALDAZAR, RAUL - 14281172 - entrada - 2024/12/16 23:59:25',3,'',21,2),(2681,'2024-12-17 11:02:02.390033','854','PIZARRO, LEANDRO E. - 39610329 - entrada_transitoria - 2024/12/17 10:44:32',3,'',21,2),(2682,'2024-12-17 11:02:02.390042','853','PIZARRO, LEANDRO E. - 39610329 - entrada - 2024/12/17 10:44:28',3,'',21,2),(2683,'2024-12-17 11:02:02.390052','852','PIZARRO, LEANDRO E. - 39610329 - salida_transitoria - 2024/12/17 10:44:19',3,'',21,2),(2684,'2024-12-17 11:02:02.390061','851','PIZARRO, LEANDRO E. - 39610329 - entrada - 2024/12/17 10:44:08',3,'',21,2),(2685,'2024-12-17 11:02:51.145574','857','BALDAZAR, RAUL - 14281172 - entrada - 2024/12/16 20:25:31',1,'[{\"added\": {}}]',21,2),(2686,'2024-12-17 11:03:56.344315','858','BALDAZAR, RAUL - 14281172 - salida - 2024/12/17 11:03:36',3,'',21,2),(2687,'2024-12-17 11:27:15.920735','859','BALDAZAR, RAUL - 14281172 - salida - 2024/12/17 05:25:00',1,'[{\"added\": {}}]',21,2),(2688,'2024-12-17 11:28:47.509920','860','PIZARRO, LEANDRO E. - 39610329 - entrada - 2024/12/17 07:28:33',2,'[{\"changed\": {\"fields\": [\"Hora fichada\"]}}]',21,2),(2689,'2024-12-17 11:29:36.272571','862','PIZARRO, LEANDRO E. - 39610329 - entrada_transitoria - 2024/12/17 11:29:34',1,'[{\"added\": {}}]',21,2),(2690,'2024-12-17 11:30:04.270711','863','PIZARRO, LEANDRO E. - 39610329 - salida - 2024/12/17 16:19:21',1,'[{\"added\": {}}]',21,2),(2691,'2024-12-17 11:36:09.299154','864','PIZARRO, LEANDRO E. - 39610329 - entrada - 2024/12/17 11:31:58',3,'',21,2),(2692,'2024-12-17 11:36:31.916967','865','PIZARRO, LEANDRO E. - 39610329 - entrada - 2024/12/17 11:36:29',1,'[{\"added\": {}}]',21,2),(2693,'2024-12-17 11:36:42.185908','865','PIZARRO, LEANDRO E. - 39610329 - entrada - 2024/12/17 11:36:29',3,'',21,2),(2694,'2024-12-17 12:57:39.931283','863','PIZARRO, LEANDRO E. - 39610329 - salida - 2024/12/17 12:19:21',2,'[{\"changed\": {\"fields\": [\"Hora fichada\"]}}]',21,2),(2695,'2024-12-17 13:03:11.915888','869','PIZARRO, LEANDRO E. - 39610329 - salida - 2024/12/17 13:02:56',3,'',21,2),(2696,'2024-12-17 13:03:11.915930','868','PIZARRO, LEANDRO E. - 39610329 - entrada - 2024/12/17 13:02:46',3,'',21,2);
/*!40000 ALTER TABLE `django_admin_log` ENABLE KEYS */;
UNLOCK TABLES;

--
-- Table structure for table `django_celery_beat_clockedschedule`
--

DROP TABLE IF EXISTS `django_celery_beat_clockedschedule`;
/*!40101 SET @saved_cs_client     = @@character_set_client */;
/*!50503 SET character_set_client = utf8mb4 */;
CREATE TABLE `django_celery_beat_clockedschedule` (
  `id` int NOT NULL AUTO_INCREMENT,
  `clocked_time` datetime(6) NOT NULL,
  PRIMARY KEY (`id`)
) ENGINE=InnoDB DEFAULT CHARSET=utf8mb4 COLLATE=utf8mb4_0900_ai_ci;
/*!40101 SET character_set_client = @saved_cs_client */;

--
-- Dumping data for table `django_celery_beat_clockedschedule`
--

LOCK TABLES `django_celery_beat_clockedschedule` WRITE;
/*!40000 ALTER TABLE `django_celery_beat_clockedschedule` DISABLE KEYS */;
/*!40000 ALTER TABLE `django_celery_beat_clockedschedule` ENABLE KEYS */;
UNLOCK TABLES;

--
-- Table structure for table `django_celery_beat_crontabschedule`
--

DROP TABLE IF EXISTS `django_celery_beat_crontabschedule`;
/*!40101 SET @saved_cs_client     = @@character_set_client */;
/*!50503 SET character_set_client = utf8mb4 */;
CREATE TABLE `django_celery_beat_crontabschedule` (
  `id` int NOT NULL AUTO_INCREMENT,
  `minute` varchar(240) NOT NULL,
  `hour` varchar(96) NOT NULL,
  `day_of_week` varchar(64) NOT NULL,
  `day_of_month` varchar(124) NOT NULL,
  `month_of_year` varchar(64) NOT NULL,
  `timezone` varchar(63) NOT NULL,
  PRIMARY KEY (`id`)
) ENGINE=InnoDB AUTO_INCREMENT=4 DEFAULT CHARSET=utf8mb4 COLLATE=utf8mb4_0900_ai_ci;
/*!40101 SET character_set_client = @saved_cs_client */;

--
-- Dumping data for table `django_celery_beat_crontabschedule`
--

LOCK TABLES `django_celery_beat_crontabschedule` WRITE;
/*!40000 ALTER TABLE `django_celery_beat_crontabschedule` DISABLE KEYS */;
INSERT INTO `django_celery_beat_crontabschedule` VALUES (1,'0','4','*','*','*','America/Argentina/Buenos_Aires'),(2,'30','13','*','*','*','America/Argentina/Buenos_Aires'),(3,'0','8','*','*','*','America/Argentina/Buenos_Aires');
/*!40000 ALTER TABLE `django_celery_beat_crontabschedule` ENABLE KEYS */;
UNLOCK TABLES;

--
-- Table structure for table `django_celery_beat_intervalschedule`
--

DROP TABLE IF EXISTS `django_celery_beat_intervalschedule`;
/*!40101 SET @saved_cs_client     = @@character_set_client */;
/*!50503 SET character_set_client = utf8mb4 */;
CREATE TABLE `django_celery_beat_intervalschedule` (
  `id` int NOT NULL AUTO_INCREMENT,
  `every` int NOT NULL,
  `period` varchar(24) NOT NULL,
  PRIMARY KEY (`id`)
) ENGINE=InnoDB DEFAULT CHARSET=utf8mb4 COLLATE=utf8mb4_0900_ai_ci;
/*!40101 SET character_set_client = @saved_cs_client */;

--
-- Dumping data for table `django_celery_beat_intervalschedule`
--

LOCK TABLES `django_celery_beat_intervalschedule` WRITE;
/*!40000 ALTER TABLE `django_celery_beat_intervalschedule` DISABLE KEYS */;
/*!40000 ALTER TABLE `django_celery_beat_intervalschedule` ENABLE KEYS */;
UNLOCK TABLES;

--
-- Table structure for table `django_celery_beat_periodictask`
--

DROP TABLE IF EXISTS `django_celery_beat_periodictask`;
/*!40101 SET @saved_cs_client     = @@character_set_client */;
/*!50503 SET character_set_client = utf8mb4 */;
CREATE TABLE `django_celery_beat_periodictask` (
  `id` int NOT NULL AUTO_INCREMENT,
  `name` varchar(200) NOT NULL,
  `task` varchar(200) NOT NULL,
  `args` longtext NOT NULL,
  `kwargs` longtext NOT NULL,
  `queue` varchar(200) DEFAULT NULL,
  `exchange` varchar(200) DEFAULT NULL,
  `routing_key` varchar(200) DEFAULT NULL,
  `expires` datetime(6) DEFAULT NULL,
  `enabled` tinyint(1) NOT NULL,
  `last_run_at` datetime(6) DEFAULT NULL,
  `total_run_count` int unsigned NOT NULL,
  `date_changed` datetime(6) NOT NULL,
  `description` longtext NOT NULL,
  `crontab_id` int DEFAULT NULL,
  `interval_id` int DEFAULT NULL,
  `solar_id` int DEFAULT NULL,
  `one_off` tinyint(1) NOT NULL,
  `start_time` datetime(6) DEFAULT NULL,
  `priority` int unsigned DEFAULT NULL,
  `headers` longtext NOT NULL DEFAULT (_utf8mb3'{}'),
  `clocked_id` int DEFAULT NULL,
  `expire_seconds` int unsigned DEFAULT NULL,
  PRIMARY KEY (`id`),
  UNIQUE KEY `name` (`name`),
  KEY `django_celery_beat_p_crontab_id_d3cba168_fk_django_ce` (`crontab_id`),
  KEY `django_celery_beat_p_interval_id_a8ca27da_fk_django_ce` (`interval_id`),
  KEY `django_celery_beat_p_solar_id_a87ce72c_fk_django_ce` (`solar_id`),
  KEY `django_celery_beat_p_clocked_id_47a69f82_fk_django_ce` (`clocked_id`),
  CONSTRAINT `django_celery_beat_p_clocked_id_47a69f82_fk_django_ce` FOREIGN KEY (`clocked_id`) REFERENCES `django_celery_beat_clockedschedule` (`id`),
  CONSTRAINT `django_celery_beat_p_crontab_id_d3cba168_fk_django_ce` FOREIGN KEY (`crontab_id`) REFERENCES `django_celery_beat_crontabschedule` (`id`),
  CONSTRAINT `django_celery_beat_p_interval_id_a8ca27da_fk_django_ce` FOREIGN KEY (`interval_id`) REFERENCES `django_celery_beat_intervalschedule` (`id`),
  CONSTRAINT `django_celery_beat_p_solar_id_a87ce72c_fk_django_ce` FOREIGN KEY (`solar_id`) REFERENCES `django_celery_beat_solarschedule` (`id`),
  CONSTRAINT `django_celery_beat_periodictask_chk_1` CHECK ((`total_run_count` >= 0)),
  CONSTRAINT `django_celery_beat_periodictask_chk_2` CHECK ((`priority` >= 0)),
  CONSTRAINT `django_celery_beat_periodictask_chk_3` CHECK ((`expire_seconds` >= 0))
) ENGINE=InnoDB AUTO_INCREMENT=3 DEFAULT CHARSET=utf8mb4 COLLATE=utf8mb4_0900_ai_ci;
/*!40101 SET character_set_client = @saved_cs_client */;

--
-- Dumping data for table `django_celery_beat_periodictask`
--

LOCK TABLES `django_celery_beat_periodictask` WRITE;
/*!40000 ALTER TABLE `django_celery_beat_periodictask` DISABLE KEYS */;
INSERT INTO `django_celery_beat_periodictask` VALUES (1,'celery.backend_cleanup','celery.backend_cleanup','[]','{}',NULL,NULL,NULL,NULL,1,NULL,0,'2024-12-17 12:51:14.633826','',1,NULL,NULL,0,NULL,NULL,'{}',NULL,43200),(2,'generar-registros-asistencia-5am','apps.reloj_fichador.tasks.generar_registros_asistencia','[]','{}',NULL,NULL,NULL,NULL,1,NULL,0,'2024-12-17 12:51:14.661387','',3,NULL,NULL,0,NULL,NULL,'{}',NULL,NULL);
/*!40000 ALTER TABLE `django_celery_beat_periodictask` ENABLE KEYS */;
UNLOCK TABLES;

--
-- Table structure for table `django_celery_beat_periodictasks`
--

DROP TABLE IF EXISTS `django_celery_beat_periodictasks`;
/*!40101 SET @saved_cs_client     = @@character_set_client */;
/*!50503 SET character_set_client = utf8mb4 */;
CREATE TABLE `django_celery_beat_periodictasks` (
  `ident` smallint NOT NULL,
  `last_update` datetime(6) NOT NULL,
  PRIMARY KEY (`ident`)
) ENGINE=InnoDB DEFAULT CHARSET=utf8mb4 COLLATE=utf8mb4_0900_ai_ci;
/*!40101 SET character_set_client = @saved_cs_client */;

--
-- Dumping data for table `django_celery_beat_periodictasks`
--

LOCK TABLES `django_celery_beat_periodictasks` WRITE;
/*!40000 ALTER TABLE `django_celery_beat_periodictasks` DISABLE KEYS */;
INSERT INTO `django_celery_beat_periodictasks` VALUES (1,'2024-12-17 12:51:14.662506');
/*!40000 ALTER TABLE `django_celery_beat_periodictasks` ENABLE KEYS */;
UNLOCK TABLES;

--
-- Table structure for table `django_celery_beat_solarschedule`
--

DROP TABLE IF EXISTS `django_celery_beat_solarschedule`;
/*!40101 SET @saved_cs_client     = @@character_set_client */;
/*!50503 SET character_set_client = utf8mb4 */;
CREATE TABLE `django_celery_beat_solarschedule` (
  `id` int NOT NULL AUTO_INCREMENT,
  `event` varchar(24) NOT NULL,
  `latitude` decimal(9,6) NOT NULL,
  `longitude` decimal(9,6) NOT NULL,
  PRIMARY KEY (`id`),
  UNIQUE KEY `django_celery_beat_solar_event_latitude_longitude_ba64999a_uniq` (`event`,`latitude`,`longitude`)
) ENGINE=InnoDB DEFAULT CHARSET=utf8mb4 COLLATE=utf8mb4_0900_ai_ci;
/*!40101 SET character_set_client = @saved_cs_client */;

--
-- Dumping data for table `django_celery_beat_solarschedule`
--

LOCK TABLES `django_celery_beat_solarschedule` WRITE;
/*!40000 ALTER TABLE `django_celery_beat_solarschedule` DISABLE KEYS */;
/*!40000 ALTER TABLE `django_celery_beat_solarschedule` ENABLE KEYS */;
UNLOCK TABLES;

--
-- Table structure for table `django_celery_results_chordcounter`
--

DROP TABLE IF EXISTS `django_celery_results_chordcounter`;
/*!40101 SET @saved_cs_client     = @@character_set_client */;
/*!50503 SET character_set_client = utf8mb4 */;
CREATE TABLE `django_celery_results_chordcounter` (
  `id` int NOT NULL AUTO_INCREMENT,
  `group_id` varchar(255) NOT NULL,
  `sub_tasks` longtext NOT NULL,
  `count` int unsigned NOT NULL,
  PRIMARY KEY (`id`),
  UNIQUE KEY `group_id` (`group_id`),
  CONSTRAINT `django_celery_results_chordcounter_chk_1` CHECK ((`count` >= 0))
) ENGINE=InnoDB DEFAULT CHARSET=utf8mb4 COLLATE=utf8mb4_0900_ai_ci;
/*!40101 SET character_set_client = @saved_cs_client */;

--
-- Dumping data for table `django_celery_results_chordcounter`
--

LOCK TABLES `django_celery_results_chordcounter` WRITE;
/*!40000 ALTER TABLE `django_celery_results_chordcounter` DISABLE KEYS */;
/*!40000 ALTER TABLE `django_celery_results_chordcounter` ENABLE KEYS */;
UNLOCK TABLES;

--
-- Table structure for table `django_celery_results_groupresult`
--

DROP TABLE IF EXISTS `django_celery_results_groupresult`;
/*!40101 SET @saved_cs_client     = @@character_set_client */;
/*!50503 SET character_set_client = utf8mb4 */;
CREATE TABLE `django_celery_results_groupresult` (
  `id` int NOT NULL AUTO_INCREMENT,
  `group_id` varchar(255) NOT NULL,
  `date_created` datetime(6) NOT NULL,
  `date_done` datetime(6) NOT NULL,
  `content_type` varchar(128) NOT NULL,
  `content_encoding` varchar(64) NOT NULL,
  `result` longtext,
  PRIMARY KEY (`id`),
  UNIQUE KEY `group_id` (`group_id`),
  KEY `django_cele_date_cr_bd6c1d_idx` (`date_created`),
  KEY `django_cele_date_do_caae0e_idx` (`date_done`)
) ENGINE=InnoDB DEFAULT CHARSET=utf8mb4 COLLATE=utf8mb4_0900_ai_ci;
/*!40101 SET character_set_client = @saved_cs_client */;

--
-- Dumping data for table `django_celery_results_groupresult`
--

LOCK TABLES `django_celery_results_groupresult` WRITE;
/*!40000 ALTER TABLE `django_celery_results_groupresult` DISABLE KEYS */;
/*!40000 ALTER TABLE `django_celery_results_groupresult` ENABLE KEYS */;
UNLOCK TABLES;

--
-- Table structure for table `django_celery_results_taskresult`
--

DROP TABLE IF EXISTS `django_celery_results_taskresult`;
/*!40101 SET @saved_cs_client     = @@character_set_client */;
/*!50503 SET character_set_client = utf8mb4 */;
CREATE TABLE `django_celery_results_taskresult` (
  `id` int NOT NULL AUTO_INCREMENT,
  `task_id` varchar(255) NOT NULL,
  `status` varchar(50) NOT NULL,
  `content_type` varchar(128) NOT NULL,
  `content_encoding` varchar(64) NOT NULL,
  `result` longtext,
  `date_done` datetime(6) NOT NULL,
  `traceback` longtext,
  `meta` longtext,
  `task_args` longtext,
  `task_kwargs` longtext,
  `task_name` varchar(255) DEFAULT NULL,
  `worker` varchar(100) DEFAULT NULL,
  `date_created` datetime(6) NOT NULL,
  `periodic_task_name` varchar(255) DEFAULT NULL,
  PRIMARY KEY (`id`),
  UNIQUE KEY `task_id` (`task_id`),
  KEY `django_cele_task_na_08aec9_idx` (`task_name`),
  KEY `django_cele_status_9b6201_idx` (`status`),
  KEY `django_cele_worker_d54dd8_idx` (`worker`),
  KEY `django_cele_date_cr_f04a50_idx` (`date_created`),
  KEY `django_cele_date_do_f59aad_idx` (`date_done`)
) ENGINE=InnoDB DEFAULT CHARSET=utf8mb4 COLLATE=utf8mb4_0900_ai_ci;
/*!40101 SET character_set_client = @saved_cs_client */;

--
-- Dumping data for table `django_celery_results_taskresult`
--

LOCK TABLES `django_celery_results_taskresult` WRITE;
/*!40000 ALTER TABLE `django_celery_results_taskresult` DISABLE KEYS */;
/*!40000 ALTER TABLE `django_celery_results_taskresult` ENABLE KEYS */;
UNLOCK TABLES;

--
-- Table structure for table `django_content_type`
--

DROP TABLE IF EXISTS `django_content_type`;
/*!40101 SET @saved_cs_client     = @@character_set_client */;
/*!50503 SET character_set_client = utf8mb4 */;
CREATE TABLE `django_content_type` (
  `id` int NOT NULL AUTO_INCREMENT,
  `app_label` varchar(100) NOT NULL,
  `model` varchar(100) NOT NULL,
  PRIMARY KEY (`id`),
  UNIQUE KEY `django_content_type_app_label_model_76bd3d3b_uniq` (`app_label`,`model`)
) ENGINE=InnoDB AUTO_INCREMENT=49 DEFAULT CHARSET=utf8mb4 COLLATE=utf8mb4_0900_ai_ci;
/*!40101 SET character_set_client = @saved_cs_client */;

--
-- Dumping data for table `django_content_type`
--

LOCK TABLES `django_content_type` WRITE;
/*!40000 ALTER TABLE `django_content_type` DISABLE KEYS */;
INSERT INTO `django_content_type` VALUES (1,'admin','logentry'),(42,'admin_interface','theme'),(7,'apps','admin'),(11,'apps','entrada'),(10,'apps','entradatra'),(8,'apps','horasmensual'),(9,'apps','operario'),(12,'apps','salida'),(13,'apps','salidatra'),(3,'auth','group'),(2,'auth','permission'),(4,'auth','user'),(5,'contenttypes','contenttype'),(38,'django_celery_beat','clockedschedule'),(33,'django_celery_beat','crontabschedule'),(34,'django_celery_beat','intervalschedule'),(35,'django_celery_beat','periodictask'),(36,'django_celery_beat','periodictasks'),(37,'django_celery_beat','solarschedule'),(40,'django_celery_results','chordcounter'),(41,'django_celery_results','groupresult'),(39,'django_celery_results','taskresult'),(20,'reloj_fichador','admin'),(29,'reloj_fichador','area'),(15,'reloj_fichador','entrada'),(22,'reloj_fichador','entrada_transitoria'),(17,'reloj_fichador','entradatra'),(47,'reloj_fichador','historicaloperario'),(48,'reloj_fichador','historicalregistrodiario'),(30,'reloj_fichador','horario'),(27,'reloj_fichador','horas_extras'),(25,'reloj_fichador','horas_feriado'),(28,'reloj_fichador','horas_totales'),(26,'reloj_fichador','horas_trabajadas'),(19,'reloj_fichador','horasmensual'),(31,'reloj_fichador','licencia'),(23,'reloj_fichador','licencias'),(14,'reloj_fichador','operario'),(32,'reloj_fichador','registroasistencia'),(21,'reloj_fichador','registrodiario'),(18,'reloj_fichador','salida'),(24,'reloj_fichador','salida_transitoria'),(16,'reloj_fichador','salidatra'),(43,'report_builder','displayfield'),(44,'report_builder','filterfield'),(45,'report_builder','format'),(46,'report_builder','report'),(6,'sessions','session');
/*!40000 ALTER TABLE `django_content_type` ENABLE KEYS */;
UNLOCK TABLES;

--
-- Table structure for table `django_migrations`
--

DROP TABLE IF EXISTS `django_migrations`;
/*!40101 SET @saved_cs_client     = @@character_set_client */;
/*!50503 SET character_set_client = utf8mb4 */;
CREATE TABLE `django_migrations` (
  `id` bigint NOT NULL AUTO_INCREMENT,
  `app` varchar(255) NOT NULL,
  `name` varchar(255) NOT NULL,
  `applied` datetime(6) NOT NULL,
  PRIMARY KEY (`id`)
) ENGINE=InnoDB AUTO_INCREMENT=116 DEFAULT CHARSET=utf8mb4 COLLATE=utf8mb4_0900_ai_ci;
/*!40101 SET character_set_client = @saved_cs_client */;

--
-- Dumping data for table `django_migrations`
--

LOCK TABLES `django_migrations` WRITE;
/*!40000 ALTER TABLE `django_migrations` DISABLE KEYS */;
INSERT INTO `django_migrations` VALUES (1,'contenttypes','0001_initial','2024-08-05 14:47:30.331449'),(2,'auth','0001_initial','2024-08-05 14:47:30.581437'),(3,'admin','0001_initial','2024-08-05 14:47:30.643938'),(4,'admin','0002_logentry_remove_auto_add','2024-08-05 14:47:30.643938'),(5,'admin','0003_logentry_add_action_flag_choices','2024-08-05 14:47:30.643938'),(6,'apps','0001_initial','2024-08-05 14:47:30.800187'),(7,'contenttypes','0002_remove_content_type_name','2024-08-05 14:47:30.831437'),(8,'auth','0002_alter_permission_name_max_length','2024-08-05 14:47:30.862687'),(9,'auth','0003_alter_user_email_max_length','2024-08-05 14:47:30.862687'),(10,'auth','0004_alter_user_username_opts','2024-08-05 14:47:30.878313'),(11,'auth','0005_alter_user_last_login_null','2024-08-05 14:47:30.893936'),(12,'auth','0006_require_contenttypes_0002','2024-08-05 14:47:30.893936'),(13,'auth','0007_alter_validators_add_error_messages','2024-08-05 14:47:30.909562'),(14,'auth','0008_alter_user_username_max_length','2024-08-05 14:47:30.940811'),(15,'auth','0009_alter_user_last_name_max_length','2024-08-05 14:47:30.972061'),(16,'auth','0010_alter_group_name_max_length','2024-08-05 14:47:30.972061'),(17,'auth','0011_update_proxy_permissions','2024-08-05 14:47:30.987690'),(18,'auth','0012_alter_user_first_name_max_length','2024-08-05 14:47:31.018937'),(19,'sessions','0001_initial','2024-08-05 14:47:31.038979'),(20,'reloj_fichador','0001_initial','2024-08-08 13:28:52.679866'),(21,'reloj_fichador','0002_delete_admin','2024-08-08 13:34:05.275167'),(22,'reloj_fichador','0003_registrodiario_remove_entrada_operario_and_more','2024-08-14 10:22:36.213714'),(23,'reloj_fichador','0004_entrada_entrada_transitoria_licencias_salida_and_more','2024-08-20 10:40:11.148542'),(24,'reloj_fichador','0005_alter_entrada_options_and_more','2024-08-20 13:10:29.737845'),(25,'reloj_fichador','0006_area_delete_entrada_delete_entrada_transitoria_and_more','2024-08-20 13:45:58.717238'),(26,'reloj_fichador','0002_remove_area_horario_area_horarios','2024-08-20 14:44:07.013679'),(27,'reloj_fichador','0003_operario_fecha_ingreso_empresa_and_more','2024-08-22 09:26:40.343682'),(28,'reloj_fichador','0004_remove_horas_extras_mes_horas_extras_fecha','2024-08-22 11:27:55.621409'),(29,'reloj_fichador','0005_registrodiario_origen_fichada_and_more','2024-08-22 14:36:53.158680'),(30,'reloj_fichador','0006_operario_activo','2024-08-23 10:21:04.295875'),(31,'reloj_fichador','0007_rename_horas_totales_horas_totales_horas_extras_and_more','2024-08-24 07:32:15.209765'),(32,'reloj_fichador','0008_alter_horas_trabajadas_options_and_more','2024-08-24 09:42:56.210536'),(33,'reloj_fichador','0009_alter_horas_trabajadas_options_operario_licencias','2024-08-26 10:26:34.708024'),(34,'reloj_fichador','0010_remove_operario_licencias_licencia','2024-08-26 10:35:00.951124'),(35,'reloj_fichador','0011_registroasistencia','2024-08-26 11:58:58.084415'),(36,'django_celery_beat','0001_initial','2024-08-26 12:25:16.846562'),(37,'django_celery_beat','0002_auto_20161118_0346','2024-08-26 12:25:16.891988'),(38,'django_celery_beat','0003_auto_20161209_0049','2024-08-26 12:25:16.906606'),(39,'django_celery_beat','0004_auto_20170221_0000','2024-08-26 12:25:16.909610'),(40,'django_celery_beat','0005_add_solarschedule_events_choices','2024-08-26 12:25:16.912605'),(41,'django_celery_beat','0006_auto_20180322_0932','2024-08-26 12:25:16.965699'),(42,'django_celery_beat','0007_auto_20180521_0826','2024-08-26 12:25:17.001550'),(43,'django_celery_beat','0008_auto_20180914_1922','2024-08-26 12:25:17.021548'),(44,'django_celery_beat','0006_auto_20180210_1226','2024-08-26 12:25:17.033650'),(45,'django_celery_beat','0006_periodictask_priority','2024-08-26 12:25:17.069568'),(46,'django_celery_beat','0009_periodictask_headers','2024-08-26 12:25:17.109365'),(47,'django_celery_beat','0010_auto_20190429_0326','2024-08-26 12:25:17.226364'),(48,'django_celery_beat','0011_auto_20190508_0153','2024-08-26 12:25:17.279278'),(49,'django_celery_beat','0012_periodictask_expire_seconds','2024-08-26 12:25:17.319195'),(50,'django_celery_beat','0013_auto_20200609_0727','2024-08-26 12:25:17.326143'),(51,'django_celery_beat','0014_remove_clockedschedule_enabled','2024-08-26 12:25:17.338143'),(52,'django_celery_beat','0015_edit_solarschedule_events_choices','2024-08-26 12:25:17.343143'),(53,'django_celery_beat','0016_alter_crontabschedule_timezone','2024-08-26 12:25:17.350530'),(54,'django_celery_beat','0017_alter_crontabschedule_month_of_year','2024-08-26 12:25:17.357529'),(55,'django_celery_beat','0018_improve_crontab_helptext','2024-08-26 12:25:17.362527'),(56,'django_celery_beat','0019_alter_periodictasks_options','2024-08-26 12:25:17.365531'),(57,'django_celery_results','0001_initial','2024-08-26 12:25:18.030065'),(58,'django_celery_results','0002_add_task_name_args_kwargs','2024-08-26 12:25:18.055467'),(59,'django_celery_results','0003_auto_20181106_1101','2024-08-26 12:25:18.058465'),(60,'django_celery_results','0004_auto_20190516_0412','2024-08-26 12:25:18.091267'),(61,'django_celery_results','0005_taskresult_worker','2024-08-26 12:25:18.109265'),(62,'django_celery_results','0006_taskresult_date_created','2024-08-26 12:25:18.148280'),(63,'django_celery_results','0007_remove_taskresult_hidden','2024-08-26 12:25:18.174341'),(64,'django_celery_results','0008_chordcounter','2024-08-26 12:25:18.187343'),(65,'django_celery_results','0009_groupresult','2024-08-26 12:25:18.314726'),(66,'django_celery_results','0010_remove_duplicate_indices','2024-08-26 12:25:18.320725'),(67,'django_celery_results','0011_taskresult_periodic_task_name','2024-08-26 12:25:18.329725'),(68,'reloj_fichador','0012_alter_registroasistencia_estado_asistencia_and_more','2024-08-26 13:00:09.185527'),(69,'reloj_fichador','0013_licencia_descripcion_and_more','2024-08-27 08:39:33.387642'),(70,'reloj_fichador','0014_delete_licencias_licencia_fecha_fin_and_more','2024-08-27 08:49:45.064128'),(71,'admin_interface','0001_initial','2024-09-11 11:53:55.033665'),(72,'admin_interface','0002_add_related_modal','2024-09-11 11:53:55.111791'),(73,'admin_interface','0003_add_logo_color','2024-09-11 11:53:55.127416'),(74,'admin_interface','0004_rename_title_color','2024-09-11 11:53:55.143044'),(75,'admin_interface','0005_add_recent_actions_visible','2024-09-11 11:53:55.158666'),(76,'admin_interface','0006_bytes_to_str','2024-09-11 11:53:55.189915'),(77,'admin_interface','0007_add_favicon','2024-09-11 11:53:55.205543'),(78,'admin_interface','0008_change_related_modal_background_opacity_type','2024-09-11 11:53:55.236792'),(79,'admin_interface','0009_add_enviroment','2024-09-11 11:53:55.268040'),(80,'admin_interface','0010_add_localization','2024-09-11 11:53:55.283666'),(81,'admin_interface','0011_add_environment_options','2024-09-11 11:53:55.330540'),(82,'admin_interface','0012_update_verbose_names','2024-09-11 11:53:55.330540'),(83,'admin_interface','0013_add_related_modal_close_button','2024-09-11 11:53:55.361790'),(84,'admin_interface','0014_name_unique','2024-09-11 11:53:55.361790'),(85,'admin_interface','0015_add_language_chooser_active','2024-09-11 11:53:55.408665'),(86,'admin_interface','0016_add_language_chooser_display','2024-09-11 11:53:55.424289'),(87,'admin_interface','0017_change_list_filter_dropdown','2024-09-11 11:53:55.439915'),(88,'admin_interface','0018_theme_list_filter_sticky','2024-09-11 11:53:55.455540'),(89,'admin_interface','0019_add_form_sticky','2024-09-11 11:53:55.486790'),(90,'admin_interface','0020_module_selected_colors','2024-09-11 11:53:55.549291'),(91,'admin_interface','0021_file_extension_validator','2024-09-11 11:53:55.549291'),(92,'admin_interface','0022_add_logo_max_width_and_height','2024-09-11 11:53:55.627416'),(93,'admin_interface','0023_theme_foldable_apps','2024-09-11 11:53:55.658667'),(94,'admin_interface','0024_remove_theme_css','2024-09-11 11:53:55.658667'),(95,'admin_interface','0025_theme_language_chooser_control','2024-09-11 11:53:55.689915'),(96,'admin_interface','0026_theme_list_filter_highlight','2024-09-11 11:53:55.705541'),(97,'admin_interface','0027_theme_list_filter_removal_links','2024-09-11 11:53:55.737176'),(98,'admin_interface','0028_theme_show_fieldsets_as_tabs_and_more','2024-09-11 11:53:55.784059'),(99,'admin_interface','0029_theme_css_generic_link_active_color','2024-09-11 11:53:55.799685'),(100,'admin_interface','0030_theme_collapsible_stacked_inlines_and_more','2024-09-11 11:53:55.893433'),(101,'reloj_fichador','0015_operario_foto','2024-09-12 14:32:38.966180'),(102,'report_builder','0001_initial','2024-09-12 15:20:07.946739'),(103,'report_builder','0002_auto_20150201_1809','2024-09-12 15:20:07.982739'),(104,'report_builder','0003_auto_20150720_1549','2024-09-12 15:20:07.990740'),(105,'report_builder','0004_auto_20170915_2046','2024-09-12 15:20:07.997742'),(106,'report_builder','0005_add_delta_filtering','2024-09-12 15:20:08.017739'),(107,'report_builder','0006_auto_20180413_0747','2024-09-12 15:20:08.025739'),(108,'report_builder','0007_auto_20190214_1405','2024-09-12 15:20:08.030739'),(109,'report_builder','0008_alter_displayfield_id_alter_filterfield_id_and_more','2024-09-12 15:32:39.520350'),(110,'reloj_fichador','0016_operario_descripcion','2024-10-04 09:41:21.645270'),(111,'reloj_fichador','0017_registrodiario_inconsistencia','2024-10-04 09:41:21.662958'),(112,'reloj_fichador','0018_alter_registrodiario_inconsistencia','2024-10-04 09:41:21.766331'),(113,'reloj_fichador','0019_historicaloperario_historicalregistrodiario_and_more','2024-12-11 15:54:58.747711'),(114,'reloj_fichador','0020_historicalregistrodiario_valido_and_more','2024-12-16 12:02:57.770054'),(115,'reloj_fichador','0021_historicalregistrodiario_descripcion_inconsistencia_and_more','2024-12-17 10:34:39.185363');
/*!40000 ALTER TABLE `django_migrations` ENABLE KEYS */;
UNLOCK TABLES;

--
-- Table structure for table `django_session`
--

DROP TABLE IF EXISTS `django_session`;
/*!40101 SET @saved_cs_client     = @@character_set_client */;
/*!50503 SET character_set_client = utf8mb4 */;
CREATE TABLE `django_session` (
  `session_key` varchar(40) NOT NULL,
  `session_data` longtext NOT NULL,
  `expire_date` datetime(6) NOT NULL,
  PRIMARY KEY (`session_key`),
  KEY `django_session_expire_date_a5c62663` (`expire_date`)
) ENGINE=InnoDB DEFAULT CHARSET=utf8mb4 COLLATE=utf8mb4_0900_ai_ci;
/*!40101 SET character_set_client = @saved_cs_client */;

--
-- Dumping data for table `django_session`
--

LOCK TABLES `django_session` WRITE;
/*!40000 ALTER TABLE `django_session` DISABLE KEYS */;
INSERT INTO `django_session` VALUES ('1mygqnino2u3rqxg6okzyom2rr4iasgs','.eJxVjMsOwiAQRf-FtSG8BZfu-w1kYAapGkhKuzL-uzbpQrf3nHNfLMK21rgNWuKM7MIUO_1uCfKD2g7wDu3Wee5tXebEd4UfdPCpIz2vh_t3UGHUb-18Fta54rSHcwBXgtW5CItAUgYFCCYZG4wgI0tJToZUPKFWRNYr1Oz9Ad5pOBM:1tLRwS:-of101xIZk46hXevS7S2JUf8-y_63RAYJ6I67RyzDxQ','2025-12-11 16:00:12.155120'),('205vhlh2ch8a0bxqse1onos9qfn53rxk','.eJxVjDsOwjAQRO_iGln-4Q8lPWew1us1DiBbipMKcXcSKQWUM-_NvFmEdalxHTTHKbMLU-z02yXAJ7Ud5Ae0e-fY2zJPie8KP-jgt57pdT3cv4MKo25r8paSdMGACOcQQOditEcVfEK1JVsUaY1agpbSCi-RUhHOFu-UEtmwzxfcEDdz:1sjeso:qhchHc_gpmqEIkDLayjcRSUoz6CtthK-2FNN76Jm_Ww','2024-09-28 10:08:14.237646'),('3k74bv4ch9nigwcla82f35fya9k6pbw7','.eJxVjDsOwjAQRO_iGln-4Q8lPWew1us1DiBbipMKcXcSKQWUM-_NvFmEdalxHTTHKbMLU-z02yXAJ7Ud5Ae0e-fY2zJPie8KP-jgt57pdT3cv4MKo25r8paSdMGACOcQQOditEcVfEK1JVsUaY1agpbSCi-RUhHOFu-UEtmwzxfcEDdz:1sjhMj:liI3546696uJC0_uBlZ31VN_btWoLVk6nX4KtzSFPqw','2025-08-29 12:47:17.780226'),('3pckkbmpwwtxrk33ry9surfh4d0n7i3n','.eJxVjDsOwjAQRO_iGln-4Q8lPWew1us1DiBbipMKcXcSKQWUM-_NvFmEdalxHTTHKbMLU-z02yXAJ7Ud5Ae0e-fY2zJPie8KP-jgt57pdT3cv4MKo25r8paSdMGACOcQQOditEcVfEK1JVsUaY1agpbSCi-RUhHOFu-UEtmwzxfcEDdz:1smuAK:26-6WoonJD3gbN0-za8ecMVE_73BxRFgMmgQdiijFDk','2025-09-07 09:03:44.388895'),('469tevelycfvszkiemjysdgeb1akobzl','.eJxVjDsOwjAQRO_iGln-4Q8lPWew1us1DiBbipMKcXcSKQWUM-_NvFmEdalxHTTHKbMLU-z02yXAJ7Ud5Ae0e-fY2zJPie8KP-jgt57pdT3cv4MKo25r8paSdMGACOcQQOditEcVfEK1JVsUaY1agpbSCi-RUhHOFu-UEtmwzxfcEDdz:1sxpqy:tCSd_9wTClzisjfzjz8V2R6s4MGIkIM18qQms-L1TTg','2025-10-07 12:40:56.966808'),('47nzsq45k2xy9wk8v2oenf0ji1fuddmt','.eJxVjDsOwjAQRO_iGln-4Q8lPWew1us1DiBbipMKcXcSKQWUM-_NvFmEdalxHTTHKbMLU-z02yXAJ7Ud5Ae0e-fY2zJPie8KP-jgt57pdT3cv4MKo25r8paSdMGACOcQQOditEcVfEK1JVsUaY1agpbSCi-RUhHOFu-UEtmwzxfcEDdz:1slusc:568wMdSn0-jYSK6fUYsi9hqjEgt94AZ9_OLrPkS00n0','2025-09-04 15:37:22.681734'),('4sdu9rzzaovbug5jmenjyws3izxzvqo4','.eJxVjDsOwjAQRO_iGln-4Q8lPWew1us1DiBbipMKcXcSKQWUM-_NvFmEdalxHTTHKbMLU-z02yXAJ7Ud5Ae0e-fY2zJPie8KP-jgt57pdT3cv4MKo25r8paSdMGACOcQQOditEcVfEK1JVsUaY1agpbSCi-RUhHOFu-UEtmwzxfcEDdz:1t9Q3I:FuTmVABLXXeyAEV7cGzAZvGbOdk_Q3SPc9E88pX6orU','2025-11-08 11:33:32.239318'),('58ao10cpjyjf0u6h3rcto4j4idf63v9g','.eJxVjDsOwjAQRO_iGln-4Q8lPWew1us1DiBbipMKcXcSKQWUM-_NvFmEdalxHTTHKbMLU-z02yXAJ7Ud5Ae0e-fY2zJPie8KP-jgt57pdT3cv4MKo25r8paSdMGACOcQQOditEcVfEK1JVsUaY1agpbSCi-RUhHOFu-UEtmwzxfcEDdz:1slBoX:O11b4zLo8roI9cAQ4AeKZPb6LeR-KQyCyNhnAgWNAr0','2025-09-02 15:30:09.815795'),('5lrmoniakeyis7rzd79zq3xh3f59kvip','.eJxVjDsOwjAQRO_iGln-4Q8lPWew1us1DiBbipMKcXcSKQWUM-_NvFmEdalxHTTHKbMLU-z02yXAJ7Ud5Ae0e-fY2zJPie8KP-jgt57pdT3cv4MKo25r8paSdMGACOcQQOditEcVfEK1JVsUaY1agpbSCi-RUhHOFu-UEtmwzxfcEDdz:1t5V6Z:Gp2IZvdQhbHYbqOwBX1cU3xbFEtPfA5X4y0dMj5HwW8','2025-10-28 16:08:43.867562'),('60im2taxf74qypjvo2pa68wiiac6amp2','.eJxVjEEOwiAQRe_C2pAiDCMu3fcMZJhBqRpISrsy3l2bdKHb_977LxVpXUpce57jJOqsQB1-t0T8yHUDcqd6a5pbXeYp6U3RO-16bJKfl939OyjUy7c24AOFwV3ZAwGw8dmKJHY2GzAEgwQWCwmdPzIiJm8AQ8ITOWLwpN4f2uY3qA:1t6U8I:-6TA8Shj8ZDHx__5wkjXL7HnLy0C-onUUC9Sb3GAmBE','2025-10-31 09:18:34.652225'),('6ndt91zrsrelwvxbh1lwunq9or4470tr','.eJxVjDsOwjAQRO_iGln-4Q8lPWew1us1DiBbipMKcXcSKQWUM-_NvFmEdalxHTTHKbMLU-z02yXAJ7Ud5Ae0e-fY2zJPie8KP-jgt57pdT3cv4MKo25r8paSdMGACOcQQOditEcVfEK1JVsUaY1agpbSCi-RUhHOFu-UEtmwzxfcEDdz:1sizVE:MeUQu-zifdr3J5RAiOQDsDA3kje6T2f6ocbFIwLIzbs','2024-09-10 13:57:08.281144'),('6yvi71fbiv8ghw4hynojadd2m08dz4t0','.eJxVjDsOwjAQRO_iGln-4Q8lPWew1us1DiBbipMKcXcSKQWUM-_NvFmEdalxHTTHKbMLU-z02yXAJ7Ud5Ae0e-fY2zJPie8KP-jgt57pdT3cv4MKo25r8paSdMGACOcQQOditEcVfEK1JVsUaY1agpbSCi-RUhHOFu-UEtmwzxfcEDdz:1sjJPA:Xf3lqxywsI22FZXUWKxGcJPPkAJBWpaVS1sapqNpWQw','2024-09-11 11:12:12.126783'),('7dhpp5hhwl0nl6rbmcqgwdtjhn3hrybn','.eJxVjDsOwjAQRO_iGln-4Q8lPWew1us1DiBbipMKcXcSKQWUM-_NvFmEdalxHTTHKbMLU-z02yXAJ7Ud5Ae0e-fY2zJPie8KP-jgt57pdT3cv4MKo25r8paSdMGACOcQQOditEcVfEK1JVsUaY1agpbSCi-RUhHOFu-UEtmwzxfcEDdz:1t6AKq:pSpXTUb650OkWMIqnaePBf6EiipmW-3FkTYoXCT0vfo','2025-10-30 12:10:12.778163'),('7wwfzdjzbtqx2i89ud7guvwhr4xg417q','.eJxVjDsOwjAQRO_iGln-4Q8lPWew1us1DiBbipMKcXcSKQWUM-_NvFmEdalxHTTHKbMLU-z02yXAJ7Ud5Ae0e-fY2zJPie8KP-jgt57pdT3cv4MKo25r8paSdMGACOcQQOditEcVfEK1JVsUaY1agpbSCi-RUhHOFu-UEtmwzxfcEDdz:1slYj4:7n2yleNdiYJPCy3aq4UqJqxXGQ_6xpl2SrNpdFE8xeQ','2025-09-03 15:58:02.575997'),('8mfw9lpe76z1y5edwbty3i0u943odtv1','.eJxVjDsOwjAQRO_iGln-4Q8lPWew1us1DiBbipMKcXcSKQWUM-_NvFmEdalxHTTHKbMLU-z02yXAJ7Ud5Ae0e-fY2zJPie8KP-jgt57pdT3cv4MKo25r8paSdMGACOcQQOditEcVfEK1JVsUaY1agpbSCi-RUhHOFu-UEtmwzxfcEDdz:1soiF7:YsfMODWvXFPZ9-4lpYGuyiGVTnBnP3m_W0nTsAoiIQY','2025-09-12 08:44:09.741214'),('amh2ojwtisbtwwad4559kcqfukz6112t','e30:1t6TWj:Fsm1RBAXZrO9lLa9FSqwtq1kP5Wo2BqMtPG1tT6WXC0','2025-10-31 08:39:45.467201'),('c5b2g0e4a50aq16c29ndo047wfnhzs96','.eJxVjDsOwjAQRO_iGln-4Q8lPWew1us1DiBbipMKcXcSKQWUM-_NvFmEdalxHTTHKbMLU-z02yXAJ7Ud5Ae0e-fY2zJPie8KP-jgt57pdT3cv4MKo25r8paSdMGACOcQQOditEcVfEK1JVsUaY1agpbSCi-RUhHOFu-UEtmwzxfcEDdz:1smblZ:m__86SsxijXmGMMaCznq1a23MpHzzEWSgRjK1Hjqaq8','2025-09-06 13:24:57.527824'),('cb5823gmmy4ihgw1llqckr3om27omus0','.eJxVjDsOwjAQRO_iGln-4Q8lPWew1us1DiBbipMKcXcSKQWUM-_NvFmEdalxHTTHKbMLU-z02yXAJ7Ud5Ae0e-fY2zJPie8KP-jgt57pdT3cv4MKo25r8paSdMGACOcQQOditEcVfEK1JVsUaY1agpbSCi-RUhHOFu-UEtmwzxfcEDdz:1stAfs:B4qoDT4NXHyBsMpS7C11Kw6Ddg_RCStrN6XKRo2T-40','2025-09-24 15:54:12.791893'),('cfud42nrsohniqv2c9qvyzyuyqx8xl3g','.eJxVjDsOwjAQRO_iGln-4Q8lPWew1us1DiBbipMKcXcSKQWUM-_NvFmEdalxHTTHKbMLU-z02yXAJ7Ud5Ae0e-fY2zJPie8KP-jgt57pdT3cv4MKo25r8paSdMGACOcQQOditEcVfEK1JVsUaY1agpbSCi-RUhHOFu-UEtmwzxfcEDdz:1sjfS9:7GTelNjaKyWIYfmeiWaJ3CDQUrK13VSeiATxWQm-THU','2024-09-28 10:44:45.744090'),('ckemwut7yd4stvq8js7bgwkig1u54vzi','.eJxVjDsOwjAQRO_iGln-4Q8lPWew1us1DiBbipMKcXcSKQWUM-_NvFmEdalxHTTHKbMLU-z02yXAJ7Ud5Ae0e-fY2zJPie8KP-jgt57pdT3cv4MKo25r8paSdMGACOcQQOditEcVfEK1JVsUaY1agpbSCi-RUhHOFu-UEtmwzxfcEDdz:1sjfJd:G57woLntlqx2qj5N0lh1jmJClVkSlRlfj-mYwWwXbGs','2024-09-28 10:35:57.669870'),('crx69sityzsst9sz533xamby4bl6lbhy','.eJxVjDsOwjAQRO_iGln-4Q8lPWew1us1DiBbipMKcXcSKQWUM-_NvFmEdalxHTTHKbMLU-z02yXAJ7Ud5Ae0e-fY2zJPie8KP-jgt57pdT3cv4MKo25r8paSdMGACOcQQOditEcVfEK1JVsUaY1agpbSCi-RUhHOFu-UEtmwzxfcEDdz:1t6poy:xcASoAAy-bnEme1jjVkwN_Q5gjhHgeJuBsb-VWNBcA0','2025-11-01 08:28:04.894489'),('dwj6z6sxwfz056gctrn4zdvonjhuf0vo','.eJxVjDsOwjAQRO_iGln-4Q8lPWew1us1DiBbipMKcXcSKQWUM-_NvFmEdalxHTTHKbMLU-z02yXAJ7Ud5Ae0e-fY2zJPie8KP-jgt57pdT3cv4MKo25r8paSdMGACOcQQOditEcVfEK1JVsUaY1agpbSCi-RUhHOFu-UEtmwzxfcEDdz:1sjgdL:vhWDilj7FMVnZmNA-PgmRKvHg0qtdBl2qMw71H1a54k','2025-08-29 12:00:23.770324'),('e2cxqhuogyvoe23isudbjzxd6hxt3peh','.eJxVjDsOwjAQRO_iGln-4Q8lPWew1us1DiBbipMKcXcSKQWUM-_NvFmEdalxHTTHKbMLU-z02yXAJ7Ud5Ae0e-fY2zJPie8KP-jgt57pdT3cv4MKo25r8paSdMGACOcQQOditEcVfEK1JVsUaY1agpbSCi-RUhHOFu-UEtmwzxfcEDdz:1sc1UM:h7IXvwSDBrSWINdConLv7WcSGTpyJMJLXV4b8k4HQpY','2024-08-22 11:39:26.377597'),('f0irkiz6imc53b4yvut39hcqscnezuro','.eJxVjMsOwiAQRf-FtSG8BZfu-w1kYAapGkhKuzL-uzbpQrf3nHNfLMK21rgNWuKM7MIUO_1uCfKD2g7wDu3Wee5tXebEd4UfdPCpIz2vh_t3UGHUb-18Fta54rSHcwBXgtW5CItAUgYFCCYZG4wgI0tJToZUPKFWRNYr1Oz9Ad5pOBM:1tNa2S:0g6cEmLcbltQ3GAM4gg5ELj8Nybc35yINlXUNnEtL-M','2025-12-17 13:03:12.046121'),('f3pelpvhei6nf28l1janm7dy2dfwos3g','e30:1t6sbI:H7dFLhYSFMj6UUsYc1XRTFrqzF4CPbLpQBbIJaNG11U','2025-11-01 11:26:08.281686'),('fytjqpqhpwctps4memis90hqckmt1x88','e30:1t141m:aikCZwPlywfb25jdiYKP8b7rX7p8K9wv3Fn_dZk3wsI','2025-10-16 10:25:26.604060'),('h586bp32tl9lfp1kqeqou5yrku400swq','.eJxVjDsOwjAQRO_iGln-4Q8lPWew1us1DiBbipMKcXcSKQWUM-_NvFmEdalxHTTHKbMLU-z02yXAJ7Ud5Ae0e-fY2zJPie8KP-jgt57pdT3cv4MKo25r8paSdMGACOcQQOditEcVfEK1JVsUaY1agpbSCi-RUhHOFu-UEtmwzxfcEDdz:1tAs4K:7F0SjnUTuNGDNbsTkrivNIIoTifyvvJDwzbISUgv5tY','2025-11-12 11:40:36.369966'),('ibz9lnmw45s63cdt6onhri95t0hh6e1w','.eJxVjDsOwjAQRO_iGln-4Q8lPWew1us1DiBbipMKcXcSKQWUM-_NvFmEdalxHTTHKbMLU-z02yXAJ7Ud5Ae0e-fY2zJPie8KP-jgt57pdT3cv4MKo25r8paSdMGACOcQQOditEcVfEK1JVsUaY1agpbSCi-RUhHOFu-UEtmwzxfcEDdz:1t8HYs:-VQBd4tI3NDrvZVIjjRw2mlSGJ3AlTWp1UqYextHwZo','2025-11-05 08:17:26.600426'),('ijnskmp4eis53h3g0r0tbr55qaeodmjh','.eJxVjDsOwjAQRO_iGln-4Q8lPWew1us1DiBbipMKcXcSKQWUM-_NvFmEdalxHTTHKbMLU-z02yXAJ7Ud5Ae0e-fY2zJPie8KP-jgt57pdT3cv4MKo25r8paSdMGACOcQQOditEcVfEK1JVsUaY1agpbSCi-RUhHOFu-UEtmwzxfcEDdz:1sk0Fw:usEniUFB2yQm3nsLRilcAYnsVN4KWx4OlDPzEOtiB0w','2025-08-30 08:57:32.125734'),('ipp9kyei47v98ot3digxk668xbke8r2n','e30:1t8Iar:qhO1ZKf48ispShgMfekhEMtA4O2_T9Z7m4Hgmc_9GXQ','2025-11-05 09:23:33.304465'),('iuztrs77e5uj432fg960jfmgq3tz7d64','e30:1tAs3J:k-gq6bWTSmVxrxspElxCDEVpy38lLw9yvNCCF6kHzVM','2025-11-12 11:39:33.986615'),('ix6wrt4ccf3o66g0x55e9vfrzhkd54tm','.eJxVjDsOwjAQRO_iGln-4Q8lPWew1us1DiBbipMKcXcSKQWUM-_NvFmEdalxHTTHKbMLU-z02yXAJ7Ud5Ae0e-fY2zJPie8KP-jgt57pdT3cv4MKo25r8paSdMGACOcQQOditEcVfEK1JVsUaY1agpbSCi-RUhHOFu-UEtmwzxfcEDdz:1soSYg:QglVnJPhh4fHKc8AESXgUaW-yMpMbrM7YW3WUUPpPTc','2025-09-11 15:59:18.873135'),('jcf5atults9anjqs5kn2aorbv7m3bwdi','.eJxVjDsOwjAQRO_iGln-4Q8lPWew1us1DiBbipMKcXcSKQWUM-_NvFmEdalxHTTHKbMLU-z02yXAJ7Ud5Ae0e-fY2zJPie8KP-jgt57pdT3cv4MKo25r8paSdMGACOcQQOditEcVfEK1JVsUaY1agpbSCi-RUhHOFu-UEtmwzxfcEDdz:1sjkP9:04X5ObevsnM8WzQR58rYFecVIe57QVzXgs1nmLJtbtw','2025-08-29 16:01:59.935290'),('jv2yphw0y0fr3vs6k9bjtvpmhgfc3gnp','.eJxVjDsOwjAQRO_iGln-4Q8lPWew1us1DiBbipMKcXcSKQWUM-_NvFmEdalxHTTHKbMLU-z02yXAJ7Ud5Ae0e-fY2zJPie8KP-jgt57pdT3cv4MKo25r8paSdMGACOcQQOditEcVfEK1JVsUaY1agpbSCi-RUhHOFu-UEtmwzxfcEDdz:1slsQB:EWeZERc2rI6zCE8Ss4CMToYtryXOK0P2GZ6KMgfsXVw','2025-09-04 12:59:51.162314'),('k9p3kqbpbdp5xtgrwj6a2sayuoahs2zg','.eJxVjMsOwiAURP-FtSFQ3i7d9xvIhQtSNZCUdmX8d0vShc5yzpl5Ew_7Vvze0-oXJFfCyeW3CxCfqQ6AD6j3RmOr27oEOhR60k7nhul1O92_gwK9jLUKWmubJZOZCcGYytlMeXLKokON3BxxxgEksOCQyYiHiCJrBtwm8vkCzpE3uQ:1sjHql:3pnx-63qpkGNW2UhS1yTR9Zs_UVzbOIXwXbcXyAWJCU','2024-09-11 09:32:35.822977'),('kmb1e4358kyrhmq90usn96kghwg0rbj6','.eJxVjMsOwiAURP-FtSFQ3i7d9xvIhQtSNZCUdmX8d0vShc5yzpl5Ew_7Vvze0-oXJFfCyeW3CxCfqQ6AD6j3RmOr27oEOhR60k7nhul1O92_gwK9jLUKWmubJZOZCcGYytlMeXLKokON3BxxxgEksOCQyYiHiCJrBtwm8vkCzpE3uQ:1seClm:DQyDB6q1ZZ_pIZfd0qz1SYsUiKofnwV48KFFVftJI7k','2024-08-28 12:06:26.776350'),('lizlacig4p39oyk2byzmsr019picds5p','e30:1t7CcZ:eLlD_UUEIUAHnBYefVjzo3zu-Tn9VxQJ867-DSA7yJw','2025-11-02 08:48:47.193721'),('lm34gjtymzaywtnil9r16lyj8l0u9qii','.eJxVjDsOwjAQRO_iGln-4Q8lPWew1us1DiBbipMKcXcSKQWUM-_NvFmEdalxHTTHKbMLU-z02yXAJ7Ud5Ae0e-fY2zJPie8KP-jgt57pdT3cv4MKo25r8paSdMGACOcQQOditEcVfEK1JVsUaY1agpbSCi-RUhHOFu-UEtmwzxfcEDdz:1seGJ0:R1yOg3W6fH9dvbDoJJ0gNsNmHzmvMMTeNYbqBi1Tnak','2024-08-28 12:52:58.374412'),('mj9vm6n297zp52wcr59buu196km1l0uw','.eJxVjDsOwjAQRO_iGln-4Q8lPWew1us1DiBbipMKcXcSKQWUM-_NvFmEdalxHTTHKbMLU-z02yXAJ7Ud5Ae0e-fY2zJPie8KP-jgt57pdT3cv4MKo25r8paSdMGACOcQQOditEcVfEK1JVsUaY1agpbSCi-RUhHOFu-UEtmwzxfcEDdz:1t8IkU:m2TLU-6DWuEcT7jL25FgsHMGsoYmTAr3xjdcp__75LM','2025-11-05 09:33:30.860970'),('mo9llw6qqp7tthlskuacev99qhqgi1z0','.eJxVjEEOwiAQRe_C2hDKUBCX7nsGMjCDVA0kpV0Z765NutDtf-_9lwi4rSVsnZcwk7gII06_W8T04LoDumO9NZlaXZc5yl2RB-1yasTP6-H-HRTs5VsnpRSBS-h1hJyTy4qZkKJFT9qAclZbAPTsTR4ILTCNdLYmj47cAOL9AQTNOGQ:1syZJl:7K57aXNUTD2V3l3ge5O2eL1VHucQy1-yQPSX_bhPox8','2025-10-09 13:13:41.939902'),('mum2jowm06kxq1ytpgxtn1vme2ucpf1p','.eJxVjDsOwjAQRO_iGln-4Q8lPWew1us1DiBbipMKcXcSKQWUM-_NvFmEdalxHTTHKbMLU-z02yXAJ7Ud5Ae0e-fY2zJPie8KP-jgt57pdT3cv4MKo25r8paSdMGACOcQQOditEcVfEK1JVsUaY1agpbSCi-RUhHOFu-UEtmwzxfcEDdz:1t5mNQ:rtYnTyYclrbuw0QjN1zbcRkLPRtX-UZH4VyV7_dT4Ug','2025-10-29 10:35:16.134945'),('nwbupz3rlptvo9w9e38gr7clrhlobh03','.eJxVjDsOwjAQRO_iGln-4Q8lPWew1us1DiBbipMKcXcSKQWUM-_NvFmEdalxHTTHKbMLU-z02yXAJ7Ud5Ae0e-fY2zJPie8KP-jgt57pdT3cv4MKo25r8paSdMGACOcQQOditEcVfEK1JVsUaY1agpbSCi-RUhHOFu-UEtmwzxfcEDdz:1sjdbx:4CVZzqqhswaNUx3k9-AOeX-8wbv1kczKiEOtd4dlFLo','2024-09-12 08:46:45.254000'),('o2g7wq6q5zqxgnfqa6ni6evmcapw8fg4','.eJxVjEEOwiAQRe_C2hDKUBCX7nsGMjCDVA0kpV0Z765NutDtf-_9lwi4rSVsnZcwk7gII06_W8T04LoDumO9NZlaXZc5yl2RB-1yasTP6-H-HRTs5VsnpRSBS-h1hJyTy4qZkKJFT9qAclZbAPTsTR4ILTCNdLYmj47cAOL9AQTNOGQ:1sgTA9:w8l4sCEsTIpC8EHC1Kg3QERfi6aCNnMXpipp7NtVmBo','2024-09-03 15:00:57.083688'),('olwzoja3uusts6w5etwcbrjrelqstyn4','.eJxVjDsOwjAQRO_iGln-4Q8lPWew1us1DiBbipMKcXcSKQWUM-_NvFmEdalxHTTHKbMLU-z02yXAJ7Ud5Ae0e-fY2zJPie8KP-jgt57pdT3cv4MKo25r8paSdMGACOcQQOditEcVfEK1JVsUaY1agpbSCi-RUhHOFu-UEtmwzxfcEDdz:1sc2uc:sR-PmBCtQRobX2oNO1vQ-mkL9bKkWyABxZvOKSOLSI0','2024-08-22 13:10:38.465070'),('p44fmn4egajwpftqnaae9mn0qdmme07o','.eJxVjDsOwjAQRO_iGln-4Q8lPWew1us1DiBbipMKcXcSKQWUM-_NvFmEdalxHTTHKbMLU-z02yXAJ7Ud5Ae0e-fY2zJPie8KP-jgt57pdT3cv4MKo25r8paSdMGACOcQQOditEcVfEK1JVsUaY1agpbSCi-RUhHOFu-UEtmwzxfcEDdz:1soOv1:DKJMShNXyDxoLlVOoImB6Tcb5xCiuIidiAQtSiNMyDg','2025-09-11 12:06:07.648143'),('p846dxqec0w6dz94b64o3b581mdptjzt','.eJxVjDsOwjAQRO_iGln-4Q8lPWew1us1DiBbipMKcXcSKQWUM-_NvFmEdalxHTTHKbMLU-z02yXAJ7Ud5Ae0e-fY2zJPie8KP-jgt57pdT3cv4MKo25r8paSdMGACOcQQOditEcVfEK1JVsUaY1agpbSCi-RUhHOFu-UEtmwzxfcEDdz:1t97lf:sr0LHrj8yMjAFwGKoynY_bcBip4kPhFOhHtw_OkApXQ','2025-11-07 16:02:07.443047'),('pstp7oiuca180r3aasg1v6t8eyw6laob','.eJxVjDsOwjAQRO_iGln-4Q8lPWew1us1DiBbipMKcXcSKQWUM-_NvFmEdalxHTTHKbMLU-z02yXAJ7Ud5Ae0e-fY2zJPie8KP-jgt57pdT3cv4MKo25r8paSdMGACOcQQOditEcVfEK1JVsUaY1agpbSCi-RUhHOFu-UEtmwzxfcEDdz:1t6sRA:h1bKgnjCh8Vdm3GJZvdMkKHpC7cz9E48U6GKVo0HCzo','2025-11-01 11:15:40.377583'),('qbx22r4nkfkqgb4fk56xonisgggzdnos','e30:1t0fMg:3diMb3MoqRrMeS_hk82e7nyNn0jrHnieZiAiafcmlTE','2025-10-15 08:05:22.552228'),('qxydb9mw31k0jcqiiwtrb0pbv7z68nhv','.eJxVjDsOwjAQRO_iGln-4Q8lPWew1us1DiBbipMKcXcSKQWUM-_NvFmEdalxHTTHKbMLU-z02yXAJ7Ud5Ae0e-fY2zJPie8KP-jgt57pdT3cv4MKo25r8paSdMGACOcQQOditEcVfEK1JVsUaY1agpbSCi-RUhHOFu-UEtmwzxfcEDdz:1syb0N:X66wfL6PENhlYBFzqfTquMur5IEVlWAdKfeARL4DuVQ','2025-10-09 15:01:47.530263'),('r2we9bi7lw1v3d5i3zvyjvw0pi28jmwn','.eJxVjDsOwjAQRO_iGln-4Q8lPWew1us1DiBbipMKcXcSKQWUM-_NvFmEdalxHTTHKbMLU-z02yXAJ7Ud5Ae0e-fY2zJPie8KP-jgt57pdT3cv4MKo25r8paSdMGACOcQQOditEcVfEK1JVsUaY1agpbSCi-RUhHOFu-UEtmwzxfcEDdz:1sxot9:LdXAwmuGECnwg0g6Y--N5ZgByUbO010h-kczdlFKVq8','2025-10-07 11:39:07.821705'),('r3vdn50gqn2hfldk1xc6519dm1dfhtre','.eJxVjDsOwjAQRO_iGln-4Q8lPWew1us1DiBbipMKcXcSKQWUM-_NvFmEdalxHTTHKbMLU-z02yXAJ7Ud5Ae0e-fY2zJPie8KP-jgt57pdT3cv4MKo25r8paSdMGACOcQQOditEcVfEK1JVsUaY1agpbSCi-RUhHOFu-UEtmwzxfcEDdz:1srbm8:p1mutdxhEEWreyAvuy6Cp-Wbk6uJZqgyk1Em5KWoRUI','2025-09-20 08:26:12.941965'),('rir11jjg6c7syllivn348a2z7nbplc5x','.eJxVjDsOwjAQRO_iGln-4Q8lPWew1us1DiBbipMKcXcSKQWUM-_NvFmEdalxHTTHKbMLU-z02yXAJ7Ud5Ae0e-fY2zJPie8KP-jgt57pdT3cv4MKo25r8paSdMGACOcQQOditEcVfEK1JVsUaY1agpbSCi-RUhHOFu-UEtmwzxfcEDdz:1t6qrN:fz5BoToTNXvuODKWUeTFksQ41tLHsxvaojUEFgZYUl4','2025-11-01 09:34:37.905969'),('rk0c7g1bjc0lvwnd4p3jkegl40es142u','e30:1tArHG:CAse1tWqqSDJ5zlFxBqPFPGGwXwdDvPr5Ji9XWdlgX8','2025-11-12 10:49:54.340615'),('rtsniwf8dglgyum1lrb9geo0d3ejxt4h','.eJxVjMsOwiAURP-FtSFQ3i7d9xvIhQtSNZCUdmX8d0vShc5yzpl5Ew_7Vvze0-oXJFfCyeW3CxCfqQ6AD6j3RmOr27oEOhR60k7nhul1O92_gwK9jLUKWmubJZOZCcGYytlMeXLKokON3BxxxgEksOCQyYiHiCJrBtwm8vkCzpE3uQ:1sbMXQ:L9C3btOA3snb38b5g5Xvvl9WblNdaGKQ2N9SMe9pHuQ','2024-08-20 15:55:52.872223'),('s38nmy89jysugrbnvapy3l2mxj0qdcw7','e30:1sxnVw:5cVn5Fjpq4HFtEnaGK7IK3F5Q7OZnhqlM8W_cLb6Lk4','2025-10-07 10:11:04.476400'),('su12m80ytlyqk9zoql6n34z1mn7wvgni','.eJxVjDsOwjAQRO_iGln-4Q8lPWew1us1DiBbipMKcXcSKQWUM-_NvFmEdalxHTTHKbMLU-z02yXAJ7Ud5Ae0e-fY2zJPie8KP-jgt57pdT3cv4MKo25r8paSdMGACOcQQOditEcVfEK1JVsUaY1agpbSCi-RUhHOFu-UEtmwzxfcEDdz:1t68r4:YftENtCzXnuEKjseKrAfFQyFABRNE15odf-vHu0xzEA','2025-10-30 10:35:22.716663'),('tgoym3vt74c4aryqlp2owvrvm3mh5drw','.eJxVjDsOwjAQRO_iGln-4Q8lPWew1us1DiBbipMKcXcSKQWUM-_NvFmEdalxHTTHKbMLU-z02yXAJ7Ud5Ae0e-fY2zJPie8KP-jgt57pdT3cv4MKo25r8paSdMGACOcQQOditEcVfEK1JVsUaY1agpbSCi-RUhHOFu-UEtmwzxfcEDdz:1tAs5B:liceCeTm2DCvMW9pMCSS1Bx_sDi2bo5uCzUuwKAcZVQ','2025-11-12 11:41:29.877660'),('tsbc2ewdfqymr2mo8ayq3ok3i8yc30ij','.eJxVjDsOwjAQRO_iGln-4Q8lPWew1us1DiBbipMKcXcSKQWUM-_NvFmEdalxHTTHKbMLU-z02yXAJ7Ud5Ae0e-fY2zJPie8KP-jgt57pdT3cv4MKo25r8paSdMGACOcQQOditEcVfEK1JVsUaY1agpbSCi-RUhHOFu-UEtmwzxfcEDdz:1t6sjs:ySzdtNTUipvm2YZWBENQMTyDqNCnmDWH_rMfKlXv1vE','2025-11-01 11:35:00.876542'),('viyvhnm0ly24l9i2frx33ni8r6n8zayw','.eJxVjDsOwjAQRO_iGln-4Q8lPWew1us1DiBbipMKcXcSKQWUM-_NvFmEdalxHTTHKbMLU-z02yXAJ7Ud5Ae0e-fY2zJPie8KP-jgt57pdT3cv4MKo25r8paSdMGACOcQQOditEcVfEK1JVsUaY1agpbSCi-RUhHOFu-UEtmwzxfcEDdz:1sieIB:J3lOUTeGCCnau5FfBv6jlROcJyV76v1HvxCgnTzwwVM','2024-09-09 15:18:15.286398'),('vxalnb2yrh07ek5hz7gga4l0klmejid0','.eJxVjDsOwjAQRO_iGln-4Q8lPWew1us1DiBbipMKcXcSKQWUM-_NvFmEdalxHTTHKbMLU-z02yXAJ7Ud5Ae0e-fY2zJPie8KP-jgt57pdT3cv4MKo25r8paSdMGACOcQQOditEcVfEK1JVsUaY1agpbSCi-RUhHOFu-UEtmwzxfcEDdz:1sibDU:yyx5WG5NIXI77xM_kgSXHSC5HiUpzGc8CJHEdHHmqYU','2024-09-09 12:01:12.233438'),('w1jvlzetuwienktwbvfi6g8httv5ljem','.eJxVjEEOwiAQRe_C2hDKUBCX7nsGMjCDVA0kpV0Z765NutDtf-_9lwi4rSVsnZcwk7gII06_W8T04LoDumO9NZlaXZc5yl2RB-1yasTP6-H-HRTs5VsnpRSBS-h1hJyTy4qZkKJFT9qAclZbAPTsTR4ILTCNdLYmj47cAOL9AQTNOGQ:1sp4mO:NM5vRhN28qjedA7r1TGAfBja86pRSC1DBCQuKXzNhos','2025-09-13 08:48:00.727126'),('w3m0q1i3e6v52ujzjrrsrdzt342q2qmf','e30:1sxmDZ:SWzV0g7NgeomJl4hhm43GUY5Cz-70ZJPo6qUSMQGlXU','2025-10-07 08:48:01.767555'),('wnky38amzucrri6wyvnhsvi20n70b0m8','.eJxVjDsOwjAQRO_iGln-4Q8lPWew1us1DiBbipMKcXcSKQWUM-_NvFmEdalxHTTHKbMLU-z02yXAJ7Ud5Ae0e-fY2zJPie8KP-jgt57pdT3cv4MKo25r8paSdMGACOcQQOditEcVfEK1JVsUaY1agpbSCi-RUhHOFu-UEtmwzxfcEDdz:1spB6L:xLlZnpEdRnL57G1dYiq0n9erATGAIaUpFo04yRRa6-g','2025-09-13 15:33:01.237719'),('wstdz8xff85jlqhn19npc4zy4mchss2q','e30:1t0JvN:25-e4cV9TOBf1vVxMw7ZubAhgTS7rRmKB8c1SaQq0ME','2025-10-14 09:11:45.941614'),('xi375yson40krvnds6i1rc8qklgmmh3q','.eJxVjDsOwjAQRO_iGln-4Q8lPWew1us1DiBbipMKcXcSKQWUM-_NvFmEdalxHTTHKbMLU-z02yXAJ7Ud5Ae0e-fY2zJPie8KP-jgt57pdT3cv4MKo25r8paSdMGACOcQQOditEcVfEK1JVsUaY1agpbSCi-RUhHOFu-UEtmwzxfcEDdz:1tBCtG:3w3iFjS1Oj5ZDxLp-nlPhRjfPkIE2kxWLUR50dDdrPA','2025-11-13 09:54:34.808321'),('z4x0w82wa943k5qcr4sdc73blnhvia9f','.eJxVjDsOwjAQRO_iGln-4Q8lPWew1us1DiBbipMKcXcSKQWUM-_NvFmEdalxHTTHKbMLU-z02yXAJ7Ud5Ae0e-fY2zJPie8KP-jgt57pdT3cv4MKo25r8paSdMGACOcQQOditEcVfEK1JVsUaY1agpbSCi-RUhHOFu-UEtmwzxfcEDdz:1t97qA:-coCr9bZ-U8GsAwVzihmWBV05muxjSrj-1FeGITnX-w','2025-11-07 16:06:46.514560'),('zdzkodo33ratu2omrapqqklnlw0ys6pb','.eJxVjDsOwjAQRO_iGln-4Q8lPWew1us1DiBbipMKcXcSKQWUM-_NvFmEdalxHTTHKbMLU-z02yXAJ7Ud5Ae0e-fY2zJPie8KP-jgt57pdT3cv4MKo25r8paSdMGACOcQQOditEcVfEK1JVsUaY1agpbSCi-RUhHOFu-UEtmwzxfcEDdz:1sexuq:vUQaTLhcxvMnNvu1-uAhQkMkyv8jNVFkiudMfu_xbcw','2024-08-30 11:26:56.527495'),('zwdtzzmk8wzur55a2p86g7u48av609w7','.eJxVjDsOwjAQRO_iGln-4Q8lPWew1us1DiBbipMKcXcSKQWUM-_NvFmEdalxHTTHKbMLU-z02yXAJ7Ud5Ae0e-fY2zJPie8KP-jgt57pdT3cv4MKo25r8paSdMGACOcQQOditEcVfEK1JVsUaY1agpbSCi-RUhHOFu-UEtmwzxfcEDdz:1t8IlG:WP61_h8FvueANbZ61IjpPTnSlxC12Y2dcXVj2kifw1I','2025-11-05 09:34:18.468963');
/*!40000 ALTER TABLE `django_session` ENABLE KEYS */;
UNLOCK TABLES;

--
-- Table structure for table `reloj_fichador_area`
--

DROP TABLE IF EXISTS `reloj_fichador_area`;
/*!40101 SET @saved_cs_client     = @@character_set_client */;
/*!50503 SET character_set_client = utf8mb4 */;
CREATE TABLE `reloj_fichador_area` (
  `id` bigint NOT NULL AUTO_INCREMENT,
  `nombre` varchar(50) NOT NULL,
  PRIMARY KEY (`id`)
) ENGINE=InnoDB AUTO_INCREMENT=17 DEFAULT CHARSET=utf8mb4 COLLATE=utf8mb4_0900_ai_ci;
/*!40101 SET character_set_client = @saved_cs_client */;

--
-- Dumping data for table `reloj_fichador_area`
--

LOCK TABLES `reloj_fichador_area` WRITE;
/*!40000 ALTER TABLE `reloj_fichador_area` DISABLE KEYS */;
INSERT INTO `reloj_fichador_area` VALUES (1,'Administración'),(2,'Almacén'),(3,'Logística'),(4,'Oficina Técina'),(5,'Mantenimiento'),(6,'Limpieza'),(7,'Calidad'),(8,'Infraestructura'),(9,'Materia Prima'),(10,'Sistemas'),(13,'Producción'),(14,'Palletizado'),(15,'Sábado');
/*!40000 ALTER TABLE `reloj_fichador_area` ENABLE KEYS */;
UNLOCK TABLES;

--
-- Table structure for table `reloj_fichador_area_horarios`
--

DROP TABLE IF EXISTS `reloj_fichador_area_horarios`;
/*!40101 SET @saved_cs_client     = @@character_set_client */;
/*!50503 SET character_set_client = utf8mb4 */;
CREATE TABLE `reloj_fichador_area_horarios` (
  `id` bigint NOT NULL AUTO_INCREMENT,
  `area_id` bigint NOT NULL,
  `horario_id` bigint NOT NULL,
  PRIMARY KEY (`id`),
  UNIQUE KEY `reloj_fichador_area_horarios_area_id_horario_id_747813e1_uniq` (`area_id`,`horario_id`),
  KEY `reloj_fichador_area__horario_id_134b3d54_fk_reloj_fic` (`horario_id`),
  CONSTRAINT `reloj_fichador_area__area_id_7f831220_fk_reloj_fic` FOREIGN KEY (`area_id`) REFERENCES `reloj_fichador_area` (`id`),
  CONSTRAINT `reloj_fichador_area__horario_id_134b3d54_fk_reloj_fic` FOREIGN KEY (`horario_id`) REFERENCES `reloj_fichador_horario` (`id`)
) ENGINE=InnoDB AUTO_INCREMENT=24 DEFAULT CHARSET=utf8mb4 COLLATE=utf8mb4_0900_ai_ci;
/*!40101 SET character_set_client = @saved_cs_client */;

--
-- Dumping data for table `reloj_fichador_area_horarios`
--

LOCK TABLES `reloj_fichador_area_horarios` WRITE;
/*!40000 ALTER TABLE `reloj_fichador_area_horarios` DISABLE KEYS */;
INSERT INTO `reloj_fichador_area_horarios` VALUES (20,1,19),(21,1,20),(17,2,16),(18,2,17),(19,2,18),(15,3,8),(16,3,9),(13,6,14),(14,6,15),(12,7,4),(11,8,13),(9,9,11),(10,9,12),(7,10,10),(4,13,4),(5,13,6),(6,13,7),(8,14,5),(22,15,21);
/*!40000 ALTER TABLE `reloj_fichador_area_horarios` ENABLE KEYS */;
UNLOCK TABLES;

--
-- Table structure for table `reloj_fichador_historicaloperario`
--

DROP TABLE IF EXISTS `reloj_fichador_historicaloperario`;
/*!40101 SET @saved_cs_client     = @@character_set_client */;
/*!50503 SET character_set_client = utf8mb4 */;
CREATE TABLE `reloj_fichador_historicaloperario` (
  `id` bigint NOT NULL,
  `dni` int NOT NULL,
  `nombre` varchar(20) NOT NULL,
  `seg_nombre` varchar(20) DEFAULT NULL,
  `apellido` varchar(20) NOT NULL,
  `seg_apellido` varchar(20) DEFAULT NULL,
  `fecha_nacimiento` date DEFAULT NULL,
  `fecha_ingreso_empresa` date DEFAULT NULL,
  `titulo_tecnico` tinyint(1) NOT NULL,
  `activo` tinyint(1) NOT NULL,
  `foto` longtext,
  `descripcion` longtext,
  `history_id` int NOT NULL AUTO_INCREMENT,
  `history_date` datetime(6) NOT NULL,
  `history_change_reason` varchar(100) DEFAULT NULL,
  `history_type` varchar(1) NOT NULL,
  `history_user_id` int DEFAULT NULL,
  PRIMARY KEY (`history_id`),
  KEY `reloj_fichador_histo_history_user_id_3710902d_fk_auth_user` (`history_user_id`),
  KEY `reloj_fichador_historicaloperario_id_9585edf3` (`id`),
  KEY `reloj_fichador_historicaloperario_dni_c9d42857` (`dni`),
  KEY `reloj_fichador_historicaloperario_history_date_52d227c8` (`history_date`),
  CONSTRAINT `reloj_fichador_histo_history_user_id_3710902d_fk_auth_user` FOREIGN KEY (`history_user_id`) REFERENCES `auth_user` (`id`)
) ENGINE=InnoDB DEFAULT CHARSET=utf8mb4 COLLATE=utf8mb4_0900_ai_ci;
/*!40101 SET character_set_client = @saved_cs_client */;

--
-- Dumping data for table `reloj_fichador_historicaloperario`
--

LOCK TABLES `reloj_fichador_historicaloperario` WRITE;
/*!40000 ALTER TABLE `reloj_fichador_historicaloperario` DISABLE KEYS */;
/*!40000 ALTER TABLE `reloj_fichador_historicaloperario` ENABLE KEYS */;
UNLOCK TABLES;

--
-- Table structure for table `reloj_fichador_historicalregistrodiario`
--

DROP TABLE IF EXISTS `reloj_fichador_historicalregistrodiario`;
/*!40101 SET @saved_cs_client     = @@character_set_client */;
/*!50503 SET character_set_client = utf8mb4 */;
CREATE TABLE `reloj_fichador_historicalregistrodiario` (
  `id_registro` int NOT NULL,
  `hora_fichada` datetime(6) DEFAULT NULL,
  `tipo_movimiento` varchar(20) NOT NULL,
  `origen_fichada` varchar(10) NOT NULL,
  `inconsistencia` tinyint(1) NOT NULL,
  `history_id` int NOT NULL AUTO_INCREMENT,
  `history_date` datetime(6) NOT NULL,
  `history_change_reason` varchar(100) DEFAULT NULL,
  `history_type` varchar(1) NOT NULL,
  `history_user_id` int DEFAULT NULL,
  `operario_id` bigint DEFAULT NULL,
  `valido` tinyint(1) NOT NULL,
  `descripcion_inconsistencia` longtext,
  PRIMARY KEY (`history_id`),
  KEY `reloj_fichador_histo_history_user_id_54673384_fk_auth_user` (`history_user_id`),
  KEY `reloj_fichador_historicalregistrodiario_id_registro_99cabaed` (`id_registro`),
  KEY `reloj_fichador_historicalregistrodiario_history_date_ea7708ea` (`history_date`),
  KEY `reloj_fichador_historicalregistrodiario_operario_id_1f55776a` (`operario_id`),
  CONSTRAINT `reloj_fichador_histo_history_user_id_54673384_fk_auth_user` FOREIGN KEY (`history_user_id`) REFERENCES `auth_user` (`id`)
) ENGINE=InnoDB AUTO_INCREMENT=297 DEFAULT CHARSET=utf8mb4 COLLATE=utf8mb4_0900_ai_ci;
/*!40101 SET character_set_client = @saved_cs_client */;

--
-- Dumping data for table `reloj_fichador_historicalregistrodiario`
--

LOCK TABLES `reloj_fichador_historicalregistrodiario` WRITE;
/*!40000 ALTER TABLE `reloj_fichador_historicalregistrodiario` DISABLE KEYS */;
INSERT INTO `reloj_fichador_historicalregistrodiario` VALUES (735,'2024-12-14 11:42:20.304037','entrada','Auto',1,1,'2024-12-14 11:42:20.307143',NULL,'+',2,142,1,NULL),(735,'2024-12-14 11:42:20.304037','entrada','Auto',1,2,'2024-12-14 11:46:28.555765',NULL,'-',2,142,1,NULL),(734,'2024-12-11 16:00:12.131333','salida_transitoria','Auto',0,3,'2024-12-14 11:46:28.573869',NULL,'-',2,142,1,NULL),(733,'2024-12-11 15:59:19.000000','entrada','Manual',0,4,'2024-12-14 11:46:28.588327',NULL,'-',2,142,1,NULL),(732,'2024-12-11 13:06:20.946101','salida','Auto',0,5,'2024-12-14 11:46:28.604149',NULL,'-',2,142,1,NULL),(731,'2024-12-11 13:06:18.065645','entrada_transitoria','Auto',0,6,'2024-12-14 11:46:28.614610',NULL,'-',2,142,1,NULL),(730,'2024-12-11 13:06:13.250963','salida_transitoria','Auto',0,7,'2024-12-14 11:46:28.626081',NULL,'-',2,142,1,NULL),(729,'2024-12-11 11:23:08.966555','entrada','Auto',0,8,'2024-12-14 11:46:28.638171',NULL,'-',2,142,1,NULL),(728,'2024-12-11 11:23:05.869737','salida','Auto',0,9,'2024-12-14 11:46:28.651936',NULL,'-',2,142,1,NULL),(727,'2024-12-11 11:23:02.036358','entrada_transitoria','Auto',0,10,'2024-12-14 11:46:28.660695',NULL,'-',2,142,1,NULL),(726,'2024-11-13 09:54:34.774334','salida_transitoria','Auto',0,11,'2024-12-14 11:46:28.670072',NULL,'-',2,142,1,NULL),(725,'2024-11-13 09:54:03.908558','entrada','Auto',0,12,'2024-12-14 11:46:28.681045',NULL,'-',2,142,1,NULL),(724,'2024-11-13 09:54:01.523827','salida','Auto',0,13,'2024-12-14 11:46:28.692236',NULL,'-',2,142,1,NULL),(723,'2024-11-13 09:53:59.006020','entrada_transitoria','Auto',0,14,'2024-12-14 11:46:28.704900',NULL,'-',2,142,1,NULL),(722,'2024-11-13 09:53:56.272090','salida_transitoria','Auto',0,15,'2024-12-14 11:46:28.715879',NULL,'-',2,142,1,NULL),(721,'2024-11-13 09:53:52.321171','entrada','Auto',0,16,'2024-12-14 11:46:28.725067',NULL,'-',2,142,1,NULL),(720,'2024-11-08 11:33:11.377098','salida','Auto',0,17,'2024-12-14 11:46:28.736682',NULL,'-',2,142,1,NULL),(719,'2024-11-08 11:32:55.447896','entrada','Auto',0,18,'2024-12-14 11:46:28.750283',NULL,'-',2,142,1,NULL),(718,'2024-11-05 09:23:33.275358','salida','Auto',0,19,'2024-12-14 11:46:28.760248',NULL,'-',2,142,1,NULL),(717,'2024-11-05 09:23:30.633067','entrada_transitoria','Auto',0,20,'2024-12-14 11:46:28.771540',NULL,'-',2,142,1,NULL),(716,'2024-11-05 09:23:26.795500','salida_transitoria','Auto',0,21,'2024-12-14 11:46:28.783350',NULL,'-',2,142,1,NULL),(715,'2024-11-05 09:23:23.471374','entrada','Auto',0,22,'2024-12-14 11:46:28.793630',NULL,'-',2,142,1,NULL),(714,'2024-11-01 11:34:31.821280','salida','Auto',0,23,'2024-12-14 11:46:28.805055',NULL,'-',2,142,1,NULL),(713,'2024-11-01 11:34:29.207179','entrada_transitoria','Auto',0,24,'2024-12-14 11:46:28.816085',NULL,'-',2,142,1,NULL),(712,'2024-11-01 11:34:26.852678','salida_transitoria','Auto',0,25,'2024-12-14 11:46:28.824963',NULL,'-',2,142,1,NULL),(711,'2024-11-01 11:34:24.368655','entrada','Auto',0,26,'2024-12-14 11:46:28.836483',NULL,'-',2,142,1,NULL),(710,'2024-11-01 11:33:51.708291','salida','Auto',0,27,'2024-12-14 11:46:28.848060',NULL,'-',2,142,1,NULL),(709,'2024-11-01 11:33:47.762355','entrada_transitoria','Auto',0,28,'2024-12-14 11:46:28.858840',NULL,'-',2,142,1,NULL),(708,'2024-11-01 11:33:45.108875','salida_transitoria','Auto',0,29,'2024-12-14 11:46:28.869196',NULL,'-',2,142,1,NULL),(707,'2024-11-01 11:33:37.295207','entrada','Auto',0,30,'2024-12-14 11:46:28.879055',NULL,'-',2,142,1,NULL),(736,'2024-12-14 04:57:23.000000','entrada','Manual',0,31,'2024-12-14 11:47:01.013298',NULL,'+',2,142,1,NULL),(737,'2024-12-14 13:03:15.000000','salida','Manual',0,32,'2024-12-14 11:47:20.093418',NULL,'+',2,142,1,NULL),(738,'2024-12-14 04:48:49.000000','entrada','Manual',0,33,'2024-12-14 11:48:55.861345',NULL,'+',2,214,1,NULL),(739,'2024-12-14 13:03:06.000000','salida','Manual',0,34,'2024-12-14 11:49:14.178074',NULL,'+',2,214,1,NULL),(740,'2024-12-13 06:57:21.000000','entrada','Manual',0,35,'2024-12-14 11:59:01.320115',NULL,'+',2,142,1,NULL),(741,'2024-12-13 16:03:55.000000','salida','Manual',0,36,'2024-12-14 11:59:26.119311',NULL,'+',2,142,1,NULL),(742,'2024-12-14 12:01:00.111084','entrada','Auto',0,37,'2024-12-14 12:01:00.114107',NULL,'+',2,142,1,NULL),(742,'2024-12-14 12:01:00.111084','entrada','Auto',0,38,'2024-12-14 12:01:58.989077',NULL,'-',2,142,1,NULL),(737,'2024-12-14 13:03:15.000000','salida','Manual',0,39,'2024-12-14 12:01:59.002918',NULL,'-',2,142,1,NULL),(736,'2024-12-14 04:57:23.000000','entrada','Manual',0,40,'2024-12-14 12:01:59.017770',NULL,'-',2,142,1,NULL),(743,'2024-12-14 12:02:06.430251','entrada','Auto',0,41,'2024-12-14 12:02:06.433607',NULL,'+',2,142,1,NULL),(744,'2024-12-14 12:02:09.513057','salida','Auto',0,42,'2024-12-14 12:02:09.518491',NULL,'+',2,142,1,NULL),(745,'2024-12-14 12:02:18.384180','entrada','Auto',0,43,'2024-12-14 12:02:18.386532',NULL,'+',2,142,1,NULL),(746,'2024-12-14 12:02:21.845195','salida','Auto',0,44,'2024-12-14 12:02:21.849898',NULL,'+',2,142,1,NULL),(746,'2024-12-14 12:02:21.845195','salida','Auto',0,45,'2024-12-14 12:03:46.028022',NULL,'-',2,142,1,NULL),(745,'2024-12-14 12:02:18.384180','entrada','Auto',0,46,'2024-12-14 12:03:46.040538',NULL,'-',2,142,1,NULL),(744,'2024-12-14 12:02:09.513057','salida','Auto',0,47,'2024-12-14 12:03:46.054086',NULL,'-',2,142,1,NULL),(743,'2024-12-14 12:02:06.430251','entrada','Auto',0,48,'2024-12-14 12:03:46.064623',NULL,'-',2,142,1,NULL),(741,'2024-12-13 16:03:55.000000','salida','Manual',0,49,'2024-12-14 12:03:46.076324',NULL,'-',2,142,1,NULL),(740,'2024-12-13 06:57:21.000000','entrada','Manual',0,50,'2024-12-14 12:03:46.087770',NULL,'-',2,142,1,NULL),(747,'2024-12-14 12:03:57.813905','entrada','Auto',0,51,'2024-12-14 12:03:57.816800',NULL,'+',2,142,1,NULL),(748,'2024-12-14 12:04:00.964312','salida','Auto',0,52,'2024-12-14 12:04:00.972557',NULL,'+',2,142,1,NULL),(749,'2024-12-14 12:04:04.286471','entrada','Auto',0,53,'2024-12-14 12:04:04.291414',NULL,'+',2,142,1,NULL),(750,'2024-12-14 12:04:06.951904','salida','Auto',0,54,'2024-12-14 12:04:06.956068',NULL,'+',2,142,1,NULL),(750,'2024-12-14 12:04:06.951904','salida','Auto',0,55,'2024-12-14 12:15:54.505238',NULL,'-',2,142,1,NULL),(749,'2024-12-14 12:04:04.286471','entrada','Auto',0,56,'2024-12-14 12:15:54.518808',NULL,'-',2,142,1,NULL),(748,'2024-12-14 12:04:00.964312','salida','Auto',0,57,'2024-12-14 12:15:54.529928',NULL,'-',2,142,1,NULL),(747,'2024-12-14 12:03:57.813905','entrada','Auto',0,58,'2024-12-14 12:15:54.540177',NULL,'-',2,142,1,NULL),(751,'2024-12-13 20:38:50.000000','entrada','Manual',0,59,'2024-12-14 12:16:28.499046',NULL,'+',2,142,1,NULL),(752,'2024-12-14 05:16:37.000000','salida','Manual',0,60,'2024-12-14 12:16:51.747726',NULL,'+',2,142,1,NULL),(752,'2024-12-14 05:16:37.000000','salida','Manual',0,61,'2024-12-14 12:45:00.547953',NULL,'-',2,142,1,NULL),(751,'2024-12-13 20:38:50.000000','entrada','Manual',0,62,'2024-12-14 12:45:00.569869',NULL,'-',2,142,1,NULL),(753,'2024-12-13 20:35:50.000000','entrada','Manual',0,63,'2024-12-14 12:46:07.552998',NULL,'+',2,142,1,NULL),(754,'2024-12-14 05:02:33.000000','salida','Manual',0,64,'2024-12-14 12:46:24.449639',NULL,'+',2,142,1,NULL),(755,'2024-12-14 04:38:24.000000','entrada','Manual',0,65,'2024-12-14 12:46:59.062713',NULL,'+',2,203,1,NULL),(756,'2024-12-14 13:01:14.000000','salida','Manual',0,66,'2024-12-14 12:47:18.588696',NULL,'+',2,203,1,NULL),(757,'2024-12-13 20:48:13.000000','entrada','Manual',0,67,'2024-12-14 12:49:30.845806',NULL,'+',2,296,1,NULL),(758,'2024-12-14 05:23:14.000000','salida','Manual',0,68,'2024-12-14 12:49:49.812493',NULL,'+',2,296,1,NULL),(759,'2024-12-13 06:50:40.000000','entrada','Manual',0,69,'2024-12-14 12:50:50.753828',NULL,'+',2,2,1,NULL),(760,'2024-12-13 15:33:12.000000','salida','Manual',0,70,'2024-12-14 12:51:19.174939',NULL,'+',2,2,1,NULL),(762,'2024-12-13 20:48:47.000000','entrada','Manual',0,72,'2024-12-14 12:58:33.250697',NULL,'+',2,1,1,NULL),(763,'2024-12-14 05:10:20.000000','salida','Manual',0,73,'2024-12-14 12:58:50.088341',NULL,'+',2,1,1,NULL),(764,'2024-12-15 20:18:53.000000','entrada','Manual',0,74,'2024-12-16 09:58:42.394161',NULL,'+',2,1,1,NULL),(765,'2024-12-16 05:02:00.000000','salida','Manual',0,75,'2024-12-16 09:59:00.980760',NULL,'+',2,1,1,NULL),(766,'2024-12-05 20:39:43.000000','entrada','Manual',0,76,'2024-12-16 10:01:28.992222',NULL,'+',2,194,1,NULL),(767,'2024-12-13 05:01:00.000000','salida','Manual',0,77,'2024-12-16 10:01:53.175138',NULL,'+',2,194,1,NULL),(766,'2024-12-12 20:39:43.000000','entrada','Manual',0,78,'2024-12-16 10:02:04.158290',NULL,'~',2,194,1,NULL),(768,'2024-12-16 07:59:20.000000','entrada','Manual',0,79,'2024-12-16 10:29:13.379164',NULL,'+',2,142,1,NULL),(769,'2024-12-16 16:19:22.000000','salida','Manual',0,80,'2024-12-16 10:29:29.211754',NULL,'+',2,142,1,NULL),(770,'2024-12-17 07:30:05.000000','entrada','Manual',0,81,'2024-12-16 10:30:12.425475',NULL,'+',2,142,1,NULL),(771,'2024-12-17 16:22:25.000000','salida','Manual',0,82,'2024-12-16 10:30:32.842137',NULL,'+',2,142,1,NULL),(771,'2024-12-17 16:22:25.000000','salida','Manual',0,83,'2024-12-16 11:24:02.752972',NULL,'-',2,142,1,NULL),(770,'2024-12-17 07:30:05.000000','entrada','Manual',0,84,'2024-12-16 11:24:02.770556',NULL,'-',2,142,1,NULL),(769,'2024-12-16 16:19:22.000000','salida','Manual',0,85,'2024-12-16 11:24:02.781351',NULL,'-',2,142,1,NULL),(768,'2024-12-16 07:59:20.000000','entrada','Manual',0,86,'2024-12-16 11:24:02.789547',NULL,'-',2,142,1,NULL),(772,'2024-12-16 11:24:23.344796','entrada','Auto',0,87,'2024-12-16 11:24:23.347739',NULL,'+',2,142,1,NULL),(773,'2024-12-16 11:38:44.851968','salida_transitoria','Auto',0,88,'2024-12-16 11:38:44.855552',NULL,'+',2,142,1,NULL),(774,'2024-12-16 11:38:47.896244','entrada_transitoria','Auto',0,89,'2024-12-16 11:38:47.899048',NULL,'+',2,142,1,NULL),(775,'2024-12-16 11:38:51.018047','salida','Auto',0,90,'2024-12-16 11:38:51.022661',NULL,'+',2,142,1,NULL),(776,'2024-12-16 11:43:12.742259','entrada','Auto',0,91,'2024-12-16 11:43:12.750156',NULL,'+',2,203,1,NULL),(777,'2024-12-16 11:43:25.530325','salida','Auto',0,92,'2024-12-16 11:43:25.532924',NULL,'+',2,203,1,NULL),(778,'2024-12-16 11:43:31.249193','salida_transitoria','Auto',1,93,'2024-12-16 11:43:31.252562',NULL,'+',2,203,1,NULL),(778,'2024-12-16 11:43:31.000000','salida_transitoria','Auto',1,94,'2024-12-16 12:29:15.683937',NULL,'~',2,203,0,NULL),(778,'2024-12-16 11:43:31.000000','salida_transitoria','Auto',1,95,'2024-12-16 12:29:20.403622',NULL,'~',2,203,1,NULL),(779,'2024-12-17 05:29:24.000000','entrada','Manual',0,96,'2024-12-16 13:02:14.163327',NULL,'+',2,1,1,NULL),(780,'2024-12-17 13:01:45.000000','salida','Manual',0,97,'2024-12-16 13:02:35.375766',NULL,'+',2,1,1,NULL),(777,'2024-12-16 11:43:25.000000','salida','Auto',0,98,'2024-12-16 13:03:03.102468',NULL,'~',2,203,0,NULL),(776,'2024-12-16 04:43:12.000000','entrada','Auto',0,99,'2024-12-16 13:03:51.825761',NULL,'~',2,203,1,NULL),(781,'2024-12-16 15:02:35.643642','entrada_transitoria','Auto',0,100,'2024-12-16 15:02:35.656262',NULL,'+',2,203,1,NULL),(782,'2024-12-16 15:22:00.658795','entrada','Auto',0,101,'2024-12-16 15:22:00.665480',NULL,'+',2,203,1,NULL),(783,'2024-12-16 15:22:10.584583','salida_transitoria','Auto',0,102,'2024-12-16 15:22:10.590752',NULL,'+',2,203,1,NULL),(784,'2024-12-16 15:22:15.157781','entrada_transitoria','Auto',0,103,'2024-12-16 15:22:15.163077',NULL,'+',2,203,1,NULL),(784,'2024-12-16 15:22:15.157781','entrada_transitoria','Auto',0,104,'2024-12-16 15:30:02.990509',NULL,'-',2,203,1,NULL),(783,'2024-12-16 15:22:10.584583','salida_transitoria','Auto',0,105,'2024-12-16 15:30:03.010306',NULL,'-',2,203,1,NULL),(782,'2024-12-16 15:22:00.658795','entrada','Auto',0,106,'2024-12-16 15:30:03.020775',NULL,'-',2,203,1,NULL),(781,'2024-12-16 15:02:35.643642','entrada_transitoria','Auto',0,107,'2024-12-16 15:30:03.029798',NULL,'-',2,203,1,NULL),(780,'2024-12-17 13:01:45.000000','salida','Manual',0,108,'2024-12-16 15:30:03.041159',NULL,'-',2,1,1,NULL),(779,'2024-12-17 05:29:24.000000','entrada','Manual',0,109,'2024-12-16 15:30:03.057242',NULL,'-',2,1,1,NULL),(778,'2024-12-16 11:43:31.000000','salida_transitoria','Auto',1,110,'2024-12-16 15:30:03.073557',NULL,'-',2,203,1,NULL),(777,'2024-12-16 11:43:25.000000','salida','Auto',0,111,'2024-12-16 15:30:03.086517',NULL,'-',2,203,0,NULL),(776,'2024-12-16 04:43:12.000000','entrada','Auto',0,112,'2024-12-16 15:30:03.099060',NULL,'-',2,203,1,NULL),(775,'2024-12-16 11:38:51.018047','salida','Auto',0,113,'2024-12-16 15:30:03.109128',NULL,'-',2,142,1,NULL),(774,'2024-12-16 11:38:47.896244','entrada_transitoria','Auto',0,114,'2024-12-16 15:30:03.119585',NULL,'-',2,142,1,NULL),(773,'2024-12-16 11:38:44.851968','salida_transitoria','Auto',0,115,'2024-12-16 15:30:03.130255',NULL,'-',2,142,1,NULL),(772,'2024-12-16 11:24:23.344796','entrada','Auto',0,116,'2024-12-16 15:30:03.141883',NULL,'-',2,142,1,NULL),(767,'2024-12-13 05:01:00.000000','salida','Manual',0,117,'2024-12-16 15:30:03.151512',NULL,'-',2,194,1,NULL),(766,'2024-12-12 20:39:43.000000','entrada','Manual',0,118,'2024-12-16 15:30:03.161479',NULL,'-',2,194,1,NULL),(765,'2024-12-16 05:02:00.000000','salida','Manual',0,119,'2024-12-16 15:30:03.168603',NULL,'-',2,1,1,NULL),(764,'2024-12-15 20:18:53.000000','entrada','Manual',0,120,'2024-12-16 15:30:03.177148',NULL,'-',2,1,1,NULL),(763,'2024-12-14 05:10:20.000000','salida','Manual',0,121,'2024-12-16 15:30:03.186976',NULL,'-',2,1,1,NULL),(762,'2024-12-13 20:48:47.000000','entrada','Manual',0,122,'2024-12-16 15:30:03.196738',NULL,'-',2,1,1,NULL),(760,'2024-12-13 15:33:12.000000','salida','Manual',0,123,'2024-12-16 15:30:03.208571',NULL,'-',2,2,1,NULL),(759,'2024-12-13 06:50:40.000000','entrada','Manual',0,124,'2024-12-16 15:30:03.219871',NULL,'-',2,2,1,NULL),(758,'2024-12-14 05:23:14.000000','salida','Manual',0,125,'2024-12-16 15:30:03.228011',NULL,'-',2,296,1,NULL),(757,'2024-12-13 20:48:13.000000','entrada','Manual',0,126,'2024-12-16 15:30:03.237862',NULL,'-',2,296,1,NULL),(756,'2024-12-14 13:01:14.000000','salida','Manual',0,127,'2024-12-16 15:30:03.250030',NULL,'-',2,203,1,NULL),(755,'2024-12-14 04:38:24.000000','entrada','Manual',0,128,'2024-12-16 15:30:03.259407',NULL,'-',2,203,1,NULL),(754,'2024-12-14 05:02:33.000000','salida','Manual',0,129,'2024-12-16 15:30:03.268304',NULL,'-',2,142,1,NULL),(753,'2024-12-13 20:35:50.000000','entrada','Manual',0,130,'2024-12-16 15:30:03.277318',NULL,'-',2,142,1,NULL),(739,'2024-12-14 13:03:06.000000','salida','Manual',0,131,'2024-12-16 15:30:03.287805',NULL,'-',2,214,1,NULL),(738,'2024-12-14 04:48:49.000000','entrada','Manual',0,132,'2024-12-16 15:30:03.298507',NULL,'-',2,214,1,NULL),(785,'2024-12-16 15:30:09.532609','entrada','Auto',0,133,'2024-12-16 15:30:09.538065',NULL,'+',2,142,1,NULL),(786,'2024-12-16 15:30:13.112192','salida_transitoria','Auto',0,134,'2024-12-16 15:30:13.117083',NULL,'+',2,142,1,NULL),(787,'2024-12-16 15:30:16.857260','entrada_transitoria','Auto',0,135,'2024-12-16 15:30:16.860949',NULL,'+',2,142,1,NULL),(788,'2024-12-16 15:30:22.041311','salida_transitoria','Auto',0,136,'2024-12-16 15:30:22.045553',NULL,'+',2,142,1,NULL),(789,'2024-12-16 15:30:26.209124','entrada_transitoria','Auto',0,137,'2024-12-16 15:30:26.212879',NULL,'+',2,142,1,NULL),(790,'2024-12-17 08:20:01.488955','salida','Auto',0,138,'2024-12-17 08:20:01.496192',NULL,'+',2,142,1,NULL),(791,'2024-12-17 08:20:06.630523','entrada','Auto',0,139,'2024-12-17 08:20:06.637274',NULL,'+',2,142,1,NULL),(792,'2024-12-17 08:20:10.029340','salida_transitoria','Auto',0,140,'2024-12-17 08:20:10.034008',NULL,'+',2,142,1,NULL),(793,'2024-12-17 08:20:12.733700','entrada_transitoria','Auto',0,141,'2024-12-17 08:20:12.739082',NULL,'+',2,142,1,NULL),(793,'2024-12-17 08:20:12.733700','entrada_transitoria','Auto',0,142,'2024-12-17 08:21:38.288855',NULL,'-',2,142,1,NULL),(792,'2024-12-17 08:20:10.029340','salida_transitoria','Auto',0,143,'2024-12-17 08:21:38.304097',NULL,'-',2,142,1,NULL),(791,'2024-12-17 08:20:06.630523','entrada','Auto',0,144,'2024-12-17 08:21:38.314075',NULL,'-',2,142,1,NULL),(790,'2024-12-17 08:20:01.488955','salida','Auto',0,145,'2024-12-17 08:21:38.323357',NULL,'-',2,142,1,NULL),(789,'2024-12-16 15:30:26.209124','entrada_transitoria','Auto',0,146,'2024-12-17 08:21:38.332588',NULL,'-',2,142,1,NULL),(788,'2024-12-16 15:30:22.041311','salida_transitoria','Auto',0,147,'2024-12-17 08:21:38.345476',NULL,'-',2,142,1,NULL),(787,'2024-12-16 15:30:16.857260','entrada_transitoria','Auto',0,148,'2024-12-17 08:21:38.359343',NULL,'-',2,142,1,NULL),(786,'2024-12-16 15:30:13.112192','salida_transitoria','Auto',0,149,'2024-12-17 08:21:38.368633',NULL,'-',2,142,1,NULL),(785,'2024-12-16 15:30:09.532609','entrada','Auto',0,150,'2024-12-17 08:21:38.377743',NULL,'-',2,142,1,NULL),(794,'2024-12-17 07:31:54.000000','entrada','Manual',0,151,'2024-12-17 08:22:00.989293',NULL,'+',2,142,1,NULL),(795,'2024-12-17 08:22:18.937913','salida_transitoria','Auto',0,152,'2024-12-17 08:22:18.942294',NULL,'+',2,142,1,NULL),(796,'2024-12-17 08:22:22.541340','entrada_transitoria','Auto',0,153,'2024-12-17 08:22:22.547788',NULL,'+',2,142,1,NULL),(797,'2024-12-17 08:22:27.069320','entrada','Auto',0,154,'2024-12-17 08:22:27.074616',NULL,'+',2,142,1,NULL),(798,'2024-12-17 08:22:30.479418','salida','Auto',0,155,'2024-12-17 08:22:30.483829',NULL,'+',2,142,1,NULL),(798,'2024-12-17 08:22:30.479418','salida','Auto',0,156,'2024-12-17 08:37:45.838661',NULL,'-',2,142,1,NULL),(797,'2024-12-17 08:22:27.069320','entrada','Auto',0,157,'2024-12-17 08:37:45.864175',NULL,'-',2,142,1,NULL),(796,'2024-12-17 08:22:22.541340','entrada_transitoria','Auto',0,158,'2024-12-17 08:37:45.878949',NULL,'-',2,142,1,NULL),(795,'2024-12-17 08:22:18.937913','salida_transitoria','Auto',0,159,'2024-12-17 08:37:45.889739',NULL,'-',2,142,1,NULL),(794,'2024-12-17 07:31:54.000000','entrada','Manual',0,160,'2024-12-17 08:37:45.901320',NULL,'-',2,142,1,NULL),(799,'2024-12-17 08:37:57.184427','entrada','Auto',0,161,'2024-12-17 08:37:57.189470',NULL,'+',2,142,1,NULL),(800,'2024-12-17 08:38:00.430125','salida_transitoria','Auto',0,162,'2024-12-17 08:38:00.432987',NULL,'+',2,142,1,NULL),(801,'2024-12-17 08:38:03.735833','entrada_transitoria','Auto',0,163,'2024-12-17 08:38:03.741778',NULL,'+',2,142,1,NULL),(802,'2024-12-17 08:38:28.597070','salida','Auto',0,164,'2024-12-17 08:38:28.599423',NULL,'+',2,142,1,NULL),(803,'2024-12-17 04:35:28.000000','entrada','Manual',0,165,'2024-12-17 08:40:59.645047',NULL,'+',2,203,1,NULL),(804,'2024-12-17 08:41:10.000000','salida_transitoria','Manual',0,166,'2024-12-17 08:41:12.741603',NULL,'+',2,203,1,NULL),(805,'2024-12-17 08:56:20.443723','entrada_transitoria','Auto',0,167,'2024-12-17 08:56:20.449415',NULL,'+',2,203,1,NULL),(806,'2024-12-17 08:56:29.630975','salida_transitoria','Auto',0,168,'2024-12-17 08:56:29.633211',NULL,'+',2,203,1,NULL),(807,'2024-12-17 08:56:38.699065','entrada','Auto',0,169,'2024-12-17 08:56:38.700562',NULL,'+',2,203,1,NULL),(807,'2024-12-17 08:56:38.699065','entrada','Auto',0,170,'2024-12-17 09:05:44.621123',NULL,'-',2,203,1,NULL),(806,'2024-12-17 08:56:29.630975','salida_transitoria','Auto',0,171,'2024-12-17 09:05:44.652084',NULL,'-',2,203,1,NULL),(805,'2024-12-17 08:56:20.443723','entrada_transitoria','Auto',0,172,'2024-12-17 09:05:44.673075',NULL,'-',2,203,1,NULL),(804,'2024-12-17 08:41:10.000000','salida_transitoria','Manual',0,173,'2024-12-17 09:05:44.689909',NULL,'-',2,203,1,NULL),(803,'2024-12-17 04:35:28.000000','entrada','Manual',0,174,'2024-12-17 09:05:44.713130',NULL,'-',2,203,1,NULL),(802,'2024-12-17 08:38:28.597070','salida','Auto',0,175,'2024-12-17 09:05:44.737687',NULL,'-',2,142,1,NULL),(801,'2024-12-17 08:38:03.735833','entrada_transitoria','Auto',0,176,'2024-12-17 09:05:44.762896',NULL,'-',2,142,1,NULL),(800,'2024-12-17 08:38:00.430125','salida_transitoria','Auto',0,177,'2024-12-17 09:05:44.782000',NULL,'-',2,142,1,NULL),(799,'2024-12-17 08:37:57.184427','entrada','Auto',0,178,'2024-12-17 09:05:44.800758',NULL,'-',2,142,1,NULL),(808,'2024-12-17 09:05:52.533228','entrada','Auto',0,179,'2024-12-17 09:05:52.536394',NULL,'+',2,142,1,NULL),(809,'2024-12-17 09:05:55.574850','entrada','Auto',0,180,'2024-12-17 09:05:55.577038',NULL,'+',2,142,1,NULL),(810,'2024-12-17 09:07:44.538570','salida_transitoria','Auto',0,181,'2024-12-17 09:07:44.542739',NULL,'+',2,142,1,NULL),(811,'2024-12-17 09:07:47.465662','entrada_transitoria','Auto',0,182,'2024-12-17 09:07:47.469625',NULL,'+',2,142,1,NULL),(812,'2024-12-17 09:07:49.536319','salida_transitoria','Auto',0,183,'2024-12-17 09:07:49.539444',NULL,'+',2,142,1,NULL),(813,'2024-12-17 09:07:52.801695','entrada_transitoria','Auto',0,184,'2024-12-17 09:07:52.805726',NULL,'+',2,142,1,NULL),(813,'2024-12-17 09:07:52.801695','entrada_transitoria','Auto',0,185,'2024-12-17 09:19:30.678233',NULL,'-',2,142,1,NULL),(812,'2024-12-17 09:07:49.536319','salida_transitoria','Auto',0,186,'2024-12-17 09:19:30.702873',NULL,'-',2,142,1,NULL),(811,'2024-12-17 09:07:47.465662','entrada_transitoria','Auto',0,187,'2024-12-17 09:19:30.716073',NULL,'-',2,142,1,NULL),(810,'2024-12-17 09:07:44.538570','salida_transitoria','Auto',0,188,'2024-12-17 09:19:30.726049',NULL,'-',2,142,1,NULL),(809,'2024-12-17 09:05:55.574850','entrada','Auto',0,189,'2024-12-17 09:19:30.740241',NULL,'-',2,142,1,NULL),(808,'2024-12-17 09:05:52.533228','entrada','Auto',0,190,'2024-12-17 09:19:30.749569',NULL,'-',2,142,1,NULL),(814,'2024-12-17 09:19:36.031269','entrada','Auto',0,191,'2024-12-17 09:19:36.036480',NULL,'+',2,142,1,NULL),(815,'2024-12-17 09:19:39.126881','salida_transitoria','Auto',0,192,'2024-12-17 09:19:39.128762',NULL,'+',2,142,1,NULL),(816,'2024-12-17 09:19:41.914232','salida_transitoria','Auto',0,193,'2024-12-17 09:19:41.916701',NULL,'+',2,142,1,NULL),(817,'2024-12-17 09:20:06.877990','entrada_transitoria','Auto',0,194,'2024-12-17 09:20:06.880452',NULL,'+',2,142,1,NULL),(818,'2024-12-17 09:20:08.954091','entrada_transitoria','Auto',0,195,'2024-12-17 09:20:08.957134',NULL,'+',2,142,1,NULL),(819,'2024-12-17 09:20:11.047973','entrada','Auto',0,196,'2024-12-17 09:20:11.050487',NULL,'+',2,142,1,NULL),(820,'2024-12-17 09:20:13.442232','salida','Auto',0,197,'2024-12-17 09:20:13.445502',NULL,'+',2,142,1,NULL),(821,'2024-12-17 09:20:15.785623','salida_transitoria','Auto',0,198,'2024-12-17 09:20:15.790552',NULL,'+',2,142,1,NULL),(822,'2024-12-17 09:20:19.415920','entrada_transitoria','Auto',0,199,'2024-12-17 09:20:19.418478',NULL,'+',2,142,1,NULL),(823,'2024-12-17 09:20:21.952975','salida','Auto',0,200,'2024-12-17 09:20:21.955550',NULL,'+',2,142,1,NULL),(823,'2024-12-17 09:20:21.952975','salida','Auto',0,201,'2024-12-17 09:25:30.658608',NULL,'-',2,142,1,NULL),(822,'2024-12-17 09:20:19.415920','entrada_transitoria','Auto',0,202,'2024-12-17 09:25:30.685156',NULL,'-',2,142,1,NULL),(821,'2024-12-17 09:20:15.785623','salida_transitoria','Auto',0,203,'2024-12-17 09:25:30.696875',NULL,'-',2,142,1,NULL),(820,'2024-12-17 09:20:13.442232','salida','Auto',0,204,'2024-12-17 09:25:30.707392',NULL,'-',2,142,1,NULL),(819,'2024-12-17 09:20:11.047973','entrada','Auto',0,205,'2024-12-17 09:25:30.718257',NULL,'-',2,142,1,NULL),(818,'2024-12-17 09:20:08.954091','entrada_transitoria','Auto',0,206,'2024-12-17 09:25:30.730594',NULL,'-',2,142,1,NULL),(817,'2024-12-17 09:20:06.877990','entrada_transitoria','Auto',0,207,'2024-12-17 09:25:30.740444',NULL,'-',2,142,1,NULL),(816,'2024-12-17 09:19:41.914232','salida_transitoria','Auto',0,208,'2024-12-17 09:25:30.748959',NULL,'-',2,142,1,NULL),(815,'2024-12-17 09:19:39.126881','salida_transitoria','Auto',0,209,'2024-12-17 09:25:30.759628',NULL,'-',2,142,1,NULL),(814,'2024-12-17 09:19:36.031269','entrada','Auto',0,210,'2024-12-17 09:25:30.770424',NULL,'-',2,142,1,NULL),(824,'2024-12-17 04:22:00.000000','entrada','Manual',0,211,'2024-12-17 09:26:03.657426',NULL,'+',2,142,1,NULL),(825,'2024-12-17 09:26:13.860255','entrada','Auto',0,212,'2024-12-17 09:26:13.862919',NULL,'+',2,142,1,NULL),(826,'2024-12-17 09:26:23.262076','entrada','Auto',0,213,'2024-12-17 09:26:23.265057',NULL,'+',2,142,1,NULL),(827,'2024-12-17 09:26:25.509970','entrada','Auto',0,214,'2024-12-17 09:26:25.512946',NULL,'+',2,142,1,NULL),(828,'2024-12-17 09:26:27.615642','entrada','Auto',0,215,'2024-12-17 09:26:27.618135',NULL,'+',2,142,1,NULL),(829,'2024-12-17 09:26:30.536732','entrada','Auto',0,216,'2024-12-17 09:26:30.539906',NULL,'+',2,142,1,NULL),(829,'2024-12-17 09:26:30.536732','entrada','Auto',0,217,'2024-12-17 09:41:28.094387',NULL,'-',2,142,1,NULL),(828,'2024-12-17 09:26:27.615642','entrada','Auto',0,218,'2024-12-17 09:41:28.124634',NULL,'-',2,142,1,NULL),(827,'2024-12-17 09:26:25.509970','entrada','Auto',0,219,'2024-12-17 09:41:28.135577',NULL,'-',2,142,1,NULL),(826,'2024-12-17 09:26:23.262076','entrada','Auto',0,220,'2024-12-17 09:41:28.151271',NULL,'-',2,142,1,NULL),(825,'2024-12-17 09:26:13.860255','entrada','Auto',0,221,'2024-12-17 09:41:28.164258',NULL,'-',2,142,1,NULL),(824,'2024-12-17 04:22:00.000000','entrada','Manual',0,222,'2024-12-17 09:41:28.183974',NULL,'-',2,142,1,NULL),(830,'2024-12-17 09:41:35.643451','entrada','Auto',0,223,'2024-12-17 09:41:35.648302',NULL,'+',2,142,1,NULL),(831,'2024-12-17 09:48:11.468251','entrada','Auto',1,224,'2024-12-17 09:48:11.476857',NULL,'+',2,142,0,NULL),(831,'2024-12-17 09:48:11.468251','entrada','Auto',1,225,'2024-12-17 09:51:40.329250',NULL,'-',2,142,0,NULL),(832,'2024-12-17 09:51:44.316038','entrada','Auto',1,226,'2024-12-17 09:51:44.321357',NULL,'+',2,142,0,NULL),(833,'2024-12-17 09:51:55.992783','salida_transitoria','Auto',0,227,'2024-12-17 09:51:55.997918',NULL,'+',2,142,1,NULL),(834,'2024-12-17 09:51:58.608675','entrada_transitoria','Auto',0,228,'2024-12-17 09:51:58.613578',NULL,'+',2,142,1,NULL),(835,'2024-12-17 09:52:01.161712','salida','Auto',0,229,'2024-12-17 09:52:01.166824',NULL,'+',2,142,1,NULL),(836,'2024-12-17 09:52:03.913886','entrada','Auto',0,230,'2024-12-17 09:52:03.920075',NULL,'+',2,142,1,NULL),(837,'2024-12-17 09:52:11.202812','salida','Auto',0,231,'2024-12-17 09:52:11.207145',NULL,'+',2,142,1,NULL),(838,'2024-12-17 09:52:19.422001','salida_transitoria','Auto',1,232,'2024-12-17 09:52:19.428181',NULL,'+',2,142,0,NULL),(839,'2024-12-17 09:52:22.673838','entrada_transitoria','Auto',1,233,'2024-12-17 09:52:22.678592',NULL,'+',2,142,0,NULL),(839,'2024-12-17 09:52:22.673838','entrada_transitoria','Auto',1,234,'2024-12-17 10:01:05.749394',NULL,'-',2,142,0,NULL),(838,'2024-12-17 09:52:19.422001','salida_transitoria','Auto',1,235,'2024-12-17 10:01:05.774630',NULL,'-',2,142,0,NULL),(837,'2024-12-17 09:52:11.202812','salida','Auto',0,236,'2024-12-17 10:01:05.784164',NULL,'-',2,142,1,NULL),(836,'2024-12-17 09:52:03.913886','entrada','Auto',0,237,'2024-12-17 10:01:05.798712',NULL,'-',2,142,1,NULL),(835,'2024-12-17 09:52:01.161712','salida','Auto',0,238,'2024-12-17 10:01:05.811666',NULL,'-',2,142,1,NULL),(834,'2024-12-17 09:51:58.608675','entrada_transitoria','Auto',0,239,'2024-12-17 10:01:05.823141',NULL,'-',2,142,1,NULL),(833,'2024-12-17 09:51:55.992783','salida_transitoria','Auto',0,240,'2024-12-17 10:01:05.833783',NULL,'-',2,142,1,NULL),(832,'2024-12-17 09:51:44.316038','entrada','Auto',1,241,'2024-12-17 10:01:05.843344',NULL,'-',2,142,0,NULL),(830,'2024-12-17 09:41:35.643451','entrada','Auto',0,242,'2024-12-17 10:01:05.853635',NULL,'-',2,142,1,NULL),(840,'2024-12-17 10:01:10.101162','entrada','Auto',0,243,'2024-12-17 10:01:10.106355',NULL,'+',2,142,1,NULL),(841,'2024-12-17 10:01:24.274819','salida_transitoria','Auto',0,244,'2024-12-17 10:01:24.279714',NULL,'+',2,142,1,NULL),(842,'2024-12-17 10:01:27.434794','entrada_transitoria','Auto',0,245,'2024-12-17 10:01:27.439279',NULL,'+',2,142,1,NULL),(843,'2024-12-17 10:36:32.387049','entrada_transitoria','Auto',1,246,'2024-12-17 10:36:32.390406',NULL,'+',2,142,0,'Fichada con inconsistencia por decisión del operario.'),(844,'2024-12-17 10:40:43.283798','salida','Auto',0,247,'2024-12-17 10:40:43.290333',NULL,'+',2,142,1,NULL),(845,'2024-12-17 10:40:57.019148','entrada','Auto',0,248,'2024-12-17 10:40:57.025395',NULL,'+',2,142,1,NULL),(846,'2024-12-17 10:41:00.537731','salida','Auto',0,249,'2024-12-17 10:41:00.542408',NULL,'+',2,142,1,NULL),(847,'2024-12-17 10:41:03.385436','entrada','Auto',0,250,'2024-12-17 10:41:03.390814',NULL,'+',2,142,1,NULL),(848,'2024-12-17 10:41:07.114366','salida','Auto',0,251,'2024-12-17 10:41:07.119162',NULL,'+',2,142,1,NULL),(849,'2024-12-17 10:41:10.337341','entrada','Auto',0,252,'2024-12-17 10:41:10.342203',NULL,'+',2,142,1,NULL),(850,'2024-12-17 10:41:13.561433','salida','Auto',0,253,'2024-12-17 10:41:13.566123',NULL,'+',2,142,1,NULL),(850,'2024-12-17 10:41:13.561433','salida','Auto',0,254,'2024-12-17 10:41:26.990994',NULL,'-',2,142,1,NULL),(849,'2024-12-17 10:41:10.337341','entrada','Auto',0,255,'2024-12-17 10:41:27.003069',NULL,'-',2,142,1,NULL),(848,'2024-12-17 10:41:07.114366','salida','Auto',0,256,'2024-12-17 10:41:27.011819',NULL,'-',2,142,1,NULL),(847,'2024-12-17 10:41:03.385436','entrada','Auto',0,257,'2024-12-17 10:41:27.022836',NULL,'-',2,142,1,NULL),(846,'2024-12-17 10:41:00.537731','salida','Auto',0,258,'2024-12-17 10:41:27.034781',NULL,'-',2,142,1,NULL),(845,'2024-12-17 10:40:57.019148','entrada','Auto',0,259,'2024-12-17 10:41:27.044669',NULL,'-',2,142,1,NULL),(844,'2024-12-17 10:40:43.283798','salida','Auto',0,260,'2024-12-17 10:41:27.053639',NULL,'-',2,142,1,NULL),(843,'2024-12-17 10:36:32.387049','entrada_transitoria','Auto',1,261,'2024-12-17 10:41:27.064262',NULL,'-',2,142,0,'Fichada con inconsistencia por decisión del operario.'),(842,'2024-12-17 10:01:27.434794','entrada_transitoria','Auto',0,262,'2024-12-17 10:41:27.075511',NULL,'-',2,142,1,NULL),(841,'2024-12-17 10:01:24.274819','salida_transitoria','Auto',0,263,'2024-12-17 10:41:27.083816',NULL,'-',2,142,1,NULL),(840,'2024-12-17 10:01:10.101162','entrada','Auto',0,264,'2024-12-17 10:41:27.094311',NULL,'-',2,142,1,NULL),(851,'2024-12-17 10:44:08.369439','entrada','Auto',0,265,'2024-12-17 10:44:08.374072',NULL,'+',2,142,1,NULL),(852,'2024-12-17 10:44:19.745391','salida_transitoria','Auto',0,266,'2024-12-17 10:44:19.750848',NULL,'+',2,142,1,NULL),(853,'2024-12-17 10:44:28.045720','entrada','Auto',1,267,'2024-12-17 10:44:28.047774',NULL,'+',2,142,0,'Fichada con inconsistencia por decisión del operario.'),(854,'2024-12-17 10:44:32.594293','entrada_transitoria','Auto',0,268,'2024-12-17 10:44:32.599763',NULL,'+',2,142,1,NULL),(855,'2024-12-16 23:59:25.000000','entrada','Manual',0,269,'2024-12-17 10:49:31.356601',NULL,'+',2,1,1,NULL),(856,'2024-12-17 10:50:08.443212','salida','Auto',1,270,'2024-12-17 10:50:08.447628',NULL,'+',2,1,0,'Fichada con inconsistencia por decisión del operario.'),(856,'2024-12-17 10:50:08.443212','salida','Auto',1,271,'2024-12-17 11:02:02.396988',NULL,'-',2,1,0,'Fichada con inconsistencia por decisión del operario.'),(855,'2024-12-16 23:59:25.000000','entrada','Manual',0,272,'2024-12-17 11:02:02.414109',NULL,'-',2,1,1,NULL),(854,'2024-12-17 10:44:32.594293','entrada_transitoria','Auto',0,273,'2024-12-17 11:02:02.423969',NULL,'-',2,142,1,NULL),(853,'2024-12-17 10:44:28.045720','entrada','Auto',1,274,'2024-12-17 11:02:02.436624',NULL,'-',2,142,0,'Fichada con inconsistencia por decisión del operario.'),(852,'2024-12-17 10:44:19.745391','salida_transitoria','Auto',0,275,'2024-12-17 11:02:02.446105',NULL,'-',2,142,1,NULL),(851,'2024-12-17 10:44:08.369439','entrada','Auto',0,276,'2024-12-17 11:02:02.458878',NULL,'-',2,142,1,NULL),(857,'2024-12-16 20:25:31.000000','entrada','Manual',0,277,'2024-12-17 11:02:51.133316',NULL,'+',2,1,1,NULL),(858,'2024-12-17 11:03:36.933305','salida','Auto',1,278,'2024-12-17 11:03:36.935936',NULL,'+',2,1,0,'Fichada con inconsistencia por decisión del operario.'),(858,'2024-12-17 11:03:36.933305','salida','Auto',1,279,'2024-12-17 11:03:56.347567',NULL,'-',2,1,0,'Fichada con inconsistencia por decisión del operario.'),(859,'2024-12-17 05:25:00.000000','salida','Manual',0,280,'2024-12-17 11:27:15.898478',NULL,'+',2,1,1,NULL),(860,'2024-12-17 11:28:33.113533','entrada','Auto',0,281,'2024-12-17 11:28:33.119287',NULL,'+',2,142,1,NULL),(860,'2024-12-17 07:28:33.000000','entrada','Auto',0,282,'2024-12-17 11:28:47.501405',NULL,'~',2,142,1,NULL),(861,'2024-12-17 11:29:00.413654','salida_transitoria','Auto',0,283,'2024-12-17 11:29:00.418406',NULL,'+',2,142,1,NULL),(862,'2024-12-17 11:29:34.000000','entrada_transitoria','Manual',0,284,'2024-12-17 11:29:36.262479',NULL,'+',2,142,1,NULL),(863,'2024-12-17 16:19:21.000000','salida','Manual',0,285,'2024-12-17 11:30:04.256232',NULL,'+',2,142,1,NULL),(864,'2024-12-17 11:31:58.828332','entrada','Auto',0,286,'2024-12-17 11:31:58.833704',NULL,'+',2,142,1,NULL),(864,'2024-12-17 11:31:58.828332','entrada','Auto',0,287,'2024-12-17 11:36:09.302817',NULL,'-',2,142,1,NULL),(865,'2024-12-17 11:36:29.000000','entrada','Manual',0,288,'2024-12-17 11:36:31.901457',NULL,'+',2,142,1,NULL),(865,'2024-12-17 11:36:29.000000','entrada','Manual',0,289,'2024-12-17 11:36:42.189987',NULL,'-',2,142,1,NULL),(863,'2024-12-17 12:19:21.000000','salida','Manual',0,290,'2024-12-17 12:57:39.905022',NULL,'~',2,142,1,NULL),(866,'2024-12-17 13:00:25.373165','entrada','Auto',1,291,'2024-12-17 13:00:25.378148',NULL,'+',2,142,0,'Fichada con inconsistencia por decisión del operario.'),(867,'2024-12-17 13:00:57.686718','salida','Auto',1,292,'2024-12-17 13:00:57.689828',NULL,'+',2,142,0,'Fichada con inconsistencia por decisión del operario.'),(868,'2024-12-17 13:02:46.074110','entrada','Auto',1,293,'2024-12-17 13:02:46.077369',NULL,'+',2,142,0,'Fichada con inconsistencia por decisión del operario.'),(869,'2024-12-17 13:02:56.381222','salida','Auto',1,294,'2024-12-17 13:02:56.385743',NULL,'+',2,142,0,'Fichada con inconsistencia por decisión del operario.'),(869,'2024-12-17 13:02:56.381222','salida','Auto',1,295,'2024-12-17 13:03:11.921364',NULL,'-',2,142,0,'Fichada con inconsistencia por decisión del operario.'),(868,'2024-12-17 13:02:46.074110','entrada','Auto',1,296,'2024-12-17 13:03:11.939187',NULL,'-',2,142,0,'Fichada con inconsistencia por decisión del operario.');
/*!40000 ALTER TABLE `reloj_fichador_historicalregistrodiario` ENABLE KEYS */;
UNLOCK TABLES;

--
-- Table structure for table `reloj_fichador_horario`
--

DROP TABLE IF EXISTS `reloj_fichador_horario`;
/*!40101 SET @saved_cs_client     = @@character_set_client */;
/*!50503 SET character_set_client = utf8mb4 */;
CREATE TABLE `reloj_fichador_horario` (
  `id` bigint NOT NULL AUTO_INCREMENT,
  `nombre` varchar(50) NOT NULL,
  `hora_inicio` time(6) NOT NULL,
  `hora_fin` time(6) NOT NULL,
  PRIMARY KEY (`id`)
) ENGINE=InnoDB AUTO_INCREMENT=23 DEFAULT CHARSET=utf8mb4 COLLATE=utf8mb4_0900_ai_ci;
/*!40101 SET character_set_client = @saved_cs_client */;

--
-- Dumping data for table `reloj_fichador_horario`
--

LOCK TABLES `reloj_fichador_horario` WRITE;
/*!40000 ALTER TABLE `reloj_fichador_horario` DISABLE KEYS */;
INSERT INTO `reloj_fichador_horario` VALUES (4,'Turno Mañana','05:00:00.000000','13:00:00.000000'),(5,'Palletizado','06:00:00.000000','14:00:00.000000'),(6,'Turno Tarde','13:00:00.000000','21:00:00.000000'),(7,'Turno Noche','21:00:00.000000','05:00:00.000000'),(8,'Logística Mañana','07:00:00.000000','12:00:00.000000'),(9,'Logística Tarde','15:00:00.000000','18:00:00.000000'),(10,'Sistemas','08:00:00.000000','16:00:00.000000'),(11,'Materia Prima Mañana','05:00:00.000000','13:00:00.000000'),(12,'Materia Prima Tarde','13:00:00.000000','21:00:00.000000'),(13,'Infraestructura','05:00:00.000000','13:00:00.000000'),(14,'Limpieza Mañana','07:00:00.000000','12:00:00.000000'),(15,'Limpieza Tarde','15:00:00.000000','18:00:00.000000'),(16,'Almacén  Mañana','07:00:00.000000','12:00:00.000000'),(17,'Almacén Tarde','15:00:00.000000','18:00:00.000000'),(18,'Horario Especial','05:00:00.000000','13:00:00.000000'),(19,'Administración Mañana','08:00:00.000000','13:00:00.000000'),(20,'Administración Tarde','15:00:00.000000','18:00:00.000000'),(21,'Sábado','05:00:00.000000','13:00:00.000000');
/*!40000 ALTER TABLE `reloj_fichador_horario` ENABLE KEYS */;
UNLOCK TABLES;

--
-- Table structure for table `reloj_fichador_horas_extras`
--

DROP TABLE IF EXISTS `reloj_fichador_horas_extras`;
/*!40101 SET @saved_cs_client     = @@character_set_client */;
/*!50503 SET character_set_client = utf8mb4 */;
CREATE TABLE `reloj_fichador_horas_extras` (
  `id` bigint NOT NULL AUTO_INCREMENT,
  `horas_extras` bigint NOT NULL,
  `operario_id` bigint NOT NULL,
  `fecha` date NOT NULL,
  PRIMARY KEY (`id`),
  KEY `reloj_fichador_horas_operario_id_1e6fe9a4_fk_reloj_fic` (`operario_id`),
  CONSTRAINT `reloj_fichador_horas_operario_id_1e6fe9a4_fk_reloj_fic` FOREIGN KEY (`operario_id`) REFERENCES `reloj_fichador_operario` (`id`)
) ENGINE=InnoDB AUTO_INCREMENT=152 DEFAULT CHARSET=utf8mb4 COLLATE=utf8mb4_0900_ai_ci;
/*!40101 SET character_set_client = @saved_cs_client */;

--
-- Dumping data for table `reloj_fichador_horas_extras`
--

LOCK TABLES `reloj_fichador_horas_extras` WRITE;
/*!40000 ALTER TABLE `reloj_fichador_horas_extras` DISABLE KEYS */;
INSERT INTO `reloj_fichador_horas_extras` VALUES (127,0,214,'2024-12-14'),(134,0,142,'2024-12-13'),(135,0,142,'2024-12-14'),(136,0,203,'2024-12-14'),(137,0,296,'2024-12-13'),(138,0,296,'2024-12-14'),(139,0,2,'2024-12-13'),(140,0,1,'2024-12-13'),(141,0,1,'2024-12-14'),(142,0,1,'2024-12-15'),(143,0,1,'2024-12-16'),(144,0,194,'2024-12-05'),(145,0,194,'2024-12-13'),(146,0,194,'2024-12-12'),(147,0,142,'2024-12-16'),(148,0,142,'2024-12-17'),(149,0,203,'2024-12-16'),(150,0,1,'2024-12-17'),(151,0,203,'2024-12-17');
/*!40000 ALTER TABLE `reloj_fichador_horas_extras` ENABLE KEYS */;
UNLOCK TABLES;

--
-- Table structure for table `reloj_fichador_horas_feriado`
--

DROP TABLE IF EXISTS `reloj_fichador_horas_feriado`;
/*!40101 SET @saved_cs_client     = @@character_set_client */;
/*!50503 SET character_set_client = utf8mb4 */;
CREATE TABLE `reloj_fichador_horas_feriado` (
  `id` bigint NOT NULL AUTO_INCREMENT,
  `fecha` date NOT NULL,
  `horas_feriado` bigint NOT NULL,
  `operario_id` bigint NOT NULL,
  PRIMARY KEY (`id`),
  KEY `reloj_fichador_horas_operario_id_71f5e1a2_fk_reloj_fic` (`operario_id`),
  CONSTRAINT `reloj_fichador_horas_operario_id_71f5e1a2_fk_reloj_fic` FOREIGN KEY (`operario_id`) REFERENCES `reloj_fichador_operario` (`id`)
) ENGINE=InnoDB DEFAULT CHARSET=utf8mb4 COLLATE=utf8mb4_0900_ai_ci;
/*!40101 SET character_set_client = @saved_cs_client */;

--
-- Dumping data for table `reloj_fichador_horas_feriado`
--

LOCK TABLES `reloj_fichador_horas_feriado` WRITE;
/*!40000 ALTER TABLE `reloj_fichador_horas_feriado` DISABLE KEYS */;
/*!40000 ALTER TABLE `reloj_fichador_horas_feriado` ENABLE KEYS */;
UNLOCK TABLES;

--
-- Table structure for table `reloj_fichador_horas_totales`
--

DROP TABLE IF EXISTS `reloj_fichador_horas_totales`;
/*!40101 SET @saved_cs_client     = @@character_set_client */;
/*!50503 SET character_set_client = utf8mb4 */;
CREATE TABLE `reloj_fichador_horas_totales` (
  `id` bigint NOT NULL AUTO_INCREMENT,
  `mes_actual` varchar(20) NOT NULL,
  `horas_extras` bigint NOT NULL,
  `operario_id` bigint NOT NULL,
  `horas_feriado` bigint NOT NULL,
  `horas_nocturnas` bigint NOT NULL,
  `horas_normales` bigint NOT NULL,
  PRIMARY KEY (`id`),
  KEY `reloj_fichador_horas_operario_id_77b58e82_fk_reloj_fic` (`operario_id`),
  CONSTRAINT `reloj_fichador_horas_operario_id_77b58e82_fk_reloj_fic` FOREIGN KEY (`operario_id`) REFERENCES `reloj_fichador_operario` (`id`)
) ENGINE=InnoDB AUTO_INCREMENT=102 DEFAULT CHARSET=utf8mb4 COLLATE=utf8mb4_0900_ai_ci;
/*!40101 SET character_set_client = @saved_cs_client */;

--
-- Dumping data for table `reloj_fichador_horas_totales`
--

LOCK TABLES `reloj_fichador_horas_totales` WRITE;
/*!40000 ALTER TABLE `reloj_fichador_horas_totales` DISABLE KEYS */;
INSERT INTO `reloj_fichador_horas_totales` VALUES (93,'2024-12',0,214,0,0,0),(96,'2024-12',0,142,0,0,17414413654),(97,'2024-12',0,203,0,0,0),(98,'2024-12',0,296,0,0,0),(99,'2024-12',0,2,0,0,0),(100,'2024-12',0,1,0,0,0),(101,'2024-12',0,194,0,0,0);
/*!40000 ALTER TABLE `reloj_fichador_horas_totales` ENABLE KEYS */;
UNLOCK TABLES;

--
-- Table structure for table `reloj_fichador_horas_trabajadas`
--

DROP TABLE IF EXISTS `reloj_fichador_horas_trabajadas`;
/*!40101 SET @saved_cs_client     = @@character_set_client */;
/*!50503 SET character_set_client = utf8mb4 */;
CREATE TABLE `reloj_fichador_horas_trabajadas` (
  `id` bigint NOT NULL AUTO_INCREMENT,
  `fecha` date NOT NULL,
  `horas_trabajadas` bigint NOT NULL,
  `operario_id` bigint NOT NULL,
  `horas_nocturnas` bigint NOT NULL,
  PRIMARY KEY (`id`),
  KEY `reloj_fichador_horas_operario_id_9db1bcf5_fk_reloj_fic` (`operario_id`),
  CONSTRAINT `reloj_fichador_horas_operario_id_9db1bcf5_fk_reloj_fic` FOREIGN KEY (`operario_id`) REFERENCES `reloj_fichador_operario` (`id`)
) ENGINE=InnoDB AUTO_INCREMENT=174 DEFAULT CHARSET=utf8mb4 COLLATE=utf8mb4_0900_ai_ci;
/*!40101 SET character_set_client = @saved_cs_client */;

--
-- Dumping data for table `reloj_fichador_horas_trabajadas`
--

LOCK TABLES `reloj_fichador_horas_trabajadas` WRITE;
/*!40000 ALTER TABLE `reloj_fichador_horas_trabajadas` DISABLE KEYS */;
INSERT INTO `reloj_fichador_horas_trabajadas` VALUES (150,'2024-12-14',0,214,0),(156,'2024-12-13',0,142,0),(157,'2024-12-14',0,142,0),(158,'2024-12-14',0,203,0),(159,'2024-12-13',0,296,0),(160,'2024-12-14',0,296,0),(161,'2024-12-13',0,2,0),(162,'2024-12-13',0,1,0),(163,'2024-12-14',0,1,0),(164,'2024-12-15',0,1,0),(165,'2024-12-16',0,1,0),(166,'2024-12-05',0,194,0),(167,'2024-12-13',0,194,0),(168,'2024-12-12',0,194,0),(169,'2024-12-16',0,142,0),(170,'2024-12-17',17414413654,142,0),(171,'2024-12-16',0,203,0),(172,'2024-12-17',0,1,0),(173,'2024-12-17',0,203,0);
/*!40000 ALTER TABLE `reloj_fichador_horas_trabajadas` ENABLE KEYS */;
UNLOCK TABLES;

--
-- Table structure for table `reloj_fichador_licencia`
--

DROP TABLE IF EXISTS `reloj_fichador_licencia`;
/*!40101 SET @saved_cs_client     = @@character_set_client */;
/*!50503 SET character_set_client = utf8mb4 */;
CREATE TABLE `reloj_fichador_licencia` (
  `id` bigint NOT NULL AUTO_INCREMENT,
  `archivo` varchar(100) NOT NULL,
  `fecha_subida` date NOT NULL,
  `operario_id` bigint NOT NULL,
  `descripcion` longtext,
  `fecha_fin` date DEFAULT NULL,
  `fecha_inicio` date DEFAULT NULL,
  PRIMARY KEY (`id`),
  KEY `reloj_fichador_licen_operario_id_67e8935b_fk_reloj_fic` (`operario_id`),
  CONSTRAINT `reloj_fichador_licen_operario_id_67e8935b_fk_reloj_fic` FOREIGN KEY (`operario_id`) REFERENCES `reloj_fichador_operario` (`id`)
) ENGINE=InnoDB AUTO_INCREMENT=15 DEFAULT CHARSET=utf8mb4 COLLATE=utf8mb4_0900_ai_ci;
/*!40101 SET character_set_client = @saved_cs_client */;

--
-- Dumping data for table `reloj_fichador_licencia`
--

LOCK TABLES `reloj_fichador_licencia` WRITE;
/*!40000 ALTER TABLE `reloj_fichador_licencia` DISABLE KEYS */;
INSERT INTO `reloj_fichador_licencia` VALUES (10,'licencias/django-es.27.pdf','2024-08-29',203,'Se golpeó la pierna','2024-08-31','2024-08-29');
/*!40000 ALTER TABLE `reloj_fichador_licencia` ENABLE KEYS */;
UNLOCK TABLES;

--
-- Table structure for table `reloj_fichador_operario`
--

DROP TABLE IF EXISTS `reloj_fichador_operario`;
/*!40101 SET @saved_cs_client     = @@character_set_client */;
/*!50503 SET character_set_client = utf8mb4 */;
CREATE TABLE `reloj_fichador_operario` (
  `id` bigint NOT NULL AUTO_INCREMENT,
  `dni` bigint DEFAULT NULL,
  `nombre` varchar(20) NOT NULL,
  `seg_nombre` varchar(20) DEFAULT NULL,
  `apellido` varchar(20) NOT NULL,
  `seg_apellido` varchar(20) DEFAULT NULL,
  `fecha_ingreso_empresa` date DEFAULT NULL,
  `fecha_nacimiento` date DEFAULT NULL,
  `titulo_tecnico` tinyint(1) NOT NULL,
  `activo` tinyint(1) NOT NULL,
  `foto` varchar(100) DEFAULT NULL,
  `descripcion` longtext,
  PRIMARY KEY (`id`),
  UNIQUE KEY `dni` (`dni`),
  KEY `reloj_ficha_apellid_2940c9_idx` (`apellido`),
  KEY `reloj_ficha_dni_b631b6_idx` (`dni`)
) ENGINE=InnoDB AUTO_INCREMENT=301 DEFAULT CHARSET=utf8mb4 COLLATE=utf8mb4_0900_ai_ci;
/*!40101 SET character_set_client = @saved_cs_client */;

--
-- Dumping data for table `reloj_fichador_operario`
--

LOCK TABLES `reloj_fichador_operario` WRITE;
/*!40000 ALTER TABLE `reloj_fichador_operario` DISABLE KEYS */;
INSERT INTO `reloj_fichador_operario` VALUES (1,14281172,'RAUL',NULL,'BALDAZAR',NULL,'2011-02-28','1961-09-09',0,1,'',''),(2,35669855,'JORGE','','BAINOTTI','','2011-02-28','1990-11-17',0,1,NULL,NULL),(3,36184345,'CRISTIAN','','BENI','','1900-01-01','1900-01-01',0,0,NULL,NULL),(4,11229193,'SUSANA','','BIANCHI','','1900-01-01','1900-01-01',0,0,NULL,NULL),(5,6559579,'RUBEN','','BLENGINO','','1900-01-01','1900-01-01',0,0,NULL,NULL),(6,25040357,'CARLOS',NULL,'CALDERON',NULL,'2011-02-28','1976-07-17',0,1,NULL,NULL),(7,28757938,'CECILIA','SOLEDAD','CUELLO','','1900-01-01','1900-01-01',0,0,NULL,NULL),(8,31044627,'NICOLAS','','DE SOUZA','','1900-01-01','1900-01-01',0,0,NULL,NULL),(9,36305516,'MATIAS','','DE SOUZA','','1900-01-01','1900-01-01',0,0,NULL,NULL),(10,36707091,'LUCAS','SANTIAGO','ESPINOSA','','1900-01-01','1900-01-01',0,0,NULL,NULL),(11,32389710,'HERNAN','','GARAVAGLIA','','1900-01-01','1900-01-01',0,0,NULL,NULL),(12,29161251,'LUCIANO','','GAUNA','','2011-02-28','1982-05-11',0,1,NULL,NULL),(13,3349956,'DIEGO','','HEREDIA','','1900-01-01','1900-01-01',0,0,NULL,NULL),(14,30294347,'JESICA','','HERRERA','','1900-01-01','1900-01-01',0,0,NULL,NULL),(16,34965695,'RAMIRO',NULL,'JARA',NULL,'2011-02-28','1900-01-01',0,1,NULL,NULL),(17,22384294,'VICTOR','','LIOI','','2011-02-28','1900-01-01',0,1,NULL,NULL),(18,36305505,'JOEL','','MAGGI','','1900-01-01','1900-01-01',0,0,NULL,NULL),(19,34965735,'PABLO','','MISERERE','','1900-01-01','1900-01-01',0,0,NULL,NULL),(20,35258578,'LUCIANO','MATIAS','NEYRA','','1900-01-01','1900-01-01',0,0,NULL,NULL),(21,31862130,'CLAUDIA','','OJEDA','','1900-01-01','1900-01-01',0,0,NULL,NULL),(22,33728409,'LAURA','','OJEDA','','1900-01-01','1900-01-01',0,0,NULL,NULL),(23,28757702,'NICOLAS','','PEREZ','','2011-02-28','1981-07-23',0,1,NULL,NULL),(24,36184233,'ALEJANDRO','','PEREYRA','','1900-01-01','1900-01-01',0,0,NULL,NULL),(25,29884270,'JORGE','','PIAZZA','','2011-02-28','1900-01-01',0,1,NULL,NULL),(26,34542443,'EMILIANO','','ROBLEDO','','1900-01-01','1900-01-01',0,0,NULL,NULL),(27,30627759,'GASTON','','SANABRIA','','1900-01-01','1900-01-01',0,0,NULL,NULL),(28,22830239,'DARIO','','STARODUBSKY','','1900-01-01','1900-01-01',0,0,NULL,NULL),(29,26095237,'ANALIA',NULL,'URBANO',NULL,'1900-01-01','1900-01-01',0,0,NULL,NULL),(30,24108360,'FACUNDO',NULL,'URBANO',NULL,'1900-01-01','1900-01-01',0,0,NULL,NULL),(31,22384208,'LUIS','','ZUFFOLO','','1900-01-01','1900-01-01',0,0,NULL,NULL),(32,24108136,'LUCAS','','IMAN','','1900-01-01','1900-01-01',0,0,NULL,NULL),(33,29519365,'EMILIO','','ROMERO','','1900-01-01','1900-01-01',0,0,NULL,NULL),(34,31449811,'JORGE','','BARROS','','1900-01-01','1900-01-01',0,0,NULL,NULL),(35,34965767,'NICOLAS','LUIS','CORTEZ','','1900-01-01','1900-01-01',0,0,NULL,NULL),(36,34542674,'PABLO','FABIAN','GONZALEZ','','1900-01-01','1900-01-01',0,0,NULL,NULL),(37,33602974,'EMILIANO','','MORA','','1900-01-01','1900-01-01',0,0,NULL,NULL),(38,35108705,'ERIC','','CELIZ','','1900-01-01','1900-01-01',0,0,NULL,NULL),(39,33920821,'LUCAS','','DIAZ','','2011-02-28','1900-01-01',0,1,NULL,NULL),(40,34518314,'MARCO','','MUÑOZ','','1900-01-01','1900-01-01',0,0,NULL,NULL),(41,36707136,'LUCIANO','','MORENO','','1900-01-01','1900-01-01',0,0,NULL,NULL),(42,36305646,'HUGO','','VILLARROEL','','1900-01-01','1900-01-01',0,0,NULL,NULL),(43,36184495,'AGUSTIN','','SANABRIA','','1900-01-01','1900-01-01',0,0,NULL,NULL),(44,35669508,'FERNANDEZ','','STEFANI','','1900-01-01','1900-01-01',0,0,NULL,NULL),(45,32921279,'GUILLERMO','','MARTORINA','','1900-01-01','1900-01-01',0,0,NULL,NULL),(46,36707244,'GASPAR','','CARRION','','1900-01-01','1900-01-01',0,0,NULL,NULL),(47,25791636,'WALTER','','CORDOBA','','1900-01-01','1900-01-01',0,0,NULL,NULL),(48,27445953,'DANIEL','','ARCHERITO','','1900-01-01','1900-01-01',0,0,NULL,NULL),(49,34965542,'EMANUEL','','SANABRIA','','1900-01-01','1900-01-01',0,0,NULL,NULL),(50,35055633,'NICOLAS','','GALLO','','1900-01-01','1900-01-01',0,0,NULL,NULL),(51,36184219,'WILLIANS','','LEGUIZAMON','','1900-01-01','1900-01-01',0,0,NULL,NULL),(52,35669748,'SANTIAGO','','PEDRAZA','','1900-01-01','1900-01-01',0,0,NULL,NULL),(53,33349984,'DANILO','','LOPEZ','','2011-03-14','1900-01-01',0,1,NULL,NULL),(54,36707336,'LUCAS','','PEREYRA','','1900-01-01','1900-01-01',0,0,NULL,NULL),(55,36707352,'JONATHAN','','RODRIGUEZ','','1900-01-01','1900-01-01',0,0,NULL,NULL),(56,36707298,'JONATHAN','EMANUEL','PEDERZOLI','','1900-01-01','1900-01-01',0,0,NULL,NULL),(57,32080870,'RAMIRO','','MOROSAN','','1900-01-01','1900-01-01',0,0,NULL,NULL),(58,34436562,'MARTIN','','JUAN','','1900-01-01','1900-01-01',0,0,NULL,NULL),(59,36184476,'AGUSTIN','','CASTRO','','1900-01-01','1900-01-01',0,0,NULL,NULL),(60,36184202,'LEANDRO','','SIMONINI','','1900-01-01','1900-01-01',0,0,NULL,NULL),(61,37232728,'JUAN','FRANCISCO','MANTELLI','','1900-01-01','1900-01-01',0,0,NULL,NULL),(62,35669538,'GABRIEL','','PAVONI','','1900-01-01','1900-01-01',0,0,NULL,NULL),(63,33603170,'MARCOS','','MORANGE','','1900-01-01','1900-01-01',0,0,NULL,NULL),(64,34542621,'MAXIMILIANO','','DOMINGUEZ','','1900-01-01','1900-01-01',0,0,NULL,NULL),(65,36707443,'BRIAN','','RIMOLDI','','1900-01-01','1900-01-01',0,0,NULL,NULL),(66,31731146,'MAXIMILIANO',NULL,'SANTUCHO',NULL,'2011-05-30','1900-01-01',0,1,NULL,NULL),(67,34100579,'CLAUDIO','','MONTENEGRO','','1900-01-01','1900-01-01',0,0,NULL,NULL),(68,30848452,'FLEMAN','MANUEL','CORRALES','','1900-01-01','1900-01-01',0,0,NULL,NULL),(69,35669542,'DAVID','','MIRANDA','','1900-01-01','1900-01-01',0,0,NULL,NULL),(70,33603000,'MATIAS','','PRADO','','1900-01-01','1900-01-01',0,0,NULL,NULL),(71,32636851,'MATIAS','','CORRALEJOS','','1900-01-01','1900-01-01',0,0,NULL,NULL),(72,36707047,'LUCIANO','','SALDIVIA','','1900-01-01','1900-01-01',0,0,NULL,NULL),(73,35869410,'ELIEZER','','CURA','','1900-01-01','1900-01-01',0,0,NULL,NULL),(74,37232719,'FABRICIO','','BRAVO','','1900-01-01','1900-01-01',0,0,NULL,NULL),(75,37084694,'CLAUDIO','','RIMOLDI','','1900-01-01','1900-01-01',0,0,NULL,NULL),(76,34100405,'LEANDRO','','CACERES','','1900-01-01','1900-01-01',0,0,NULL,NULL),(77,13108031,'CARLOS','','MARTINEZ','','2011-12-01','1957-02-04',0,1,NULL,NULL),(78,32389753,'JOSE','','PUSEK','','1900-01-01','1900-01-01',0,0,NULL,NULL),(79,33602888,'VICTORIA','','CAGNOLO','','1900-01-01','1900-01-01',0,0,NULL,NULL),(80,38728993,'MAGALI','','HERRERA','','1900-01-01','1900-01-01',0,0,NULL,NULL),(81,39624267,'LEANDRO','','GONZALEZ','','1900-01-01','1900-01-01',0,0,NULL,NULL),(82,38279578,'BRAIAN','MAXIMILIANO','ZUFFOLO','','1900-01-01','1900-01-01',0,0,NULL,NULL),(83,38477188,'FRANCO','EZEQUIEL','VAGLIENTI','','1900-01-01','1900-01-01',0,0,NULL,NULL),(84,36707221,'RODRIGO','','MÁRQUEZ','','1900-01-01','1900-01-01',0,0,NULL,NULL),(85,37627895,'FACUNDO','CATRIEL','URCIA','','1900-01-01','1900-01-01',0,0,NULL,NULL),(86,38477020,'AGUSTÍN','IGNACIO','LLORET','','1900-01-01','1900-01-01',0,0,NULL,NULL),(87,38159141,'CRISTIAN','ARMANDO','RINALDI','','1900-01-01','1900-01-01',0,0,NULL,NULL),(88,35669604,'EMANUEL','JESÚS','MEDICI','','1900-01-01','1900-01-01',0,0,NULL,NULL),(89,36305693,'FERNANDO','DANIEL','ROTH','','1900-01-01','1900-01-01',0,0,NULL,NULL),(90,39326309,'GERARDO','','VELEZ','','1900-01-01','1900-01-01',0,0,NULL,NULL),(91,38279671,'HERNÁN','MANUEL','VIOLA','','2014-04-21','1995-01-27',0,1,NULL,NULL),(92,39022473,'RAFAEL','EZEQUIEL','DECO','','2014-04-21','1900-01-01',0,1,NULL,NULL),(93,28178253,'GERMAN','ARIEL','BENI','','1900-01-01','1900-01-01',0,0,NULL,NULL),(94,38279612,'JUAN','JOSE','CESARETTI','','1900-01-01','1900-01-01',0,0,NULL,NULL),(95,31976600,'ABEL','SIMON','CATINI','','1900-01-01','1900-01-01',0,0,NULL,NULL),(96,39326370,'AXEL','DANIEL','PAUTASSO','','1900-01-01','1900-01-01',0,0,NULL,NULL),(97,36707398,'JONATHAN','E.','RAMELLO','','1900-01-01','1900-01-01',0,0,NULL,NULL),(98,33602873,'EMANUEL','','TRAPOLINI','','1900-01-01','1900-01-01',0,0,NULL,NULL),(99,39326338,'NICOLAS','','LIENDO','','1900-01-01','1900-01-01',0,0,NULL,NULL),(100,37627843,'JONATHAN','','QUINTEROS','','1900-01-01','1900-01-01',0,0,NULL,NULL),(101,39022442,'GABRIEL','GABRIEL','GRELLA','','1900-01-01','1900-01-01',0,0,NULL,NULL),(102,34542450,'GERMÁN','A.','RODARE','','1900-01-01','1900-01-01',0,0,NULL,NULL),(103,34965518,'MAXIMILIANO','','PONCE','','1900-01-01','1900-01-01',0,0,NULL,NULL),(104,38279501,'JUAN','MANUEL','LOPEZ','','1900-01-01','1900-01-01',0,0,NULL,NULL),(105,38161074,'MAXIMILIANO','','CEJAS','','1900-01-01','1900-01-01',0,0,NULL,NULL),(106,37627948,'FERNANDO','','CANTARUTTI','','2014-08-04','1994-05-06',0,1,NULL,NULL),(107,37627739,'JUAN','MANUEL','CASAMITJANA','','1900-01-01','1900-01-01',0,0,NULL,NULL),(108,34965669,'SILVINA','BELEN','MATEUCI',NULL,'2015-02-09','1990-03-17',0,1,NULL,NULL),(109,39610303,'FRANCO','GABRIEL','JUNCOS','','1900-01-01','1900-01-01',0,0,NULL,NULL),(110,32286346,'PAULO','MARTÍN','GONZÁLEZ','','1900-01-01','1900-01-01',0,0,NULL,NULL),(111,27673387,'MAURICIO','','VIDELA','','2015-06-03','1980-04-24',0,1,NULL,NULL),(112,38110345,'JONATHAN','','GUZMAN','','1900-01-01','1900-01-01',0,0,NULL,NULL),(113,37627925,'MATIAS','EMANUEL','OCHOA','','1900-01-01','1900-01-01',0,0,NULL,NULL),(114,37627879,'FEDERICO','','GALANTI','','1900-01-01','1900-01-01',0,0,NULL,NULL),(115,39176889,'ALEXIS','ANDRES','IRUSTA','','1900-01-01','1900-01-01',0,0,NULL,NULL),(116,34965753,'MAXIMILIANO','','GAMBA','','1900-01-01','1900-01-01',0,0,NULL,NULL),(117,39610348,'MARIO','JESUS','PUCHETA','','1900-01-01','1900-01-01',0,0,NULL,NULL),(118,37233033,'MATIAS','','CABRAL','','1900-01-01','1900-01-01',0,0,NULL,NULL),(119,34965626,'MATIAS','','DRAZUL','','1900-01-01','1900-01-01',0,0,NULL,NULL),(120,39022307,'JULIAN','ESTEBAN','PINTOS','','1900-01-01','1900-01-01',0,0,NULL,NULL),(121,39934683,'PEDRO','','LAVI','','1900-01-01','1900-01-01',0,0,NULL,NULL),(122,41349025,'LAVI','','FRANCISCO','','1900-01-01','1900-01-01',0,0,NULL,NULL),(123,40502865,'IGNACIO','GASTON','GARCIA','','1900-01-01','1900-01-01',0,0,NULL,NULL),(124,39022369,'PABLO','GABRIEL','GARNERO','','1900-01-01','1900-01-01',0,0,NULL,NULL),(125,25040071,'MIGUEL','ANGEL','LALLANA','','1900-01-01','1900-01-01',0,0,NULL,NULL),(126,37165961,'BRAIAN','LEONARDO','FERNANDEZ','','1900-01-01','1900-01-01',0,0,NULL,NULL),(127,29161157,'JUAN','SEBASTIAN','VARAS','','1900-01-01','1900-01-01',0,0,NULL,NULL),(128,29519506,'MARTIN','','GOLINELLI','','2015-09-18','1900-01-01',0,1,NULL,NULL),(129,36305641,'LUCAS','GERMAN','POSCO','','1900-01-01','1900-01-01',0,0,NULL,NULL),(130,39472262,'JUAN','CRUZ','VILLAROEL','','1900-01-01','1900-01-01',0,0,NULL,NULL),(131,38279620,'GASTON','JESUS','TANTUCCI','','1900-01-01','1900-01-01',0,0,NULL,NULL),(132,34131020,'RENZO','SEBASTIAN','MEDINA','','1900-01-01','1900-01-01',0,0,NULL,NULL),(133,39472284,'JULIAN','','VILLARROEL','','1900-01-01','1900-01-01',0,0,NULL,NULL),(134,14615761,'LUIS','ALFREDO','NOBREGA','','1900-01-01','1900-01-01',0,0,NULL,NULL),(135,36760953,'FRANCISCO','JOSE','GARRIDO','','1900-01-01','1900-01-01',0,0,NULL,NULL),(136,39326365,'ENZO','','PEDANO','','1900-01-01','1900-01-01',0,0,NULL,NULL),(137,34100371,'LUCAS','ARIEL','CABRERA','','1900-01-01','1900-01-01',0,0,NULL,NULL),(138,39326367,'SANTIAGO','N.','FERNANDEZ','','1900-01-01','1900-01-01',0,0,NULL,NULL),(139,37233007,'CARLOS','F.','ZABALA','','2016-03-09','1993-09-27',0,1,NULL,NULL),(140,36707204,'MARIANO','A.','WESTVEER','','1900-01-01','1900-01-01',0,0,NULL,NULL),(141,37232765,'JONATHAN','J.','FERNANDEZ','','1900-01-01','1900-01-01',0,0,NULL,NULL),(142,39610329,'LEANDRO','E.','PIZARRO',NULL,'2016-03-21','1996-05-07',1,1,'',''),(143,37232873,'EMILIANO','','ABREGO','','1900-01-01','1900-01-01',0,0,NULL,NULL),(144,36707055,'CHRISTIAN','','MONTI','','2016-04-25','1992-02-10',0,1,NULL,NULL),(145,38110389,'MAURO','','VINUESA','','1900-01-01','1900-01-01',0,0,NULL,NULL),(146,36707429,'LUCIANO','N.','MORALES','','2017-03-28','1992-09-24',0,1,NULL,NULL),(147,36305699,'JUAN','','LUNA','','1900-01-01','1900-01-01',0,0,NULL,NULL),(148,39022367,'EMILIANO','D.','ARRIETA','','1900-01-01','1900-01-01',0,0,NULL,NULL),(149,40299911,'AGUSTÍN','M.','AIMAR','','1900-01-01','1900-01-01',0,0,NULL,NULL),(150,40299992,'ALEXIS','N.','LOPEZ','','1900-01-01','1900-01-01',0,0,NULL,NULL),(151,36707366,'CRISTIAN','E.','CAMPOS','','1900-01-01','1900-01-01',0,0,NULL,NULL),(152,38159114,'LEONARDO','','ABBAS','','1900-01-01','1900-01-01',0,0,NULL,NULL),(153,37165530,'MATIAS','','ASTUDILLO','','1900-01-01','1900-01-01',0,0,NULL,NULL),(154,31044624,'ROBERTO','','FERNANDEZ','','1900-01-01','1900-01-01',0,0,NULL,NULL),(155,38110315,'JUAN','CRUZ','CASALEGNO','','1900-01-01','1900-01-01',0,0,NULL,NULL),(156,62778461,'OSCAR','','ROJAS','','2017-06-05','1900-01-01',0,1,NULL,NULL),(157,33349962,'IGNACIO','','SUPERTINO','','1900-01-01','1900-01-01',0,0,NULL,NULL),(158,39023201,'JUAN','PABLO','GONELLA','','1900-01-01','1900-01-01',0,0,NULL,NULL),(159,32599859,'LEONARDO','','UTRERA','','1900-01-01','1900-01-01',0,0,NULL,NULL),(160,41484063,'LIHUEN','ANDRES','ALMENARA',NULL,'2018-03-12','1999-01-31',0,1,NULL,NULL),(161,41280094,'GIANFRANCO','','RAMADORI','','1900-01-01','1900-01-01',0,0,NULL,NULL),(162,39022496,'FRANCO','','ULLA','','1900-01-01','1900-01-01',0,0,NULL,NULL),(163,41484050,'EZEQUIEL','','AGUERO','','1900-01-01','1900-01-01',0,0,NULL,NULL),(164,41484104,'MATIAS','E.','LOPEZ','','1900-01-01','1900-01-01',0,0,NULL,NULL),(165,39824927,'GONZALO','','RODARE','','1900-01-01','1900-01-01',0,0,NULL,NULL),(166,40026784,'TOMAS','','FERREYRA','','2018-03-20','1997-04-21',0,1,NULL,NULL),(167,38159178,'VALENTINO','','HERMAN','','1900-01-01','1900-01-01',0,0,NULL,NULL),(168,39176844,'ERIC','','OCAMPO','','1900-01-01','1900-01-01',0,0,NULL,NULL),(169,38159134,'GONZALO','','MARIA','','2018-04-05','1994-09-05',0,1,NULL,NULL),(170,39022395,'FACUNDO','FACUNDO','PIETRANTONIO','','1900-01-01','1900-01-01',0,0,NULL,NULL),(171,41018837,'ENZO','','ROGERS','','1900-01-01','1900-01-01',0,0,NULL,NULL),(172,40751126,'JAVIER','ALEJANDRO','SALVA','','1900-01-01','1900-01-01',0,0,NULL,NULL),(173,40678696,'DAREL','','AVENDAÑO','','2018-05-24','1997-12-01',0,1,NULL,NULL),(174,38279508,'SERGIO','','ANTONELLI','','1900-01-01','1900-01-01',0,0,NULL,NULL),(175,40922353,'JESUS','','MARTINEZ','','1900-01-01','1900-01-01',0,0,NULL,NULL),(176,39970439,'MATIAS','','GARRE','','1900-01-01','1900-01-01',0,0,NULL,NULL),(177,41813877,'BRUNO','','VENOSTA','','1900-01-01','1900-01-01',0,0,NULL,NULL),(178,37627910,'FEDERICO','','QUINTEROS','','1900-01-01','1900-01-01',0,0,NULL,NULL),(179,41484049,'NICOLAS','','RODRIGUEZ','','1900-01-01','1900-01-01',0,0,NULL,NULL),(180,37165416,'GASTON','','RODRIGUEZ','','2018-07-13','1993-11-11',0,1,NULL,NULL),(181,37850500,'JOSE','','MATULICH','','2018-07-13','1993-09-17',0,1,NULL,NULL),(182,32599619,'NOELIA','','MARUCCO','','2018-07-25','1986-10-06',0,1,NULL,NULL),(183,41280074,'MATIAS','BENJAMIN','BUC','','1900-01-01','1900-01-01',0,0,NULL,NULL),(184,41280170,'JOAQUIN','','MOLINERO','','2018-10-03','1998-11-28',0,1,NULL,NULL),(185,41994218,'FRANCISCO','','GOMEZ','','2018-10-03','1999-07-29',0,1,NULL,NULL),(186,39824996,'DAMIAN','','ALLASIA','','2018-10-03','1996-11-05',0,1,NULL,NULL),(187,29884280,'JUAN','PABLO','SANCHEZ','','1900-01-01','1900-01-01',0,0,NULL,NULL),(188,39736866,'AGUSTIN','','RICAGNO','','1900-01-01','1900-01-01',0,0,NULL,NULL),(189,34542576,'LUCIANO','','PERALTA','','1900-01-01','1900-01-01',0,0,NULL,NULL),(190,42890913,'MARCOS','','CONTRERA','','1900-01-01','1900-01-01',0,0,NULL,NULL),(191,31044628,'ABEL','FUENTES','FERNANDO','','1900-01-01','1900-01-01',0,0,NULL,NULL),(192,40314005,'JULIETA','','ACEVEDO','','2019-02-28','1997-04-01',0,1,NULL,NULL),(193,39736885,'AGUSTIN','','DOMINGUEZ','','1900-01-01','1900-01-01',0,0,NULL,NULL),(194,40026647,'LUCAS','GABRIEL','MANIAS','','2019-02-28','1900-01-01',0,1,NULL,NULL),(195,38477104,'LEONEL','M.','FERNANDEZ','','1900-01-01','1900-01-01',0,0,NULL,NULL),(196,40299953,'BRAIAN','','MARTINEZ','','1900-01-01','1900-01-01',0,0,NULL,NULL),(197,37232850,'RAYMUNDO','','LOPEZ','','2019-02-28','1993-06-18',0,1,NULL,NULL),(198,27445692,'CARRASCO','JUAN','LAGOS','','1900-01-01','1900-01-01',0,0,NULL,NULL),(199,41994227,'GONZALO','EMANUEL','VARELA','','1900-01-01','1900-01-01',0,0,NULL,NULL),(200,40296848,'TOMAS','','CATALANO','','1900-01-01','1900-01-01',0,0,NULL,NULL),(201,27445882,'LUIS','A.','PAGLIARONE','','1900-01-01','1900-01-01',0,0,NULL,NULL),(202,26712738,'LUCAS','F.','CESARATTO','','1900-01-01','1900-01-01',0,0,NULL,NULL),(203,41888232,'BRAIAN',NULL,'MASSAFARA',NULL,'2019-07-29','1999-06-18',1,1,NULL,NULL),(204,39176825,'ROMINA',NULL,'CORONEL',NULL,'2018-12-03','1995-11-12',0,1,NULL,NULL),(205,30287386,'GONZALO','','LOMELLO','','2019-09-10','1983-08-10',0,1,NULL,NULL),(206,41280165,'JUAN','IGNACIO','VILLALBA','','1900-01-01','1900-01-01',0,0,NULL,NULL),(207,43062240,'AGUSTIN','GASTON','AGUIRRE','','1900-01-01','1900-01-01',0,0,NULL,NULL),(208,40299956,'MILTON','','FERRERI','','2020-08-27','1997-05-26',0,1,NULL,NULL),(209,41994272,'FEDERICO','','MENDOZA','','1900-01-01','1900-01-01',0,0,NULL,NULL),(210,42696371,'BRUNO','AGUSTIN','QUINTEROS','','2020-08-27','2000-06-01',0,1,NULL,NULL),(211,43134653,'JERONIMO','','ARNAUD','','2020-09-25','2001-03-16',0,1,NULL,NULL),(212,41430518,'TOMAS','','GARCIA','','1900-01-01','1900-01-01',0,0,NULL,NULL),(213,39176859,'JUAN','','VARAS','','1900-01-01','1900-01-01',0,0,NULL,NULL),(214,38279571,'GABRIEL',NULL,'BELTRAN',NULL,'2020-09-25','1994-10-31',0,1,NULL,NULL),(215,41484138,'GINO','','ANCONETANI','','1900-01-01','1900-01-01',0,0,NULL,NULL),(216,41499980,'GONZALO','','IBAÑEZ','','1900-01-01','1900-01-01',0,0,NULL,NULL),(217,40678625,'JORGE','','MARIZZA','','2021-03-22','1997-10-29',0,1,NULL,NULL),(218,40026667,'NAHUEL','','CORDOBA','','1900-01-01','1900-01-01',0,0,NULL,NULL),(219,42890989,'LAUTARO','','GUEVARA','','1900-01-01','1900-01-01',0,0,NULL,NULL),(220,42980453,'FEDERICO','','MONJE','','1900-01-01','1900-01-01',0,0,NULL,NULL),(221,41484043,'JULIO','','GIUSTI','','2021-03-22','1999-01-12',0,1,NULL,NULL),(222,37233091,'ELIZABET','','CAGNOLO','','1900-01-01','1900-01-01',0,0,NULL,NULL),(223,43062391,'IGNACIO','','ROMERO','','1900-01-01','1900-01-01',0,0,NULL,NULL),(224,42637360,'FACUNDO','','ESPIRO','','1900-01-01','1900-01-01',0,0,NULL,NULL),(225,43675758,'KENZO','','PEPICELLI','','1900-01-01','1900-01-01',0,0,NULL,NULL),(226,40751169,'LUCIANO','','MARTIN','','1900-01-01','1900-01-01',0,0,NULL,NULL),(227,42171153,'SANTIAGO','SANTIAGO','AVELLANEDA','','1900-01-01','1900-01-01',0,0,NULL,NULL),(228,41018771,'LUCIANO','','MARTINEZ','','1900-01-01','1900-01-01',0,0,NULL,NULL),(229,41484194,'MAURO','','RIVAROLA','','1900-01-01','1900-01-01',0,0,NULL,NULL),(230,39176869,'PABLO','','CAPPELLA','','1900-01-01','1900-01-01',0,0,NULL,NULL),(231,29519476,'MARIANO','EZEQUIEL','ROSSI','','1900-01-01','1900-01-01',0,0,NULL,NULL),(232,41323105,'BRAIAN','','DIDZIUS','','1900-01-01','1900-01-01',0,0,NULL,NULL),(233,42337844,'ROQUE','','IMAN','','1900-01-01','1900-01-01',0,0,NULL,NULL),(234,42337845,'FACUNDO','','PALACIOS','','1900-01-01','1900-01-01',0,0,NULL,NULL),(235,43607689,'FACUNDO','JULIAN','CABRAL','','2022-02-15','2001-11-10',0,1,NULL,NULL),(236,39610361,'LUCAS','MARIANO','COMIA','','1900-01-01','1900-01-01',0,0,NULL,NULL),(237,36874832,'MAURICIO','EZEQUIEL','MICHIA','','1900-01-01','1900-01-01',0,0,NULL,NULL),(238,43230436,'ENZO','NICOLAS','TESTA',NULL,'2022-03-03','2001-04-29',1,1,NULL,NULL),(239,42159067,'MATIAS','','ZAPATA','','1900-01-01','1900-01-01',0,0,NULL,NULL),(240,42877609,'FRANCO','','SANCHEZ','','1900-01-01','1900-01-01',0,0,NULL,NULL),(241,39736867,'MARCOS','','CUELLO','','1900-01-01','1900-01-01',0,0,NULL,NULL),(242,44244873,'JOSE','IGNACIO','SAAB','','1900-01-01','1900-01-01',0,0,NULL,NULL),(243,33349985,'JORGE','GABRIEL','IBARRA','','1900-01-01','1900-01-01',0,0,NULL,NULL),(244,41484143,'FRANCISCO','','BUSTOS','','1900-01-01','1900-01-01',0,0,NULL,NULL),(245,42858833,'JOAQUIN','DANIEL','MONDELLO','','1900-01-01','1900-01-01',0,0,NULL,NULL),(246,38279683,'JORGE','LISANDRO','FIOL',NULL,'2022-04-25','1995-02-13',0,1,NULL,NULL),(247,38110343,'NICOLAS','','IMAN','','1900-01-01','1900-01-01',0,0,NULL,NULL),(248,39610460,'FERNANDO','','CEBALLOS','','2022-06-02','1996-07-15',0,1,NULL,NULL),(249,42109346,'TOMAS','','DELSOGLIO','','1900-01-01','1900-01-01',0,0,NULL,NULL),(250,40415555,'ENZO','','BALLESTEROS','','1900-01-01','1900-01-01',0,0,NULL,NULL),(251,44549119,'MIGUEL','','CONTRERA','','1900-01-01','1900-01-01',0,0,NULL,NULL),(252,43675993,'GERARDO','','ALBA','','2022-06-21','2002-06-10',0,1,NULL,NULL),(253,41697847,'AGUSTIN','','TESSER','','1900-01-01','1900-01-01',0,0,NULL,NULL),(254,43015155,'JESSICA',NULL,'DI CROCE',NULL,'2022-07-04','1900-01-01',0,1,NULL,NULL),(255,48976911,'MARTIN','','PAGLIARONE','','1900-01-01','1900-01-01',0,0,NULL,NULL),(256,44077068,'MATIAS','','QUIROGA','','1900-01-01','1900-01-01',0,0,NULL,NULL),(257,39970466,'BERNABE','LEANDRO','MERLO','','1900-01-01','1900-01-01',0,0,NULL,NULL),(258,28816742,'DIEGO','','JARA','','2022-07-15','1981-08-14',0,1,NULL,NULL),(259,42441441,'TOMAS','','GIGENA','','1900-01-01','1900-01-01',0,0,NULL,NULL),(260,35669583,'MARTIN','','GUAJARDO','','1900-01-01','1900-01-01',0,0,NULL,NULL),(261,37627901,'AGUSTIN','GABRIEL','SAAB','','2022-08-10','1994-04-15',0,1,NULL,NULL),(262,38279585,'HUGO','FABRICIO','ARGUELLO',NULL,'2022-10-20','1994-08-10',0,1,NULL,NULL),(263,43675967,'RODRIGO','NAHUEL','BORREDA','','1900-01-01','1900-01-01',0,0,NULL,NULL),(264,41323733,'FEDERICO','JESUS','RIVERA','','1900-01-01','1900-01-01',0,0,NULL,NULL),(265,44296947,'VALENTINO','','CUZCUETA','','1900-01-01','1900-01-01',0,0,NULL,NULL),(266,36305555,'ALAN','','ABAD','','1900-01-01','1900-01-01',0,0,NULL,NULL),(267,45244875,'MARTIN','','MANSUR','','1900-01-01','1900-01-01',0,0,NULL,NULL),(268,43062275,'LUCAS','','RODRIGUEZ','','1900-01-01','1900-01-01',0,0,NULL,NULL),(269,36707330,'EMMANUEL','','VILLEGAS','','2023-04-12','1900-01-01',0,1,NULL,NULL),(270,45836909,'TOBIAS','','WYSS','','2023-04-12','1900-01-01',0,1,NULL,NULL),(271,40922322,'ADRIAN','','MARTORINO','','1900-01-01','1900-01-01',0,0,NULL,NULL),(272,36354635,'MIGUEL','','SASTRE','','1900-01-01','1900-01-01',0,0,NULL,NULL),(273,44974693,'IVAN','','REYES','','1900-01-01','1900-01-01',0,0,NULL,NULL),(274,42982840,'MATIAS','','CANTARUTTI','','1900-01-01','1900-01-01',0,0,NULL,NULL),(275,34542597,'OSVALDO','','ERRANDORENA','','1900-01-01','1900-01-01',0,0,NULL,NULL),(276,45088866,'GABRIEL','','SALINELLI','','1900-01-01','1900-01-01',0,0,NULL,NULL),(277,45352705,'MATIAS','','LAZO','','2023-06-29','2003-12-31',0,1,NULL,NULL),(278,29161025,'PEDRO','','ORODA','','1900-01-01','1900-01-01',0,0,NULL,NULL),(279,45095222,'CARLOS','LEONEL','PALAU','','1900-01-01','1900-01-01',0,0,NULL,NULL),(280,38158188,'AXEL','ARIEL','TURRIN','','2023-07-18','1996-11-25',0,1,NULL,NULL),(281,45485423,'FEDERICO','','NEYRA','','1900-01-01','1900-01-01',0,0,NULL,NULL),(282,35669686,'RICARDO','ALFREDO','VILLALBA','','2023-07-18','1990-10-23',0,1,NULL,NULL),(283,45836980,'TICIANO','','RODRIGUEZ','','2023-08-02','2004-09-15',0,1,NULL,NULL),(284,39326346,'GERMAN',NULL,'BELTRAN',NULL,'2024-02-01','1996-01-11',0,1,NULL,NULL),(285,37232760,'SANTIAGO','NICOLAS','BAIOCCHI','','2024-02-02','1993-04-16',0,1,NULL,NULL),(286,24726499,'FERNANDO','ARIEL','DOMINGUEZ','','2024-02-19','1975-06-01',0,1,NULL,NULL),(287,38164470,'DANIEL','ELIAS','JARA','','2024-03-01','1994-10-29',0,1,NULL,NULL),(288,39545974,'WILLIAMS','JOEL','VIJARRA','','1900-01-01','1900-01-01',0,0,NULL,NULL),(289,41280065,'FACUNDO','SEBASTIAN','BURGOS','','2024-03-01','1998-09-17',0,1,NULL,NULL),(290,44296925,'FRANCISCO','LUIS','FUENTES','','2024-03-01','2002-08-15',0,1,NULL,NULL),(291,45485428,'LEONEL',NULL,'MANSILLA','ZABALA','2024-06-11','2004-04-24',0,0,NULL,NULL),(292,45937356,'BENJAMIN','JOSUE','GIMENEZ',NULL,'2024-06-11','2004-10-25',0,1,NULL,NULL),(293,44898882,'LEONARLO','DAVID','CROGNALI','','2024-06-11','2003-06-10',0,1,NULL,NULL),(294,43675844,'LUCAS','ALEJANDRO','FUSI','','2024-06-11','2002-03-09',0,1,NULL,NULL),(295,37232833,'BLAS',NULL,'GOLINELLI',NULL,'2024-06-11','1993-06-07',0,1,NULL,NULL),(296,41484145,'FACUNDO','FABIAN','PIERMARINI',NULL,'2024-06-11','1999-03-24',0,1,NULL,NULL),(297,46512137,'AGUSTIN',NULL,'MORANGE',NULL,'2024-06-11','2005-08-08',0,1,'',NULL);
/*!40000 ALTER TABLE `reloj_fichador_operario` ENABLE KEYS */;
UNLOCK TABLES;

--
-- Table structure for table `reloj_fichador_operario_areas`
--

DROP TABLE IF EXISTS `reloj_fichador_operario_areas`;
/*!40101 SET @saved_cs_client     = @@character_set_client */;
/*!50503 SET character_set_client = utf8mb4 */;
CREATE TABLE `reloj_fichador_operario_areas` (
  `id` bigint NOT NULL AUTO_INCREMENT,
  `operario_id` bigint NOT NULL,
  `area_id` bigint NOT NULL,
  PRIMARY KEY (`id`),
  UNIQUE KEY `reloj_fichador_operario_areas_operario_id_area_id_ec8cde3d_uniq` (`operario_id`,`area_id`),
  KEY `reloj_fichador_opera_area_id_6f03f9f9_fk_reloj_fic` (`area_id`),
  CONSTRAINT `reloj_fichador_opera_area_id_6f03f9f9_fk_reloj_fic` FOREIGN KEY (`area_id`) REFERENCES `reloj_fichador_area` (`id`),
  CONSTRAINT `reloj_fichador_opera_operario_id_93df0c4a_fk_reloj_fic` FOREIGN KEY (`operario_id`) REFERENCES `reloj_fichador_operario` (`id`)
) ENGINE=InnoDB AUTO_INCREMENT=27 DEFAULT CHARSET=utf8mb4 COLLATE=utf8mb4_0900_ai_ci;
/*!40101 SET character_set_client = @saved_cs_client */;

--
-- Dumping data for table `reloj_fichador_operario_areas`
--

LOCK TABLES `reloj_fichador_operario_areas` WRITE;
/*!40000 ALTER TABLE `reloj_fichador_operario_areas` DISABLE KEYS */;
INSERT INTO `reloj_fichador_operario_areas` VALUES (26,1,2),(8,6,6),(22,16,7),(21,29,1),(20,30,1),(14,66,3),(16,108,1),(4,142,10),(23,160,13),(6,203,7),(19,204,1),(11,214,14),(24,238,6),(18,246,1),(15,254,1),(17,262,13),(12,284,3),(5,291,13),(10,292,13),(7,295,14),(13,296,13),(9,297,13),(25,297,15);
/*!40000 ALTER TABLE `reloj_fichador_operario_areas` ENABLE KEYS */;
UNLOCK TABLES;

--
-- Table structure for table `reloj_fichador_registroasistencia`
--

DROP TABLE IF EXISTS `reloj_fichador_registroasistencia`;
/*!40101 SET @saved_cs_client     = @@character_set_client */;
/*!50503 SET character_set_client = utf8mb4 */;
CREATE TABLE `reloj_fichador_registroasistencia` (
  `id` bigint NOT NULL AUTO_INCREMENT,
  `fecha` date NOT NULL,
  `estado_asistencia` varchar(10) NOT NULL,
  `estado_justificacion` tinyint(1) NOT NULL,
  `descripcion` longtext,
  `operario_id` bigint NOT NULL,
  PRIMARY KEY (`id`),
  UNIQUE KEY `reloj_fichador_registroa_operario_id_fecha_91524c0a_uniq` (`operario_id`,`fecha`),
  CONSTRAINT `reloj_fichador_regis_operario_id_19ebd8a6_fk_reloj_fic` FOREIGN KEY (`operario_id`) REFERENCES `reloj_fichador_operario` (`id`)
) ENGINE=InnoDB AUTO_INCREMENT=1013 DEFAULT CHARSET=utf8mb4 COLLATE=utf8mb4_0900_ai_ci;
/*!40101 SET character_set_client = @saved_cs_client */;

--
-- Dumping data for table `reloj_fichador_registroasistencia`
--

LOCK TABLES `reloj_fichador_registroasistencia` WRITE;
/*!40000 ALTER TABLE `reloj_fichador_registroasistencia` DISABLE KEYS */;
INSERT INTO `reloj_fichador_registroasistencia` VALUES (1010,'2024-12-16','presente',0,NULL,1),(1011,'2024-12-17','ausente',0,NULL,1),(1012,'2024-12-17','presente',0,NULL,142);
/*!40000 ALTER TABLE `reloj_fichador_registroasistencia` ENABLE KEYS */;
UNLOCK TABLES;

--
-- Table structure for table `reloj_fichador_registrodiario`
--

DROP TABLE IF EXISTS `reloj_fichador_registrodiario`;
/*!40101 SET @saved_cs_client     = @@character_set_client */;
/*!50503 SET character_set_client = utf8mb4 */;
CREATE TABLE `reloj_fichador_registrodiario` (
  `id_registro` int NOT NULL AUTO_INCREMENT,
  `hora_fichada` datetime(6) DEFAULT NULL,
  `tipo_movimiento` varchar(20) NOT NULL,
  `operario_id` bigint NOT NULL,
  `origen_fichada` varchar(10) NOT NULL,
  `inconsistencia` tinyint(1) NOT NULL,
  `valido` tinyint(1) NOT NULL,
  `descripcion_inconsistencia` longtext,
  PRIMARY KEY (`id_registro`),
  KEY `reloj_fichador_regis_operario_id_75f4af8c_fk_reloj_fic` (`operario_id`),
  KEY `reloj_ficha_operari_7b299b_idx` (`operario_id`),
  KEY `reloj_ficha_hora_fi_0ff313_idx` (`hora_fichada`),
  CONSTRAINT `reloj_fichador_regis_operario_id_75f4af8c_fk_reloj_fic` FOREIGN KEY (`operario_id`) REFERENCES `reloj_fichador_operario` (`id`)
) ENGINE=InnoDB AUTO_INCREMENT=870 DEFAULT CHARSET=utf8mb4 COLLATE=utf8mb4_0900_ai_ci;
/*!40101 SET character_set_client = @saved_cs_client */;

--
-- Dumping data for table `reloj_fichador_registrodiario`
--

LOCK TABLES `reloj_fichador_registrodiario` WRITE;
/*!40000 ALTER TABLE `reloj_fichador_registrodiario` DISABLE KEYS */;
INSERT INTO `reloj_fichador_registrodiario` VALUES (857,'2024-12-16 20:25:31.000000','entrada',1,'Manual',0,1,NULL),(859,'2024-12-17 05:25:00.000000','salida',1,'Manual',0,1,NULL),(860,'2024-12-17 07:28:33.000000','entrada',142,'Auto',0,1,NULL),(861,'2024-12-17 11:29:00.413654','salida_transitoria',142,'Auto',0,1,NULL),(862,'2024-12-17 11:29:34.000000','entrada_transitoria',142,'Manual',0,1,NULL),(863,'2024-12-17 12:19:21.000000','salida',142,'Manual',0,1,NULL),(866,'2024-12-17 13:00:25.373165','entrada',142,'Auto',1,0,'Fichada con inconsistencia por decisión del operario.'),(867,'2024-12-17 13:00:57.686718','salida',142,'Auto',1,0,'Fichada con inconsistencia por decisión del operario.');
/*!40000 ALTER TABLE `reloj_fichador_registrodiario` ENABLE KEYS */;
UNLOCK TABLES;
/*!40103 SET TIME_ZONE=@OLD_TIME_ZONE */;

/*!40101 SET SQL_MODE=@OLD_SQL_MODE */;
/*!40014 SET FOREIGN_KEY_CHECKS=@OLD_FOREIGN_KEY_CHECKS */;
/*!40014 SET UNIQUE_CHECKS=@OLD_UNIQUE_CHECKS */;
/*!40101 SET CHARACTER_SET_CLIENT=@OLD_CHARACTER_SET_CLIENT */;
/*!40101 SET CHARACTER_SET_RESULTS=@OLD_CHARACTER_SET_RESULTS */;
/*!40101 SET COLLATION_CONNECTION=@OLD_COLLATION_CONNECTION */;
/*!40111 SET SQL_NOTES=@OLD_SQL_NOTES */;

-- Dump completed on 2024-12-18  1:51:19
